"ID"	"No."	"NOM_MUN"	"Rubro"	"Ejercicio"	"Obra"	"Localidad"	"Habitantes beneficiados"	"Ejecutora"	"Trabajos"	"tiene_geo"
"1001_San Bartolo Tutotepec"	1001	"San Bartolo Tutotepec"	"Vivienda Asequible"	2024	"Construcción de cuartos dormitorios en el municipio de San Bartolo Tutotepec"	"El Nandho, El Piñal, El Veinte, La Joya, Palo Gordo, Rancho Nuevo, San Jerónimo"	NA	"CEVI"	"Considera los trabajos de construcción de cuarto dormitorio en terreno del beneficiario."	TRUE
"1005_San Bartolo Tutotepec"	1005	"San Bartolo Tutotepec"	"Vivienda Asequible"	2023	"Construcción de 30 cuartos dormitorio en el municipio de San Bartolo Tutotepec y Tenango de Doria"	"Piedra Ancha,San Miguel"	NA	"CEVI"	"Considera los trabajos de construcción de cuarto dormitorio en terreno del beneficiario."	TRUE
"101_Atlapexco"	101	"Atlapexco"	"Infraestructura Carretera"	2024	"Rehabilitación de la Carretera Atlapexco a Lolotla, Tramo: Acceso a la localidad de Itzócal, municipio de Atlapexco"	"Itzócal"	1113	NA	"Considera trabajos para la reconstrucción y/o conservación de Infraestructura Carretera en la localidad de Itzócal municipio de Atlapexco"	TRUE
"1011_San Bartolo Tutotepec"	1011	"San Bartolo Tutotepec"	"Vivienda Asequible"	2022	"Construcción de cuarto dormitorio, en el municipio de San Bartolo Tutotepec"	"Varias"	NA	"DGIVC"	"Considera los trabajos de construcción de cuarto dormitorio en terreno del beneficiario."	TRUE
"1012_San Bartolo Tutotepec"	1012	"San Bartolo Tutotepec"	"Vivienda Asequible"	2022	"Construcción de Cuarto Dormitorio, en el municipio de San Bartolo Tutotepec"	"Varias"	176	"DGIVC"	"Considera los trabajos de construcción de cuarto dormitorio en terreno del beneficiario."	TRUE
"1025_San Felipe Orizatlán"	1025	"San Felipe Orizatlán"	"Vivienda Asequible"	2022	"Construcción de cuarto dormitorio, en el municipio de San Felipe Orizatlán"	"Varias"	NA	"DGCCE"	"Considera los trabajos de construcción de cuarto dormitorio en terreno del beneficiario."	TRUE
"1026_San Felipe Orizatlán"	1026	"San Felipe Orizatlán"	"Infraestructura Carretera"	2024	"Rehabilitación de camino de Coacuilco a Pochotitla a Ahuimol, del Km 0.000 al Km 1.310, en el municipio de San Felipe Orizatlán."	"Varias"	NA	"DGIyVC"	"Considera trabajos para la reconstrucción y/o conservación de Infraestructura Carretera en la localidad de Varias municipio de San Felipe Orizatlán"	TRUE
"1032_San Salvador"	1032	"San Salvador"	"Infraestructura Carretera"	2022	"Reconstrucción a Chichimecas - Cañada Chica, Chichimecas, municipio de San salvador"	"Chichimecas"	479	"DGCCE"	"Considera trabajos para la reconstrucción y/o conservación de Infraestructura Carretera en la localidad de Chichimecas municipio de San Salvador"	TRUE
"1036_San Salvador"	1036	"San Salvador"	"Vivienda Asequible"	2024	"Construcción de cuartos dormitorios en el municipio de San Salvador"	"Demacu, San Antonio Zaragoza"	NA	"CEVI"	"Considera los trabajos de construcción de cuarto dormitorio en terreno del beneficiario."	TRUE
"1047_San Salvador"	1047	"San Salvador"	"Infraestructura Hídrica"	2023	"Construcción de sistema de agua potable San Antonio Zaragoza, Poxindejé de Morelos y Bocaja, municipio de San Salvador, estado de hidalgo, etapa dos de dos"	"San Antonio Zaragoza, Poxindejé de Morelos y Bocaja"	NA	"CEAA"	"Considera los trabajos de líneas de distribución con la instalación de tubería, tomas domiciliarias. en la localidad de San Antonio Zaragoza, Poxindejé de Morelos y Bocaja municipio de  San salvador"	TRUE
"1062_Santiago de Anaya"	1062	"Santiago de Anaya"	"Vivienda Asequible"	2024	"Construcción de cuartos dormitorios en el municipio de Santiago de Anaya"	"El Encino, El Palmar, González González, González Ortega, Hermosillo Monte Noble, La Blanca (Taxtho La Blanca), Patria Nueva, Santa Mónica, Santiago De Anaya, Yolotepec, Zaragoza"	NA	"CEVI"	"Considera los trabajos de construcción de cuarto dormitorio en terreno del beneficiario."	TRUE
"107_Atlapexco"	107	"Atlapexco"	"Vivienda Asequible"	2022	"Construcción de Cuarto Dormitorio, en el municipio de Atlapexco"	"Varias"	60	"DGIVC"	"Considera los trabajos de construcción de cuarto dormitorio en terreno del beneficiario."	FALSE
"1070_Santiago de Anaya"	1070	"Santiago de Anaya"	"Infraestructura Hídrica"	2024	"Equipamiento de pozo de agua potable y línea de conducción de abastecimiento,  para el sistema de agua potable en la localidad de Sección Sur"	"Sección Sur"	2676	"CEAA"	"Considera los trabajos para la rehabilitación y equipamiento de pozo en el  municipio deSantiago de Anaya"	TRUE
"1071_Santiago de Anaya"	1071	"Santiago de Anaya"	"Infraestructura Carretera"	2023	"Pavimentación Hidráulica en acceso principal Boxaxni - Santa Mónica el Sitio (Segunda Etapa) ."	"Varias"	NA	"DGOPI"	"Considera los trabajos de preliminares y pavimento hidráulico."	TRUE
"1072_Santiago de Anaya"	1072	"Santiago de Anaya"	"Infraestructura Carretera"	2024	"Modernización y ampliación del C.R. Pozuelos - El Palmar; tramo del km 0+000 al 12+209, subtramo: del km 6+770 al km 12+209"	"Varias"	NA	"DGCCE"	"Considera los trabajos de modernización del camino rural en el municipio de Santiago de Anaya."	TRUE
"1082_Singuilucan"	1082	"Singuilucan"	"Infraestructura Carretera"	2024	"Pavimentación asfáltica de carretera Singuilucan - Francisco I Madero, tramo: La Conchita - La Gloria, en el municipio de Singuilucan"	"Varias"	NA	"DGIVC"	"Considera los trabajos de capa subbase, riego de impregnación, suministro y aplicación de riego de liga con emulsión asfáltica"	TRUE
"1084_Tasquillo"	1084	"Tasquillo"	"Vivienda Asequible"	2024	"Construcción de cuartos dormitorios en el municipio de Tasquillo"	"Bondhí, Danghu, El Durazno, Portezuelo, Remedios, San Antonio Caltimacán, San Isidro, Tasquillo"	NA	"CEVI"	"Considera los trabajos de construcción de cuarto dormitorio en terreno del beneficiario."	TRUE
"1088_Tasquillo"	1088	"Tasquillo"	"Infraestructura Hídrica"	2024	"Rehabilitación de tubería de agua potable en la localidad de La Florida"	"La Florida"	18	"CEAA"	"Considera los trabajos de mejoramiento en Infraestructura hídrica en la localidad de La Florida municipio de Tasquillo"	TRUE
"1096_Tasquillo"	1096	"Tasquillo"	"Vivienda Asequible"	2022	"Construcción de cuarto dormitorio, en el municipio de Tasquillo"	"Varias"	NA	"DGCCE"	"Considera los trabajos de construcción de cuarto dormitorio en terreno del beneficiario."	TRUE
"11_Acaxochitlán"	11	"Acaxochitlán"	"Vivienda Asequible"	2024	"Construcción de cuartos dormitorios en el municipio de Acaxochitlán"	"La Boveda, San Mateo"	8	"CEVI"	"Considera los trabajos de construcción de cuarto dormitorio en terreno del beneficiario."	TRUE
"1100_Tecozautla"	1100	"Tecozautla"	"Vivienda Asequible"	2024	"Construcción de cuartos dormitorios en el municipio de Tecozautla"	"Bomanxotha, Gandho, Manguaní, Pañhé, Pared Blanca"	NA	"CEVI"	"Considera los trabajos de construcción de cuarto dormitorio en terreno del beneficiario."	TRUE
"1103_Tecozautla"	1103	"Tecozautla"	"Infraestructura Hídrica"	2023	"Reubicación y perforación de pozo de uso público urbano para abastecer a las comunidades de Guadalupe, Bajhí, El Palmar, San José del Desierto, municipio de Tecozautla"	"Guadalupe, Bajhí, El Palmar, San José del Desierto"	NA	"CEAA"	"Considera los trabajos para la rehabilitación y equipamiento de pozo en las localidades de  Guadalupe, Bajhí, El Palmar, San José del Desierto municipio de Tecozautla"	TRUE
"1109_Tecozautla"	1109	"Tecozautla"	"Infraestructura Carretera"	2023	"Reconstrucción del camino Gandhó - Rancho Viejo - El Geiser - La Salitrera - Uxdejhe (Estatal 101) del Km 0+000 Al Km 4+000, en el municipio Tecozautla."	"Varias"	NA	"DGOPI"	"Considera trabajos para la reconstrucción y/o conservación de Infraestructura Carretera en la localidad de Varias municipio de Tecozautla"	TRUE
"1110_Tenango de Doria"	1110	"Tenango de Doria"	"Vivienda Asequible"	2024	"Construcción de cuartos dormitorios en el municipio de Tenango de Doria"	"Agua Zarca, Cerro Chiquito, El Aguacate, El Dequeña, El Xuthi, Huasquilla, La Palizada, Linda Vista, Los Ahilares, San Isidro La Laguna, Santa María Temaxcalapa, Tenango De Doria"	NA	"CEVI"	"Considera los trabajos de construcción de cuarto dormitorio en terreno del beneficiario."	TRUE
"1113_Tenango de Doria"	1113	"Tenango de Doria"	"Infraestructura Carretera"	2023	"Reconstrucción de la C.E. Tenango de Doria al Desdavi."	"El Desdavi"	2785	"DGCCE"	"Considera trabajos para la reconstrucción y/o conservación de Infraestructura Carretera en la localidad de El Desdavi municipio de Tenango de Doria"	TRUE
"1126_Tenango de Doria"	1126	"Tenango de Doria"	"Infraestructura Carretera"	2022	"Reconstrucción carretera estatal Tenango de Doria - Huehuetla, subtramo: Santa María Temascalapa - Huehuetla tres tramos, municipios de Tenango de Doria y Huehuetla"	"Varias"	17202	"DGCCE"	"Considera trabajos para la reconstrucción y/o conservación de Infraestructura Carretera en la localidad de Varias municipio de Tenango de Doria"	TRUE
"1127_Tenango de Doria"	1127	"Tenango de Doria"	"Infraestructura Carretera"	2024	"Pavimentación de carpeta asfáltica C.M. San Nicolás - San Pablo El Grande, municipio de Tenango de Doria"	"Varias"	NA	"DGCCE"	"Considera los trabajos de la operación de escarificación, disgregado,  suministro y aplicación de riego de liga con emulsión asfáltica."	TRUE
"1140_Tepeapulco"	1140	"Tepeapulco"	"Vivienda Asequible"	2024	"Construcción de cuartos dormitorios en el municipio de Tepeapulco"	"Fray Bernardino De Sahagún (Ciudad Sahagún), Los Cides"	NA	"CEVI"	"Considera los trabajos de construcción de cuarto dormitorio en terreno del beneficiario."	TRUE
"1146_Tepeapulco"	1146	"Tepeapulco"	"Vivienda Asequible"	2023	"Programa para la ampliación de  vivienda modalidad construcción de cuarto dormitorio en los municipios de Tepeapulco, Tulancingo de Bravo  y Zapotlán"	"Acayuca,Fray Bernardino de Sahagén (Ciudad Sahagén),Los Reyes,San Pedro Huaquilpan,Santa Ana Hueytlalpan,Tepeapulco,Tulancingo,Zapotlán de Juárez"	NA	"CEVI"	"Modalidad ampliación de vivienda para la construcción de cuarto dormitorio en terreno del beneficiario."	TRUE
"1146_Tulancingo de Bravo"	1146	"Tulancingo de Bravo"	"Vivienda Asequible"	2023	"Programa para la ampliación de  vivienda modalidad construcción de cuarto dormitorio en los municipios de Tepeapulco, Tulancingo de Bravo  y Zapotlán"	"Acayuca,Fray Bernardino de Sahagén (Ciudad Sahagén),Los Reyes,San Pedro Huaquilpan,Santa Ana Hueytlalpan,Tepeapulco,Tulancingo,Zapotlán de Juárez"	NA	"CEVI"	"Modalidad ampliación de vivienda para la construcción de cuarto dormitorio en terreno del beneficiario."	TRUE
"1146_Zapotlán de Juárez"	1146	"Zapotlán de Juárez"	"Vivienda Asequible"	2023	"Programa para la ampliación de  vivienda modalidad construcción de cuarto dormitorio en los municipios de Tepeapulco, Tulancingo de Bravo  y Zapotlán"	"Acayuca,Fray Bernardino de Sahagén (Ciudad Sahagén),Los Reyes,San Pedro Huaquilpan,Santa Ana Hueytlalpan,Tepeapulco,Tulancingo,Zapotlán de Juárez"	NA	"CEVI"	"Modalidad ampliación de vivienda para la construcción de cuarto dormitorio en terreno del beneficiario."	TRUE
"1147_Tepehuacán de Guerrero"	1147	"Tepehuacán de Guerrero"	"Vivienda Asequible"	2024	"Construcción de cuartos dormitorios en el municipio de Tepehuacán de Guerrero"	"Acoyotla, Cahuazas De Morelos (Rancho Alegre), Chilijapa, San Andrés"	NA	"CEVI"	"Considera los trabajos de construcción de cuarto dormitorio en terreno del beneficiario."	TRUE
"1148_Tepehuacán de Guerrero"	1148	"Tepehuacán de Guerrero"	"Vivienda Asequible"	2023	"Construcción de 26 cuartos dormitorio en el municipio de Tepehuacán de Guerrero"	"Acoyotla,Chilijapa,Cuatolol,Teyahuala,Xilitla"	NA	"CEVI"	"Considera los trabajos de construcción de cuarto dormitorio en terreno del beneficiario."	TRUE
"1163_Tepehuacán de Guerrero"	1163	"Tepehuacán de Guerrero"	"Vivienda Asequible"	2022	"Construcción de Cuarto Dormitorio, en el municipio de Tepehuacán de Guerrero"	"Varias"	48	"DGCCE"	"Considera los trabajos de construcción de cuarto dormitorio en terreno del beneficiario."	TRUE
"1164_Tepehuacán de Guerrero"	1164	"Tepehuacán de Guerrero"	"Infraestructura Carretera"	2024	"Rehabilitación de camino de Zacualtipanito a Petlapixca, en el municipio de Tepehuacan de Guerrero."	"Varias"	NA	"DGOPI"	"Considera los trabajos de preliminares, revestimiento de camino en el municipio de Tepehuacán de Guerrero"	TRUE
"1165_Tepehuacán de Guerrero"	1165	"Tepehuacán de Guerrero"	"Infraestructura Carretera"	2024	"Reconstrucción de la C.E. Casetas Otongo, municipio de Tlanchinol."	"Varias"	NA	"DGOPI"	"Considera trabajos para la reconstrucción y/o conservación de Infraestructura Carretera en la localidad de Varias municipio de Tepehuacán de Guerrero"	TRUE
"119_Calnali"	119	"Calnali"	"Vivienda Asequible"	2024	"Construcción de cuartos dormitorios en el municipio de Calnali"	"Agiladero, Buenavista, Camotla, Coyula, Pezmatlán, San Andrés (San Andrés Chichayotla), Santa Lucía (Mesa de Santa Lucía)"	NA	"CEVI"	"Considera los trabajos de construcción de cuarto dormitorio en terreno del beneficiario."	TRUE
"1190_Tezontepec de Aldama"	1190	"Tezontepec de Aldama"	"Vivienda Asequible"	2024	"Construcción de cuartos dormitorios en el municipio de Tezontepec de Aldama"	"Atengo, Binola, El Chamizal, Huitel, Mangas, San Gabriel, Tezontepec de Aldama"	NA	"CEVI"	"Considera los trabajos de construcción de cuarto dormitorio en terreno del beneficiario."	TRUE
"1197_Tezontepec de Aldama"	1197	"Tezontepec de Aldama"	"Vialidades Urbanas"	2024	"Pavimentación hidráulica de avenida Revolución, San Gabriel Atengo - Achichilco, municipio de Tezontepec de Aldama."	"San Gabriel"	3062	"DGOPI"	"Considera los trabajos de preliminares, riego de impregnación, piso para pavimento de concreto Hidráulico, en la localidad de San Gabriel Atengo municipio de  Tezontepec de Aldama"	FALSE
"1199_Tezontepec de Aldama"	1199	"Tezontepec de Aldama"	"Vialidades Urbanas"	2023	"Pavimentación hidráulica en calle Jazmines, en la localidad de Tenango; en el municipio de Tezontepec de Aldama."	"Tenango"	1548	"DGIVC"	"Considera los trabajos de preliminares, piso para pavimento de concreto hidráulico."	TRUE
"1204_Tianguistengo"	1204	"Tianguistengo"	"Vivienda Asequible"	2022	"Construcción de Cuarto Dormitorio, en el municipio de Tianguistengo"	"Varias"	52	"DGIVC"	"Considera los trabajos de construcción de cuarto dormitorio en terreno del beneficiario."	TRUE
"1205_Tianguistengo"	1205	"Tianguistengo"	"Infraestructura Carretera"	2024	"Rehabilitación de la carretera Tianguistengo a Pemuxco, municipio de Tianguistengo"	"Varias"	NA	NA	"Considera trabajos para la reconstrucción y/o conservación de Infraestructura Carretera en la localidad de Varias municipio de Tianguistengo"	TRUE
"1208_Tizayuca"	1208	"Tizayuca"	"Vialidades Urbanas"	2023	"Pavimentación de concreto hidráulico en el acceso a Huitzila, tramo: E.C. Carr. México - Pachuca a la calle Campeche; en el municipio de Tizayuca."	"Tizayuca"	60265	"DGCCE"	"Considera los trabajos de preliminares, riego de impregnación, piso para pavimento de concreto hidráulico."	TRUE
"1209_Tizayuca"	1209	"Tizayuca"	"Vialidades Urbanas"	2023	"Pavimentación asfáltica circuito Pirules, municipio de Tizayuca."	"Tizayuca"	NA	"DGCCE"	"Considera los trabajos de capa subbase, riego de impregnación, suministro y aplicación de riego de liga con emulsión asfáltica"	TRUE
"1210_Tizayuca"	1210	"Tizayuca"	"Vialidades Urbanas"	2023	"Rehabilitación de pavimento asfáltico de la avenida Juárez, tramo: Blvd. Las Torres hacia E.C Libramiento Club Rotario, en el municipio de Tizayuca."	"Tizayuca"	NA	"DGCCE"	"Se realizan los siguientes trabajos: trazo y nivelación de plazas, suministro y aplicación de carpeta asfáltica compactado,  en el municipio de Tizayuca"	TRUE
"1212_Tizayuca"	1212	"Tizayuca"	"Vialidades Urbanas"	2024	"Rehabilitación del Boulevard Ejército Mexicano, tramo Glorieta del Soldado E.C.F. México Pachuca."	"Tizayuca"	NA	"DGIVC"	"Considera trabajos en la rehabilitación y/o mejoramiento de las vialidades urbanas en el muncipio de Tizayuca"	TRUE
"1213_Tizayuca"	1213	"Tizayuca"	"Infraestructura Hídrica"	2022	"Inversión de 2.8 mdp en la adquisición de 6 macromedidores para pozos, tanques y cárcamos principales de Matilde y Tizayuca."	"Varias"	120960	"CAASIM"	"Considera los trabajos para la rehabilitación y equipamiento de pozo el municipio deTizayuca"	TRUE
"1219_Tlahuiltepa"	1219	"Tlahuiltepa"	"Vivienda Asequible"	2024	"Construcción de cuartos dormitorios en el municipio de Tlahuiltepa"	"Calderones, Cerro Del Águila, El Duraznito, Itztamichapa, Las Manzanas, Lázaro Cárdenas, Palo Perdido, San Marcos"	NA	"CEVI"	"Considera los trabajos de construcción de cuarto dormitorio en terreno del beneficiario."	TRUE
"1222_Tlahuiltepa"	1222	"Tlahuiltepa"	"Infraestructura Carretera"	2024	"Construye tu camino del tramo Las Manzanas - El Roble, en el municipio de Tlahuiltepa."	"Las Manzanas, El Roble"	NA	"DGCCE"	"Considera los trabajos de construcción de huellas de concreto hidráulico y empedrado en la localidad, el cual consta de terracerías y pisos de concreto."	TRUE
"1229_Tlahuiltepa"	1229	"Tlahuiltepa"	"Infraestructura Hídrica"	2022	"Construcción de sanitario con biodigestor, en el municipio de Tlahuiltepa"	"Varias"	NA	"SIPDUS"	"Considera los trabajos instalación hidráulica, instalación eléctrica, instalación de biodigestor, acabados y albañilería, excavación de biodigestor."	TRUE
"1230_Tlahuiltepa"	1230	"Tlahuiltepa"	"Vivienda Asequible"	2022	"Construcción de Cuarto Dormitorio, en el municipio de Tlahuiltepa"	"Varias"	NA	"DGCCE"	"Considera los trabajos de construcción de cuarto dormitorio en terreno del beneficiario."	TRUE
"1231_Tlanalapa"	1231	"Tlanalapa"	"Infraestructura Hídrica"	2024	"Rehabilitación de red de agua potable en San Isidro, municipio de Tlanalapa."	"San Isidro (Fraccionamiento)"	1277	"DGIVC"	"Considera los trabajos de instalación de tubería, rellenos con material producto de excavación, prueba de la tubería en la comunidad."	TRUE
"1235_Tlanalapa"	1235	"Tlanalapa"	"Vialidades Urbanas"	2023	"Reconstrucción de calle asfáltica Tlanalapa - Chinconcuac; en el municipio de Tlanalapa"	"Varias"	NA	"DGOPI"	"Se realizan los siguientes trabajos: trazo y nivelación de plazas, suministro y aplicación de carpeta asfáltica compactado."	TRUE
"1236_Tlanchinol"	1236	"Tlanchinol"	"Infraestructura Carretera"	2023	"Rehabilitación del acceso a Acahuasco, del km 0+000 al km 6+000; en el municipio de Tlanchinol."	"Acahuasco"	1358	"DGCCE"	"Se consideran trabajos de revestimiento, cunetas y limpieza de cunetas."	TRUE
"1237_Tlanchinol"	1237	"Tlanchinol"	"Infraestructura Carretera"	2023	"Rehabilitación del tramo E.C. (Casetas - Otongo) - Amoxco, del Km 0+000 al Km 14+500."	"Amoxco"	345	"DGIVC"	"Se consideran trabajos de revestimiento, cunetas y limpieza de cunetas."	TRUE
"1238_Tlanchinol"	1238	"Tlanchinol"	"Infraestructura Hídrica"	2024	"PTAR Chichatla.- Reposición de muro de mampostería en laguna de oxidación, desazolve de laguna de oxidación y reposición de filtro, geomembrana y plantas macrófitos, reposición de 25 m de muro de mampostería y malla ciclónica de 2.00 m en cercado perimetral."	"Chichatla"	1217	"CEAA"	"Ejecuta trabajos para el mantenimiento y mejoramiento de la Planta de tratamiento en la localidad de Chichatla municipio de Tlanchinol."	TRUE
"1240_Tlanchinol"	1240	"Tlanchinol"	"Infraestructura Carretera"	2024	"Rehabilitación de camino E.C. de Tlanchinol a Hueyapa, a Cuatlimax, del Km 0.000 al Km 10.000, en el municipio de Tlanchinol."	"Cuatlimax"	2143	"DGCCE"	"Considera los trabajos de preliminares, revestimiento de camino en la localidad de Cuatlimax municipio de Tlanchinol"	TRUE
"1241_Tlanchinol"	1241	"Tlanchinol"	"Infraestructura Hídrica"	2022	"Construcción de planta de tratamiento en Hueyapa, municipio de Tlanchinol, etapa dos de tres"	"Hueyapa"	1472	"CEAA"	"Considera los trabajos para la  Construcción de la planta de tratamiento de aguas residuales en la localidad de Hueyapa municipio de Tlanchinol."	TRUE
"1245_Tlanchinol"	1245	"Tlanchinol"	"Infraestructura Carretera"	2023	"Rehabilitación del tramo E.C. (Orizatlán - San José) - Rancho Nuevo, del km 0+000 al km 2+000; en el municipio de Tlanchinol."	"Rancho Nuevo"	111	"DGIVC"	"Se consideran trabajos de revestimiento, cunetas y limpieza de cunetas."	TRUE
"1250_Tlanchinol"	1250	"Tlanchinol"	"Infraestructura Carretera"	2024	"Rehabilitación de la carretera de Temango a Santa Lucía a Pahuayo, municipio de Tlanchinol"	"Santa Lucía"	687	NA	"Considera trabajos para la reconstrucción y/o conservación de Infraestructura Carretera en la localidad de Santa Lucía municipio de Tlanchinol"	TRUE
"1253_Tlanchinol"	1253	"Tlanchinol"	"Infraestructura Carretera"	2024	"Rehabilitación del camino a Tierra Colorada, municipio de Tlanchinol"	"Tierra Colorada"	345	NA	"Considera trabajos para la reconstrucción y/o conservación de Infraestructura Carretera en la localidad de Tierra Colorada municipio de Tlanchinol"	TRUE
"1258_Tlanchinol"	1258	"Tlanchinol"	"Vivienda Asequible"	2022	"Construcción de cuarto dormitorio, en el municipio de Tlanchinol"	"Varias"	NA	"DGCCE"	"Considera los trabajos de construcción de cuarto dormitorio en terreno del beneficiario."	TRUE
"1259_Tlanchinol"	1259	"Tlanchinol"	"Vivienda Asequible"	2022	"Construcción de Cuarto Dormitorio, en el municipio de Tlanchinol"	"Varias"	NA	"DGCCE"	"Considera los trabajos de construcción de cuarto dormitorio en terreno del beneficiario."	TRUE
"1260_Tlanchinol"	1260	"Tlanchinol"	"Infraestructura Carretera"	2024	"Rehabilitación de camino E.C. de Tlanchinol a Apantlazol, tramo Chichatla a Xochititla, del Km 0.000 al Km 10.000, en el municipio de Tlanchinol."	"Varias"	NA	"DGCCE"	"Considera los trabajos de preliminares, revestimiento de camino en el municipio de Tlanchinol"	TRUE
"1261_Tlanchinol"	1261	"Tlanchinol"	"Infraestructura Carretera"	2024	"Reconstrucción de la C.E. Tlanchinol a Hueyapa a Temango, en el municipio de Tlanchinol"	"Varias"	NA	"DGCCE"	"Considera trabajos para la reconstrucción y/o conservación de Infraestructura Carretera en la localidad de Varias municipio de Tlanchinol"	TRUE
"1274_Tula de Allende"	1274	"Tula de Allende"	"Infraestructura Hídrica"	2023	"Ampliación del sistema de agua potable en la localidad de Nantzha etapa tres de tres, Tula de Allende."	"Nantzha"	1944	"CEAA"	"Se tiene la instalación de válvulas en línea de alimentación con su respectiva caja de operación de válvulas."	TRUE
"1275_Tula de Allende"	1275	"Tula de Allende"	"Infraestructura Hídrica"	2023	"Mejoramiento y adecuación de la red de alcantarillado del Centro del Municipio de Tula de Allende&#9;"	"Tula de Allende"	29390	"SIPDUS"	"Considera los trabajos de excavaciones y rellenos, descargas domiciliarias, red de alcantarillado."	TRUE
"1276_Tula de Allende"	1276	"Tula de Allende"	"Espacios Públicos"	2023	"Rehabilitación en fachadas y policarbonato del CRIRH, sede Tula de Allende."	"Tula de Allende"	NA	"DGOPI"	"Considera trabajos en infraestructura del Espacio Público en el municipio de Tula de Allende."	TRUE
"1277_Tula de Allende"	1277	"Tula de Allende"	"Espacios Públicos"	2022	"Mejoramiento del CERESO de Tula de Allende"	"Tula de Allende"	NA	"DGOPI"	"Considera trabajos en infraestructura en Seguridad Pública en CERESO en el municipio de Tula de Allende."	TRUE
"1278_Tula de Allende"	1278	"Tula de Allende"	"Espacios Públicos"	2024	"Mejoramiento y ampliación al CERESO Tula de Allende"	"Tula de Allende"	29390	"DGOPI"	"Considera trabajos en infraestructura en Seguridad Pública en CERESO en el municipio de Tula de Allende."	TRUE
"1279_Tula de Allende"	1279	"Tula de Allende"	"Infraestructura Hídrica"	2022	"Adecuación, puesta en marcha y estabilización de 5 plantas potabilizadoras y 2 desgasificadoras de la región Tula-Tepetitlán (etapa 1 de 3)"	"Varias"	29390	"CEAA"	"Considera para la adecuación, puesta en marcha y estabilización de plantas potabilizadoras en el municipio de Tula de Allende."	TRUE
"1280_Tula de Allende"	1280	"Tula de Allende"	"Infraestructura Carretera"	2023	"Reconstrucción de la C.E. Tula de Allende - Zaragoza; en el municipio de Tula de Allende"	"Varias"	NA	"DGCCE"	"Considera trabajos para la reconstrucción y/o conservación de Infraestructura Carretera en la localidad de Varias municipio de Tula de Allende"	TRUE
"1281_Tula de Allende"	1281	"Tula de Allende"	"Vialidades Urbanas"	2023	"Reconstrucción de acceso a las col. de Satelite, Violetas, Galaxia I y Galaxia II, en el municipio de Tula de Allende."	"Varias"	NA	"DGCCE"	"Considera trabajos en la rehabilitación y/o mejoramiento de las vialidades urbanas en el muncipio de Tula de Allende"	TRUE
"1282_Tula de Allende"	1282	"Tula de Allende"	"Espacios Públicos"	2024	"Construcción de puente peatonal El Chamizal, San Marcos - El Carmen, en el municipio de Tula de Allende"	"Varias"	NA	"DGIVC"	"Considera trabajos en infraestructura del Espacio Público en el municipio de Tula de Allende."	TRUE
"1284_Tula de Allende"	1284	"Tula de Allende"	"Infraestructura Carretera"	2024	"Reconstrucción de la carretera Tula - Xochitlán, en el municipio de Tula de Allende"	"Xochitlán de Las Flores"	1773	"DGIVC"	"Considera trabajos para la reconstrucción y/o conservación de Infraestructura Carretera en la localidad de Xochitlán de Las Flores municipio de Tula de Allende"	TRUE
"1289_Tulancingo de Bravo"	1289	"Tulancingo de Bravo"	"Vialidades Urbanas"	2023	"Construcción de pavimentación hidráulica en la calle de acceso al IMSS, Subdelegación Tulancingo, en el municipio de Tulancingo"	"Santa María El Chico"	749	"DGOPI"	"Considera los trabajos de preliminares, piso para pavimento de concreto hidráulico."	FALSE
"1290_Tulancingo de Bravo"	1290	"Tulancingo de Bravo"	"Vialidades Urbanas"	2024	"Terminación de la pavimentación del acceso al IMSS, en el municipio de Tulancingo de Bravo"	"Santa María El Chico"	5308	"DGIVC"	"Considera trabajos en la rehabilitación y/o mejoramiento de las vialidades urbanas en la localidad de Santa María El Chico muncipio de Tulancingo de Bravo"	FALSE
"1294_Tulancingo de Bravo"	1294	"Tulancingo de Bravo"	"Infraestructura Carretera"	2023	"Construcción del Distribuidor Vial Entronque Carretera Federal Tuxpan - Jaltepec, en el Municipio de Tulancingo de Bravo."	"Tulancingo"	NA	"DGIVC"	"Terracerías, obras de drenjaje pluvial, base hidráulica, guaniciones y banquetas, señalamiento."	FALSE
"1298_Tulancingo de Bravo"	1298	"Tulancingo de Bravo"	"Vivienda Asequible"	2024	"Construcción de cuartos dormitorios en el municipio de Tulancingo de Bravo"	"Tulancingo"	NA	"CEVI"	"Considera los trabajos de construcción de cuarto dormitorio en terreno del beneficiario."	FALSE
"130_Calnali"	130	"Calnali"	"Infraestructura Carretera"	2024	"Rehabilitación del camino Pezmatlán a Tula, en la localidad de Tula, municipio de Calnali"	"Tula"	337	NA	"Considera los trabajos de preliminares, revestimiento de camino en la localidad de Tula municipio de Calnali"	TRUE
"1300_Tulancingo de Bravo"	1300	"Tulancingo de Bravo"	"Infraestructura Carretera"	2024	"Rehabilitación de la carretera paso por Tulancingo, municipio de Tulancingo de Bravo"	"Tulancingo"	NA	NA	"Considera trabajos para la reconstrucción y/o conservación de Infraestructura Carretera en la localidad de Tulancingo municipio de Tulancingo de Bravo"	FALSE
"1305_Varios"	1305	"Cobertura Estatal"	"Infraestructura Hídrica"	2023	"Indirectos para Supervisión Técnica"	"Varias"	NA	"CEAA"	"Se ejecutan acciones para la ejecución de obras en Infraestructura hídrica."	FALSE
"1306_Varios"	1306	"Cobertura Estatal"	"Infraestructura Hídrica"	2024	"AHC Hipoclorito de calcio"	"Varias"	NA	"CEAA"	"Realizar análisis de las características físico-químicas del agua ,con el ﬁn de conocer su calidad, detectar contaminantes presentes en el agua y veriﬁcar que se cumpla con la normatividad vigente para uso y consumo humano. Así mismo, se apoya a los municipios a prevenir el surgimiento de enfermedades por  contaminación del agua."	FALSE
"1307_Varios"	1307	"Cobertura Estatal"	"Infraestructura Hídrica"	2024	"ACS Hipoclorito de sodio"	"Varias"	NA	"CEAA"	"Realizar análisis de las características físico-químicas del agua ,con el ﬁn de conocer su calidad, detectar contaminantes presentes en el agua y veriﬁcar que se cumpla con la normatividad vigente para uso y consumo humano. Así mismo, se apoya a los municipios a prevenir el surgimiento de enfermedades por  contaminación del agua."	FALSE
"1308_Varios"	1308	"Cobertura Estatal"	"Infraestructura Hídrica"	2024	"EQ6Ad- Filtro domiciliario"	"Varias"	NA	"CEAA"	"Realizar análisis de las características físico-químicas del agua ,con el ﬁn de conocer su calidad, detectar contaminantes presentes en el agua y veriﬁcar que se cumpla con la normatividad vigente para uso y consumo humano. Así mismo, se apoya a los municipios a prevenir el surgimiento de enfermedades por  contaminación del agua."	FALSE
"1309_Varios"	1309	"Cobertura Estatal"	"Infraestructura Hídrica"	2024	"EQ6Ac- Filtro comunitario"	"Varias"	NA	"CEAA"	"Realizar análisis de las características físico-químicas del agua ,con el ﬁn de conocer su calidad, detectar contaminantes presentes en el agua y veriﬁcar que se cumpla con la normatividad vigente para uso y consumo humano. Así mismo, se apoya a los municipios a prevenir el surgimiento de enfermedades por  contaminación del agua."	FALSE
"1310_Varios"	1310	"Cobertura Estatal"	"Infraestructura Hídrica"	2024	"Atención Social y Participación Comunitaria"	"Varias"	NA	"CEAA"	"Realizar acciones a través de los Espacios de Cultura&#10;del Agua, con la ﬁnalidad de concientizar a la población hidalguense en el cuidado y preservación del vital líquido, así como del pago oportuno del servicio de agua."	FALSE
"1311_Varios"	1311	"Cobertura Estatal"	"Infraestructura Hídrica"	2024	"Fortalecimiento de Capacidades"	"Varias"	NA	"CEAA"	"Realizar acciones a través de los Espacios de Cultura&#10;del Agua, con la ﬁnalidad de concientizar a la población hidalguense en el cuidado y preservación del vital líquido, así como del pago oportuno del servicio de agua."	FALSE
"1312_Varios"	1312	"Cobertura Estatal"	"Infraestructura Hídrica"	2024	"Fortalecimiento de Espacios de Cultura del Agua"	"Varias"	NA	"CEAA"	"Realizar acciones a través de los Espacios de Cultura&#10;del Agua, con la ﬁnalidad de concientizar a la población hidalguense en el cuidado y preservación del vital líquido, así como del pago oportuno del servicio de agua."	FALSE
"1313_Varios"	1313	"Cobertura Estatal"	"Infraestructura Hídrica"	2024	"Material Didáctico Inédito de Cultura del Agua"	"Varias"	NA	"CEAA"	"Realizar acciones a través de los Espacios de Cultura&#10;del Agua, con la ﬁnalidad de concientizar a la población hidalguense en el cuidado y preservación del vital líquido, así como del pago oportuno del servicio de agua."	FALSE
"1314_Varios"	1314	"Cobertura Estatal"	"Infraestructura Hídrica"	2024	"Material Didáctico Adquirido de Cultura del Agua"	"Varias"	NA	"CEAA"	"Realizar acciones a través de los Espacios de Cultura&#10;del Agua, con la ﬁnalidad de concientizar a la población hidalguense en el cuidado y preservación del vital líquido, así como del pago oportuno del servicio de agua."	FALSE
"1315_Varios"	1315	"Cobertura Estatal"	"Infraestructura Hídrica"	2024	"DCA-01 Mobiliario de oficina para el laboratorio de calidad del agua"	"Varias"	NA	"CEAA"	"Realizar análisis de las características físico-químicas del agua ,con el ﬁn de conocer su calidad, detectar contaminantes presentes en el agua y veriﬁcar que se cumpla con la normatividad vigente para uso y consumo humano. Así mismo, se apoya a los municipios a prevenir el surgimiento de enfermedades por  contaminación del agua."	FALSE
"1316_Varios"	1316	"Cobertura Estatal"	"Infraestructura Hídrica"	2024	"DCA-02 Bienes informáticos para el laboratorio de calidad del agua"	"Varias"	NA	"CEAA"	"Realizar análisis de las características físico-químicas del agua ,con el ﬁn de conocer su calidad, detectar contaminantes presentes en el agua y veriﬁcar que se cumpla con la normatividad vigente para uso y consumo humano. Así mismo, se apoya a los municipios a prevenir el surgimiento de enfermedades por  contaminación del agua."	FALSE
"1317_Varios"	1317	"Cobertura Estatal"	"Infraestructura Hídrica"	2024	"DCA-03 Accesorios y suministros de laboratorio de calidad del agua"	"Varias"	NA	"CEAA"	"Realizar análisis de las características físico-químicas del agua ,con el ﬁn de conocer su calidad, detectar contaminantes presentes en el agua y veriﬁcar que se cumpla con la normatividad vigente para uso y consumo humano. Así mismo, se apoya a los municipios a prevenir el surgimiento de enfermedades por  contaminación del agua."	FALSE
"1318_Varios"	1318	"Cobertura Estatal"	"Infraestructura Hídrica"	2024	"DCA-04 Sustancias químicas para análisis de calidad del agua (NOM-127-SSA)"	"Varias"	NA	"CEAA"	"Realizar análisis de las características físico-químicas del agua ,con el ﬁn de conocer su calidad, detectar contaminantes presentes en el agua y veriﬁcar que se cumpla con la normatividad vigente para uso y consumo humano. Así mismo, se apoya a los municipios a prevenir el surgimiento de enfermedades por  contaminación del agua."	FALSE
"1319_Varios"	1319	"Cobertura Estatal"	"Infraestructura Hídrica"	2024	"DCA-05 Otros Equipos especializados para el laboratorio de calidad del agua"	"Varias"	NA	"CEAA"	"Realizar análisis de las características físico-químicas del agua ,con el ﬁn de conocer su calidad, detectar contaminantes presentes en el agua y veriﬁcar que se cumpla con la normatividad vigente para uso y consumo humano. Así mismo, se apoya a los municipios a prevenir el surgimiento de enfermedades por  contaminación del agua."	FALSE
"1347_Varios"	1347	"Cobertura Estatal"	"Infraestructura Hídrica"	2024	"Equipo para determinar la Demanda Biológica de Oxigeno (DBO), para muestreo de aguas residuales"	"Varias"	NA	"CEAA"	"Realizar análisis de las características físico-químicas del agua ,con el ﬁn de conocer su calidad, detectar contaminantes presentes en el agua y veriﬁcar que se cumpla con la normatividad vigente para uso y consumo humano. Así mismo, se apoya a los municipios a prevenir el surgimiento de enfermedades por  contaminación del agua."	FALSE
"1348_Varios"	1348	"Cobertura Estatal"	"Infraestructura Hídrica"	2024	"Suministro, instalación y prueba de planta purificadora"	"Varias"	NA	"CEAA"	"Se ejecutan acciones para la ejecución de obras en Infraestructura hídrica."	FALSE
"1349_San Agustín Tlaxiaca"	1349	"San Agustín Tlaxiaca"	"Infraestructura Hídrica"	2024	"Certificación de laboratorio de la CEAA bajo el sistema de Gestión de Calidad ISO 17025"	"Varias"	NA	"CEAA"	"Se ejecutan acciones para la ejecución de obras en Infraestructura hídrica."	TRUE
"1363_Xochiatipan"	1363	"Xochiatipan"	"Infraestructura Carretera"	2024	"Rehabilitación de la carretera Nuevo Acatepec a Atlalco, municipio de Xochiatipan"	"Nuevo Acatepec (Mezcalapa)"	180	NA	"Considera trabajos para la reconstrucción y/o conservación de Infraestructura Carretera en la localidad de Nuevo Acatepec (Mezcalapa) municipio de Xochiatipan"	TRUE
"1368_Xochiatipan"	1368	"Xochiatipan"	"Vivienda Asequible"	2024	"Construcción de cuartos dormitorios en el municipio de Xochiatipan"	"Ohuatipa, Pohuantitla"	NA	"CEVI"	"Considera los trabajos de construcción de cuarto dormitorio en terreno del beneficiario."	TRUE
"1369_Xochiatipan"	1369	"Xochiatipan"	"Infraestructura Carretera"	2024	"Rehabilitación del Camino a Pachiquitla a entronque ramal a Xochiatipan, municipio de Xochiatipan."	"Pachiquitla"	1156	NA	"Considera los trabajos de preliminares, revestimiento de camino en la localidad de Pachiquitla municipio de Xochiatipan"	TRUE
"1372_Xochiatipan"	1372	"Xochiatipan"	"Infraestructura Hídrica"	2023	"Construcción de Sanitario con Biodigestor, en el municipio de Xochiatipan"	"Varias"	NA	"SIPDUS"	"Considera los trabajos instalación hidráulica, instalación eléctrica, instalación de biodigestor, acabados y albañilería, excavación de biodigestor."	TRUE
"1373_Xochiatipan"	1373	"Xochiatipan"	"Vivienda Asequible"	2022	"Construcción de Cuarto Dormitorio, en el municipio de Xochiatipan"	"Varias"	224	"DGIVC"	"Considera los trabajos de construcción de cuarto dormitorio en terreno del beneficiario."	TRUE
"1386_Yahualica"	1386	"Yahualica"	"Vivienda Asequible"	2024	"Construcción de cuartos dormitorios en el municipio de Yahualica"	"Atlalco, Chiatitla"	NA	"CEVI"	"Considera los trabajos de construcción de cuarto dormitorio en terreno del beneficiario."	TRUE
"1390_Yahualica"	1390	"Yahualica"	"Infraestructura Carretera"	2023	"Rehabilitación de C.R. Crisolco - Tecacalax, en el municipio de Yahualica."	"Crisolco"	21986	"DGCCE"	"Se consideran trabajos de revestimiento, cunetas y limpieza de cunetas."	TRUE
"1395_Yahualica"	1395	"Yahualica"	"Infraestructura Carretera"	2023	"Modernización y ampliación del camino Mecatlán - Mesa Larga, tramo: del Km 0+000 al Km 1+500; en el municipio de Yahualica."	"Mesa Larga"	2469	"DGCCE"	"Considera los trabajos  de modernización y ampliación del camino en la localidad de Mesa Larga municipio de Yahualica."	TRUE
"140_Cardonal"	140	"Cardonal"	"Infraestructura Carretera"	2024	"Construye Tu Camino del Acceso a El Molino, en el municipio de Cardonal"	"El Sauz"	500	"DGCCE"	"Considera los trabajos de construcción de huellas de concreto hidráulico y empedrado en la localidad, el cual consta de terracerías y pisos de concreto."	TRUE
"1401_Yahualica"	1401	"Yahualica"	"Infraestructura Carretera"	2023	"Rehabilitación del tramo Tres Huastecas - Tamalcuatitla, del km 0+000 al km 3+000; en el municipio de Yahualica."	"Tamalcuatitla"	853	"DGIVC"	"Se consideran trabajos de revestimiento, cunetas y limpieza de cunetas."	TRUE
"1402_Yahualica"	1402	"Yahualica"	"Infraestructura Carretera"	2024	"Rehabilitación de camino Xóchitl a Tenamaxtepec, del Km 0.000 al Km 3.780, en el municipio de Yahualica."	"Tenamaxtepec"	856	"DGIyVC"	"Considera los trabajos de preliminares, revestimiento de camino en la localidad de Tenamaxtepec municipio de Yahualica"	TRUE
"1403_Yahualica"	1403	"Yahualica"	"Vivienda Asequible"	2022	"Construcción de cuarto dormitorio, en el municipio de Yahualica"	"Varias"	NA	"DGIVC"	"Considera los trabajos de construcción de cuarto dormitorio en terreno del beneficiario."	FALSE
"1404_Yahualica"	1404	"Yahualica"	"Vivienda Asequible"	2022	"Construcción de Cuarto Dormitorio, en el municipio de Yahualica"	"Varias"	NA	"DGIVC"	"Considera los trabajos de construcción de cuarto dormitorio en terreno del beneficiario."	FALSE
"1409_Zacualtipán de Ángeles"	1409	"Zacualtipán de Ángeles"	"Vivienda Asequible"	2024	"Construcción de cuartos dormitorios en el municipio de Zacualtipán de Ángeles"	"El Reparo, Tlahuelompa, Zacualtipán"	NA	"CEVI"	"Considera los trabajos de construcción de cuarto dormitorio en terreno del beneficiario."	TRUE
"1428_Zapotlán de Juárez"	1428	"Zapotlán de Juárez"	"Vialidades Urbanas"	2023	"Construcción de pavimento hidráulico en calle Calvario en tramo 1 (entre calle Corregidora y parte alta de Calvario), tramo 2 (entre calle Matamoros y calle Ciprés) en la localidad de Acayuca; en el municipio de Zapotlán de Juárez"	"Acayuca"	11018	"DGOPI"	"Considera los trabajos de preliminares, piso para pavimento de concreto hidráulico."	TRUE
"1429_Zapotlán de Juárez"	1429	"Zapotlán de Juárez"	"Vialidades Urbanas"	2023	"Pavimentación integral en calle Matamoros sur entre calle Melchor Ocampo y Av. Matamoros"	"Acayuca"	NA	"DGCCE"	"Considera los trabajos de preliminares, piso para pavimento de concreto hidráulico."	TRUE
"1430_Zapotlán de Juárez"	1430	"Zapotlán de Juárez"	"Vialidades Urbanas"	2023	"Construcción de pavimento asfáltico en calle de Las Flores y calle Olímpica, en la localidad de Acayuca; en el municipio de Zapotlán de Juárez."	"Acayuca"	NA	"DGOPI"	"Considera los trabajos de preliminares, piso para pavimento de concreto hidráulico."	TRUE
"1431_Zapotlán de Juárez"	1431	"Zapotlán de Juárez"	"Vialidades Urbanas"	2024	"Reconstrucción de la Av. Hidalgo en pavimento hidráulico en la comunidad de Acayuca en el municipio de Zapotlán de Juárez."	"Acayuca"	11018	"DGIVC"	"Considera los trabajos de preliminares, piso para pavimento de concreto hidráulico."	TRUE
"1432_Zapotlán de Juárez"	1432	"Zapotlán de Juárez"	"Espacios Públicos"	2022	"Construcción del Centro de Salud en la localidad de San Pedro Huaquilpan, municipio de Zapotlán de Juárez"	"San Pedro Huaquilpan"	5175	"DGCCE"	"Considera trabajos en infraestructura de salud en la localidad San Pedro Huaquilpan de  municipio de Zapotlán de Juárez."	TRUE
"1433_Zapotlán de Juárez"	1433	"Zapotlán de Juárez"	"Vialidades Urbanas"	2023	"Reconstrucción de pavimento hidráulico en calle Línea divisoria en San Pedro Huaquilpan; en el municipio de Zapotlán."	"San Pedro Huaquilpan"	5175	"DGCCE"	"Se realizará la reconstrucción de pavimento hidráulico contemplando las siguientes partidas: preeliminares, terracerías, pavimento hidráulico, acabados señalamiento."	TRUE
"1434_Zapotlán de Juárez"	1434	"Zapotlán de Juárez"	"Vialidades Urbanas"	2023	"Construcción de pavimento hidráulico en calle línea divisoria en tramo 1 (entre calle Art 1932 y calle Reforma) tramo 2 (entre calle Fco. Márquez y calle Juan Álvarez) en la localidad de San Pedro Huaquilpan; en el municipio de Zapotlán de Juárez."	"San Pedro Huaquilpan"	NA	"DGOPI"	"Considera los trabajos de preliminares, piso para pavimento de concreto hidráulico."	TRUE
"1436_Zapotlán de Juárez"	1436	"Zapotlán de Juárez"	"Espacios Públicos"	2023	"Estudio de geotecnia para determinar la capacidad de carga del suelo de la reserva territorial Zapotlán; en el municipio de Zapotlán de Juárez."	"Zapotlan de Juárez"	NA	"DGEP"	"Considera los trabajos de estudios, proyecto conceptual y proyecto ejecutivo."	TRUE
"1437_Zapotlán de Juárez"	1437	"Zapotlán de Juárez"	"Espacios Públicos"	2023	"Levantamiento topográfico para reconocimiento y delimitación de bienes inmuebles, propiedad de la Agencia de Desarrollo Valle de Plata; en el municipio de Zapotlán de Juárez."	"Zapotlán de Juárez"	NA	"DGEP"	"Considera trabajos de Levantamiento topográfico en infraestructura del Espacio Pùblico en el municipio de Zapotlán de Juárez."	TRUE
"1439_Zapotlán de Juárez"	1439	"Zapotlán de Juárez"	"Espacios Públicos"	2024	"Estudio de Evaluación Ambiental del Sitio (ESA) Fase I,  Norma ASTME1527-21 para la evaluación de la contaminación ambiental en propiedades industriales, comerciales y de servicios para la Reserva Territorial Zapotlán, en aproximadamente 925 ha de superficie."	"Zapotlán de Juárez"	NA	NA	"Considera los trabajos de estudios, proyecto conceptual y proyecto ejecutivo."	TRUE
"1440_Zapotlán de Juárez"	1440	"Zapotlán de Juárez"	"Espacios Públicos"	2024	"Elaboración de estudio de impacto vial y urbano para el desarrollo de proyectos estratégicos tipo industrial para la Reserva Territorial Zapotlán."	"Zapotlán de Juárez"	NA	NA	"Considera los trabajos Elaboración de estudio de impacto vial y urbano."	TRUE
"1441_Zapotlán de Juárez"	1441	"Zapotlán de Juárez"	"Infraestructura Hídrica"	2024	"Estudio hidrológico para la Reserva Territorial Zapotlán, en aproximadamente 925 ha de superficie."	"Zapotlán de Juárez"	NA	"DGEP"	"Considera los trabajos de  recopilación y análisis de la información hidro climatológica, determinación de las características fisiográficas de la cuenca, determinación de las características edafológicas, determinación de las características hidrológicas."	TRUE
"1442_Zapotlán de Juárez"	1442	"Zapotlán de Juárez"	"Espacios Públicos"	2024	"Construcción del cercado perimetral tipo ganadero mediante postes de concreto y alambre de púas sobre propiedades pertenecientes a la ADVP, con una superficie aproximada de 15.20 ha en total, para su delimitación y salvaguarda de bienes inmuebles destinados a proyectos estratégicos del Estado."	"Zapotlán de Juárez"	4978	NA	"Considera trabajos en infraestructura del Espacio Público en el municipio de Zapotlán de Juárez."	FALSE
"1445_Zempoala"	1445	"Zempoala"	"Vialidades Urbanas"	2023	"Pavimentación hidráulica en calle 01 de Junio, en la localidad de El Mirador; en el municipio de Zempoala."	"El Mirador"	2385	"DGIVC"	"Considera los trabajos de preliminares, piso para pavimento de concreto hidráulico."	TRUE
"1446_Zempoala"	1446	"Zempoala"	"Espacios Públicos"	2023	"Estudio y proyecto para la construcción de oficinas de Secretaría de Movilidad y Transporte."	"Jagüey de Tellez (Estación Tellez)"	0	"DGEP"	"Considera los trabajos de estudios, proyecto conceptual y proyecto ejecutivo."	FALSE
"145_Cardonal"	145	"Cardonal"	"Infraestructura Carretera"	2024	"Construye Tu Camino del tramo La Mesa-La Gloria segunda etapa, en el municipio de Cardonal"	"La Mesa, La Laguna, La Gloria"	NA	"DGCCE"	"Considera los trabajos de construcción de huellas de concreto hidráulico y empedrado en la localidad, el cual consta de terracerías y pisos de concreto."	TRUE
"1450_Zempoala"	1450	"Zempoala"	"Vialidades Urbanas"	2023	"Construcción de pavimento hidráulico en calle Venustiano Carranza, en el municipio de Zempoala."	"Santa María Tecajete"	949	"DGIVC"	"Considera los trabajos de preliminares, piso para pavimento de concreto hidráulico."	TRUE
"1451_Zempoala"	1451	"Zempoala"	"Infraestructura Hídrica"	2025	"Construcción de Línea de conducción por bombeo en la localidad de  Santiago Tepeyahualco"	"Santiago Tepeyahualco"	2514	"CEAA"	"160 ML de tubería de polietileno de 4 de diámetro RD-7.3, 1000 ML de tubería de polietileno de 4 de diámetro RD-9, 660 ML de tubería de polietileno de 4 de diámetro RD-21, 1520 ML de tubería de PVC de 4 de diámetro."	TRUE
"1452_Zempoala"	1452	"Zempoala"	"Infraestructura Hídrica"	2024	"Línea de interconexión del pozo Matilde 3 a la red de distribución, tramo pozo Matilde 3 a coordenadas UTM 521773.28 m E - 2204606.77 m N Etapa 1, localidad de Téllez, municipio de Zempoala, Hidalgo"	"Téllez"	NA	"CAASIM"	"Considera los trabajos para la rehabilitación y equipamiento de pozo en la localidad de  Téllez municipio de Zempoala"	TRUE
"1453_Zempoala"	1453	"Zempoala"	"Infraestructura Hídrica"	2024	"Línea de interconexión del pozo Matilde 3 a la red de distribución, tramo coordenadas UTM 526704.82 m E - 2202053.23 m N a coordenadas UTM 526712.33 m E - 2202470.61 m N Etapa 2, localidad de Téllez, municipio de Zempoala, Hidalgo"	"Téllez"	NA	"CAASIM"	"Considera los trabajos para la rehabilitación y equipamiento de pozo en la localidad de  Téllez municipio de Zempoala"	TRUE
"1454_Zempoala"	1454	"Zempoala"	"Infraestructura Hídrica"	2024	"Equipamiento de la PTAR Matilde"	"Téllez"	3639	"CAASIM"	"Considera el equipamiento para la Planta de Tratamiento en Matilde."	TRUE
"1455_Zempoala"	1455	"Zempoala"	"Infraestructura Hídrica"	2024	"Construcción de línea morada desde la Planta de Tratamiento de Agua Residual Matilde, municipio de Zempoala, Hgo. Tramo  PTAR Matilde. Etapa 1"	"Téllez"	NA	"CAASIM"	"Considera los trabajos para la construcción de línea morada desde la Planta de Tratamiento de Agua Residual Matilde,"	TRUE
"1456_Zempoala"	1456	"Zempoala"	"Infraestructura Hídrica"	2024	"Línea de conducción por bombeo de pozo 6 Termal a Tanque Tellez"	"Téllez"	NA	"CAASIM"	"Considera los trabajos de instalación de tubería, rellenos con material producto de excavación, prueba de la tubería en la comunidad."	TRUE
"1457_Zempoala"	1457	"Zempoala"	"Infraestructura Hídrica"	2022	"Mejoramiento del sistema de agua potable de Zempoala, Santa Cruz, San Antonio Oxtoyucan, Rancho Luna y El Cerrito, Municipio de Zempoala etapa una de dos"	"Varias"	NA	"CEAA"	"Considera los trabajos de instalación de tubería, rellenos con material producto de excavación, prueba de la tubería en la comunidad."	TRUE
"1458_Zempoala"	1458	"Zempoala"	"Vialidades Urbanas"	2024	"Pavimentación en calle Primero de Mayo, Fraccionamientos, en el municipio de Zempoala"	"Varias"	NA	"DGCCE"	"Considera los trabajos de preliminares, piso para pavimento de concreto hidráulico."	TRUE
"1459_Zempoala"	1459	"Zempoala"	"Vialidades Urbanas"	2024	"Pavimentación de la calle Alcatraz, colonia Estación Tepa, en el municipio de Zempoala"	"Varias"	NA	"DGOPI"	"Considera los trabajos de preliminares, piso para pavimento de concreto hidráulico."	TRUE
"1460_Zempoala"	1460	"Zempoala"	"Vialidades Urbanas"	2023	"Construcción de pavimentación en calle Benito Juárez, en la localidad de Venustiano Carranza, en el municipio de Zempoala."	"Venustiano Carranza"	436	"DGCCE"	"Considera los trabajos de preliminares, piso para pavimento de concreto hidráulico."	TRUE
"1464_Zempoala"	1464	"Zempoala"	"Infraestructura Hídrica"	2022	"Inversión de 1.6 mdp en mantenimiento a planta de tratamiento Matilde."	"Zempoala"	7205	"CAASIM"	"Ejecuta trabajos para el mantenimiento y mejoramiento de la Planta de tratamiento en el municipio de Zempoala."	FALSE
"1467_Zempoala"	1467	"Zempoala"	"Infraestructura Hídrica"	2023	"Mejoramiento del sistema de agua potable de Zempoala, Santa Cruz, San Antonio Oxtoyucan, Rancho Luna y el Cerrito, municipio de Zempoala,&#10;etapa dos de dos"	"Zempoala, Santa Cruz, San Antonio Oxtoyucan, Rancho Luna y el Cerrito"	NA	"CEAA"	"Considera los trabajos de instalación de tubería, rellenos con material producto de excavación, prueba de la tubería en la comunidad."	TRUE
"1473_Zimapán"	1473	"Zimapán"	"Vivienda Asequible"	2024	"Construcción de cuartos dormitorios en el municipio de Zimapán"	"Llano  Segundo, Llano Blanco, Llano Norte, Puerto Juárez, Xhitá Primero, Zimapán"	NA	"CEVI"	"Considera los trabajos de construcción de cuarto dormitorio en terreno del beneficiario."	TRUE
"1478_Zimapán"	1478	"Zimapán"	"Vivienda Asequible"	2022	"Construcción de cuarto dormitorio, en el municipio de Zimapán"	"Varias"	NA	"DGCCE"	"Considera los trabajos de construcción de cuarto dormitorio en terreno del beneficiario."	FALSE
"159_Cardonal"	159	"Cardonal"	"Infraestructura Carretera"	2024	"Construcción de piso de concreto hidráulico en acceso a Tolantongo, en el municipio de Cardonal"	"Tolantongo"	755	"DGCCE"	"Considera los trabajos de preliminares, riego de impregnación, piso para pavimento de concreto hidráulico."	TRUE
"160_Cardonal"	160	"Cardonal"	"Infraestructura Hídrica"	2023	"Construcción de sistema de agua potable de Salinas, municipio de El Cardonal"	"Varias"	NA	"SIPDUS"	"Considera los trabajos de líneas de distribución con la instalación de tubería, tomas domiciliarias en el municipio de  Cardonal"	TRUE
"166_Chapantongo"	166	"Chapantongo"	"Vivienda Asequible"	2022	"Construcción de Cuarto Dormitorio, en el municipio de Chapantongo"	"Varias"	56	"DGCCE"	"Considera los trabajos de construcción de cuarto dormitorio en terreno del beneficiario."	TRUE
"170_Chapulhuacán"	170	"Chapulhuacán"	"Infraestructura Hídrica"	2024	"Construcción de Sistema Integral de Abastecimiento de Agua Potable en la cabecera municipal de Chapulhuacan (2da Etapa)."	"Chapulhuacán"	4054	NA	"Considera los trabajos de líneas de distribución con la instalación de tubería, tomas domiciliarias. en la localidad de Chapulhuacán municipio de  Chapulhuacán"	FALSE
"176_Chapulhuacán"	176	"Chapulhuacán"	"Vivienda Asequible"	2023	"Construcción de 30 cuartos dormitorio en el municipio de Pisaflores  y Chapulhuacán"	"Casas Viejas,Chapulhuacán,El Bonigu,El Rayo,Guayabos,La Escondida de Lo Verde,Palmitas,Pisaflores,Plan de Ayala,San Pedro Xochicuaco,San Rafael,Tlacuilola"	NA	"CEVI"	"Considera los trabajos de construcción de cuarto dormitorio en terreno del beneficiario."	TRUE
"18_Acaxochitlán"	18	"Acaxochitlán"	"Infraestructura Hídrica"	2025	"Terminación de la construcción del Sistema de Agua Potable para beneficiar a la localidad de Tepepa, municipio de Acaxochitlán"	"Tepepa"	NA	"SIPDUS"	NA	TRUE
"198_Chilcuautla"	198	"Chilcuautla"	"Infraestructura Carretera"	2024	"Rehabilitación de puente vehicular barranca de San Miguel de la localidad de Texcatepec, en el municipio de Chilcuautla"	"Texcatepec"	1834	NA	"Considera los trabajos de base hidráulica, cunetas, pavimento asfáltico."	FALSE
"208_Chilcuautla"	208	"Chilcuautla"	"Vivienda Asequible"	2022	"Construcción de 50 cuartos dormitorio en los municipios de Ixmiquilpan, Chilcuautla y Santiago de Anaya"	"Botenguedho,Cerritos,El Mejay,El Mezquital,Huitexcalco de Morelos,Patria Nueva,San Nicolás,Santa Ana Batha,Santiago de Anaya,Tunititlán,Yolotepec"	NA	"CEVI"	"Considera los trabajos de construcción de cuarto dormitorio en terreno del beneficiario."	TRUE
"208_Ixmiquilpan"	208	"Ixmiquilpan"	"Vivienda Asequible"	2022	"Construcción de 50 cuartos dormitorio en los municipios de Ixmiquilpan, Chilcuautla y Santiago de Anaya"	"Botenguedho,Cerritos,El Mejay,El Mezquital,Huitexcalco de Morelos,Patria Nueva,San Nicolás,Santa Ana Batha,Santiago de Anaya,Tunititlán,Yolotepec"	NA	"CEVI"	"Considera los trabajos de construcción de cuarto dormitorio en terreno del beneficiario."	TRUE
"208_Santiago de Anaya"	208	"Santiago de Anaya"	"Vivienda Asequible"	2022	"Construcción de 50 cuartos dormitorio en los municipios de Ixmiquilpan, Chilcuautla y Santiago de Anaya"	"Botenguedho,Cerritos,El Mejay,El Mezquital,Huitexcalco de Morelos,Patria Nueva,San Nicolás,Santa Ana Batha,Santiago de Anaya,Tunititlán,Yolotepec"	NA	"CEVI"	"Considera los trabajos de construcción de cuarto dormitorio en terreno del beneficiario."	TRUE
"209_Cobertura Estatal"	209	"Cobertura Estatal"	"Infraestructura Carretera"	2023	"Ampliación del cuerpo existente mediante la construcción de un tercer carril del Km 59+562.82 al Km 65+000 en una longitud de 5.43 Km de la Carretera Pachuca - Huejutla, Tramo Cerro Colorado - Zacualtipán, en el Estado de Hidalgo"	"Cobertura Estatal"	NA	"DGCCE"	"Considera los trabajos de terracerías, troncal y entronque."	FALSE
"210_Cobertura Estatal"	210	"Cobertura Estatal"	"Infraestructura Carretera"	2023	"Señalamiento Horizontal y Vertical 2023"	"Cobertura Estatal"	NA	"DGCCE"	"Considera trabajos para la reconstrucción y/o conservación de Infraestructura Carretera en la localidad de Cobertura Estatal municipio de Cobertura Estatal"	FALSE
"211_Cobertura Estatal"	211	"Cobertura Estatal"	"Infraestructura Carretera"	2023	"Conservación de la Red Carretera Estatal 2023"	"Cobertura Estatal"	NA	"DGCCE"	"Considera trabajos para la reconstrucción y/o conservación de Infraestructura Carretera en la localidad de Cobertura Estatal municipio de Cobertura Estatal"	FALSE
"212_Cobertura Estatal"	212	"Cobertura Estatal"	"Espacios Públicos"	2024	"Equipamiento para Laboratorio de Calidad de la Secretaría de Infraestructura Pública y Desarrollo Urbano Sostenible."	"Cobertura Estatal"	NA	"DGEP"	"Considera equipamiento en infraestructura del Espacio Pùblico."	FALSE
"213_Cobertura Estatal"	213	"Cobertura Estatal"	"Infraestructura Carretera"	2024	"Conservación de Carreteras 2024."	"Cobertura Estatal"	NA	"DGCCE"	"Considera trabajos para la reconstrucción y/o conservación de Infraestructura Carretera en la localidad de Cobertura Estatal municipio de Cobertura Estatal"	FALSE
"214_Cobertura Estatal"	214	"Cobertura Estatal"	"Infraestructura Carretera"	2024	"Señalamiento (Horizontal y Vertical)."	"Cobertura Estatal"	NA	"DGCCE"	"Considera trabajos para la reconstrucción y/o conservación de Infraestructura Carretera en la localidad de Cobertura Estatal municipio de Cobertura Estatal"	FALSE
"215_Cobertura Estatal"	215	"Cobertura Estatal"	"Vialidades Urbanas"	2024	"Mejoramiento de Vialidades."	"Cobertura Estatal"	NA	"DGCCE"	"Considera los trabajos de la conservación rutinaria de la superficie de rodadura, las zonas laterales, las obras de drenaje y subdrenaje."	FALSE
"216_Pachuca de Soto"	216	"Pachuca de Soto"	"Espacios Públicos"	2024	"Impermeabilización de Espacios Deportivos del Centro Deportivo Hidalguense y de Alto Rendimiento."	"Cobertura Estatal"	NA	"DGCCE"	"Considera trabajos en infraestructura deportiva en el municipio de Pachuca de Soto."	TRUE
"217_Cobertura Estatal"	217	"Cobertura Estatal"	"Espacios Públicos"	2024	"Programa de Campo Limpio."	"Cobertura Estatal"	NA	"DGCCE"	"Considera trabajos en infraestructura del Espacio Público en el colado de elementos estructurales del inmueble."	FALSE
"218_Cobertura Estatal"	218	"Cobertura Estatal"	"Infraestructura Carretera"	2024	"Señaléticas y adecuaciones viales."	"Cobertura Estatal"	NA	"DGCCE"	"Considera los trabajos de colocación señáletica"	FALSE
"220_Tasquillo"	220	"Tasquillo"	"Espacios Públicos"	2024	"Proyecto Ejecutivo Cereso Tasquillo, en el municipio de Tasquillo."	"Cobertura Estatal"	NA	"DGEP"	"Considera el Proyecto Ejecutivo Cereso en el municipio de Tasquillo."	FALSE
"221_Cobertura Estatal"	221	"Cobertura Estatal"	"Espacios Públicos"	2025	"Nuevo Centro Deportivo de Alto Rendimiento."	"Cobertura Estatal"	NA	"DGCCE"	NA	FALSE
"222_Cobertura Estatal"	222	"Cobertura Estatal"	"Infraestructura Hídrica"	2025	"Adquisición de maquinaría, equipos y aditamentos para la tecnificación parcelaria de los distritos de riego 003-Tula, 100 Alfajayucan, 112-Ajacuba, del Estado de Hidalgo."	"Cobertura Estatal"	NA	"DGEP"	"Se contempla la instalación de bombas de manera parcial para el riego de&#10;algunas áreas que por deformaciones no permite que llegue el agua por&#10;gravedad."	FALSE
"223_Cobertura Estatal"	223	"Cobertura Estatal"	"Infraestructura Hídrica"	2025	"Adquisición de Vehículos Utilitarios para el Programa Nacional de Tecnificación de los Distritos de Riego DR-003 Tula, DR-100 Alfajayucan y DR-112 Ajacuba, en el Estado de Hidalgo."	"Cobertura Estatal"	NA	"DGEP"	NA	FALSE
"224_Cobertura Estatal"	224	"Cobertura Estatal"	"Infraestructura Carretera"	2025	"Programa de Conservación de Carreteras 2025"	"Varias"	NA	"DGCCE"	"Limpieza de superficie de rodamiento y retiro de maleza dentro del derecho de vía"	FALSE
"225_Cobertura Estatal"	225	"Cobertura Estatal"	"Infraestructura Carretera"	2025	"Programa de señalamiento (horizontal y vertical)"	"Varias"	NA	"DGCCE"	"Aplicación de pintura para tráfico en rayas centrales"	FALSE
"226_Cobertura Estatal"	226	"Cobertura Estatal"	"Vialidades Urbanas"	2025	"Programa de Mejoramiento de Vialidades"	"Varias"	NA	"DGCCE"	"Se realizan acciones de mantenimiento permanente de las principales vialidades de la zona metropolitana de Pachuca de Soto y Tulancingo de Bravo, mediante la limpieza general, mantenimiento de áreas verdes (poda y riego de auxilio y en sus laterales, desazolve de cunetas y alcantarillas pluviales, retiro de obstáculos, deshierbe, retiro o pepena de basura, recargue de taludes, rastrilleo del derecho de vía, reposición de guarniciones dañadas por accidentes viales, etc."	FALSE
"227_Pachuca de Soto"	227	"Pachuca de Soto"	"Espacios Públicos"	2024	"Rehabilitación de la imagen urbana de la vialidad Pachuca - Actopan y Boulevard de acceso a la Concepción,           comunidad de Tilcuautla, en los municipios de Pachuca y San Agustín Tlaxiaca."	"Varias"	NA	"DGEP"	"Considera trabajos en pintura de guarniciones, colocación de adoquín, sembrado de vegetación, rodetes para arboles y rampas."	TRUE
"228_Almoloya"	228	"Almoloya"	"Infraestructura Hídrica"	2024	"Estudio y proyecto para la línea de conducción marginal, tramo Acopinalco - Ciudad Sahagún, incluye proyecto ejecutivo, estudio hidrológico, delimitación de zona federal para su ocupación, con base en el trámite CONAGUA-02-002, manifiesto de impacto ambiental y análisis costo beneficio."	"Varias"	NA	NA	"Considera los trabajos de estudios, proyecto conceptual y proyecto ejecutivo."	FALSE
"228_Apan"	228	"Apan"	"Infraestructura Hídrica"	2024	"Estudio y proyecto para la línea de conducción marginal, tramo Acopinalco - Ciudad Sahagún, incluye proyecto ejecutivo, estudio hidrológico, delimitación de zona federal para su ocupación, con base en el trámite CONAGUA-02-002, manifiesto de impacto ambiental y análisis costo beneficio."	"Varias"	NA	NA	"Considera los trabajos de estudios, proyecto conceptual y proyecto ejecutivo."	FALSE
"228_Emiliano Zapata"	228	"Emiliano Zapata"	"Infraestructura Hídrica"	2024	"Estudio y proyecto para la línea de conducción marginal, tramo Acopinalco - Ciudad Sahagún, incluye proyecto ejecutivo, estudio hidrológico, delimitación de zona federal para su ocupación, con base en el trámite CONAGUA-02-002, manifiesto de impacto ambiental y análisis costo beneficio."	"Varias"	NA	NA	"Considera los trabajos de estudios, proyecto conceptual y proyecto ejecutivo."	FALSE
"228_Tepeapulco"	228	"Tepeapulco"	"Infraestructura Hídrica"	2024	"Estudio y proyecto para la línea de conducción marginal, tramo Acopinalco - Ciudad Sahagún, incluye proyecto ejecutivo, estudio hidrológico, delimitación de zona federal para su ocupación, con base en el trámite CONAGUA-02-002, manifiesto de impacto ambiental y análisis costo beneficio."	"Varias"	NA	NA	"Considera los trabajos de estudios, proyecto conceptual y proyecto ejecutivo."	TRUE
"228_Tlanalapa"	228	"Tlanalapa"	"Infraestructura Hídrica"	2024	"Estudio y proyecto para la línea de conducción marginal, tramo Acopinalco - Ciudad Sahagún, incluye proyecto ejecutivo, estudio hidrológico, delimitación de zona federal para su ocupación, con base en el trámite CONAGUA-02-002, manifiesto de impacto ambiental y análisis costo beneficio."	"Varias"	NA	NA	"Considera los trabajos de estudios, proyecto conceptual y proyecto ejecutivo."	FALSE
"23_Acaxochitlán"	23	"Acaxochitlán"	"Vivienda Asequible"	2022	"Construcción de Cuarto Dormitorio, en el municipio de Acaxochitlán"	"Varias"	NA	"DGCCE"	"Considera los trabajos de construcción de cuarto dormitorio en terreno del beneficiario."	FALSE
"237_El Arenal"	237	"El Arenal"	"Vivienda Asequible"	2024	"Construcción de cuartos dormitorios en el municipio de El Arenal"	"El Bocja, Ojo de Agua Santa Rosa"	NA	"CEVI"	"Considera los trabajos de construcción de cuarto dormitorio en terreno del beneficiario."	TRUE
"245_El Arenal"	245	"El Arenal"	"Vivienda Asequible"	2022	"Construcción de 38 cuartos dormitorio en los municipios de El Arenal y Pachuca de Soto"	"Barrio Cubitos,Barrio El Calvario,Bo. El Ojua,Cerro de Cubitos,Col. Adolfo Lopez Mateos,Colonia Anáhuac,Colonia la Raza,Colonia Monte Carmelo,Colonia Nueva Estrella,El Arenal Frutillal Alto,El Arenal Frutillal Bajo,El Palmar,La Capilla,San Antonio El Desmonte,Santiago Tlapacoya"	NA	"CEVI"	"Considera los trabajos de construcción de cuarto dormitorio en terreno del beneficiario."	TRUE
"258_Eloxochitlán"	258	"Eloxochitlán"	"Infraestructura Carretera"	2024	"Rehabilitación De C.R. San Pedro Gilo - Almolón - San Juan Amajac - Camarones - Cieneguilla, municipio de Eloxochitlán"	"Varias"	NA	"DGCCE"	"Considera los trabajos de preliminares, revestimiento de camino en el municipio de Eloxochitlán"	TRUE
"276_Actopan"	276	"Actopan"	"Infraestructura Carretera"	2024	"Actualización de Estudio y Proyecto de la Carretera Eje Transversal Actopan - Atotonilco el Grande"	"Varias"	NA	"DGEP"	"Considera los trabajos de estudios, proyecto conceptual y proyecto ejecutivo."	TRUE
"277_Francisco I. Madero"	277	"Francisco I. Madero"	"Infraestructura Hídrica"	2025	"Sustitución de acueducto de concreto armado de 18  en el municipio de Francisco I. Madero"	"Francisco I Madero"	NA	"SIPDUS"	NA	TRUE
"278_Francisco I. Madero"	278	"Francisco I. Madero"	"Infraestructura Hídrica"	2025	"Rehabilitación de línea de distribución en calle Corregidora de III Demarcación, en el municipio de Francisco I. Madero"	"Francisco I Madero"	NA	"SIPDUS"	NA	TRUE
"284_Francisco I. Madero"	284	"Francisco I. Madero"	"Infraestructura Hídrica"	2022	"Inversion de 224,875 pesos en la rehabilitación de la línea de conducción de agua potable, Col. Los Filtros, municipio de Francisco I, Madero"	"Francisco I. Madero"	1300	"CAASVAM"	"Considera los trabajos de instalación de tubería, rellenos con material producto de excavación, prueba de la tubería en la comunidad."	TRUE
"308_Huautla"	308	"Huautla"	"Vivienda Asequible"	2024	"Construcción de cuartos dormitorios en el municipio de Huautla"	"Ahuatitla, Banderas, Chalacuaco, Chipila, Terrero, Zacatipa"	NA	"CEVI"	"Considera los trabajos de construcción de cuarto dormitorio en terreno del beneficiario."	TRUE
"314_Huautla"	314	"Huautla"	"Infraestructura Carretera"	2024	"Rehabilitación del camino Aquetzpalco a La Mesa, municipio de Huautla"	"La Mesa"	304	NA	"Considera trabajos para la reconstrucción y/o conservación de Infraestructura Carretera en la localidad de La Mesa municipio de Huautla"	TRUE
"322_Huautla"	322	"Huautla"	"Vivienda Asequible"	2022	"Construcción de Cuarto Dormitorio, en el municipio de Huautla"	"Varias"	NA	"DGIVC"	"Considera los trabajos de construcción de cuarto dormitorio en terreno del beneficiario."	TRUE
"323_Huautla"	323	"Huautla"	"Infraestructura Carretera"	2024	"Rehabilitación de camino el Ixtle a El Lindero a Coatempa, del km 0.000 al km 12.000, en el municipio de Huautla."	"Varias"	NA	"DGCCE"	"Considera los trabajos de preliminares, revestimiento de camino en el municipio de Huautla"	TRUE
"324_Huazalingo"	324	"Huazalingo"	"Infraestructura Carretera"	2024	"Rehabilitación de la Pavimentación de concreto hidráulico del acceso a la localidad de Ixtlahuac, municipio de Huazalingo."	"Ixtlahuac"	349	NA	"Considera los trabajos de preliminares, riego de impregnación, piso para pavimento de concreto hidráulico."	TRUE
"337_Huazalingo"	337	"Huazalingo"	"Infraestructura Hídrica"	2022	"Construcción de sanitario con biodigestor, en el municipio de Huazalingo"	"Varias"	NA	"SIPDUS"	"Considera los trabajos instalación hidráulica, instalación eléctrica, instalación de biodigestor, acabados y albañilería, excavación de biodigestor."	TRUE
"338_Huazalingo"	338	"Huazalingo"	"Vivienda Asequible"	2022	"Construcción de Cuarto Dormitorio, en el municipio de Huazalingo"	"Varias"	NA	"DGIVC"	"Considera los trabajos de construcción de cuarto dormitorio en terreno del beneficiario."	TRUE
"339_Huazalingo"	339	"Huazalingo"	"Vivienda Asequible"	2022	"Construcción de 40 cuartos dormitorio en los municipios de San Felipe Orizatlán, Tepehuacán de Guerrero y Huazalingo"	"Amola de Ocampo,Barr Ayoco,Barrio Allende,Barrio Arriba,Barrio la Paz,Barrio Panteón,Choquintla (San Nicolás Choquintla),Colonia Centro,Colonia Guillermo Rossell,Colonia Paraíso,El Centro,El Llano,El Paraíso,Quinta Las Delicias"	NA	"CEVI"	"Considera los trabajos de construcción de cuarto dormitorio en terreno del beneficiario."	TRUE
"339_San Felipe Orizatlán"	339	"San Felipe Orizatlán"	"Vivienda Asequible"	2022	"Construcción de 40 cuartos dormitorio en los municipios de San Felipe Orizatlán, Tepehuacán de Guerrero y Huazalingo"	"Amola de Ocampo,Barr Ayoco,Barrio Allende,Barrio Arriba,Barrio la Paz,Barrio Panteón,Choquintla (San Nicolás Choquintla),Colonia Centro,Colonia Guillermo Rossell,Colonia Paraíso,El Centro,El Llano,El Paraíso,Quinta Las Delicias"	NA	"CEVI"	"Considera los trabajos de construcción de cuarto dormitorio en terreno del beneficiario."	TRUE
"339_Tepehuacán de Guerrero"	339	"Tepehuacán de Guerrero"	"Vivienda Asequible"	2022	"Construcción de 40 cuartos dormitorio en los municipios de San Felipe Orizatlán, Tepehuacán de Guerrero y Huazalingo"	"Amola de Ocampo,Barr Ayoco,Barrio Allende,Barrio Arriba,Barrio la Paz,Barrio Panteón,Choquintla (San Nicolás Choquintla),Colonia Centro,Colonia Guillermo Rossell,Colonia Paraíso,El Centro,El Llano,El Paraíso,Quinta Las Delicias"	NA	"CEVI"	"Considera los trabajos de construcción de cuarto dormitorio en terreno del beneficiario."	TRUE
"340_Huehuetla"	340	"Huehuetla"	"Vivienda Asequible"	2023	"Programa para la ampliación de  vivienda modalidad construcción de cuarto dormitorio en los municipios de Huehuetla"	"Acuautla,San Antonio El Grande"	10	"CEVI"	"Modalidad ampliación de vivienda para la construcción de cuarto dormitorio en terreno del beneficiario."	TRUE
"348_Huehuetla"	348	"Huehuetla"	"Vivienda Asequible"	2022	"Construcción de Cuarto Dormitorio, en el municipio de Huehuetla"	"Varias"	NA	"DGIVC"	"Considera los trabajos de construcción de cuarto dormitorio en terreno del beneficiario."	TRUE
"349_Huehuetla"	349	"Huehuetla"	"Infraestructura Hídrica"	2022	"Acciones de desinfección del agua: 379 filtro purificador microbiológico de agua para beber."	"Varias"	NA	"CEAA"	"Realizar análisis de las características físico-químicas del agua ,con el ﬁn de conocer su calidad, detectar contaminantes presentes en el agua y veriﬁcar que se cumpla con la normatividad vigente para uso y consumo humano. Así mismo, se apoya a los municipios a prevenir el surgimiento de enfermedades por  contaminación del agua."	FALSE
"349_Jaltocán"	349	"Jaltocán"	"Infraestructura Hídrica"	2022	"Acciones de desinfección del agua: 379 filtro purificador microbiológico de agua para beber."	"Varias"	NA	"CEAA"	"Realizar análisis de las características físico-químicas del agua ,con el ﬁn de conocer su calidad, detectar contaminantes presentes en el agua y veriﬁcar que se cumpla con la normatividad vigente para uso y consumo humano. Así mismo, se apoya a los municipios a prevenir el surgimiento de enfermedades por  contaminación del agua."	FALSE
"349_La Misión"	349	"La Misión"	"Infraestructura Hídrica"	2022	"Acciones de desinfección del agua: 379 filtro purificador microbiológico de agua para beber."	"Varias"	NA	"CEAA"	"Realizar análisis de las características físico-químicas del agua ,con el ﬁn de conocer su calidad, detectar contaminantes presentes en el agua y veriﬁcar que se cumpla con la normatividad vigente para uso y consumo humano. Así mismo, se apoya a los municipios a prevenir el surgimiento de enfermedades por  contaminación del agua."	FALSE
"349_Pacula"	349	"Pacula"	"Infraestructura Hídrica"	2022	"Acciones de desinfección del agua: 379 filtro purificador microbiológico de agua para beber."	"Varias"	NA	"CEAA"	"Realizar análisis de las características físico-químicas del agua ,con el ﬁn de conocer su calidad, detectar contaminantes presentes en el agua y veriﬁcar que se cumpla con la normatividad vigente para uso y consumo humano. Así mismo, se apoya a los municipios a prevenir el surgimiento de enfermedades por  contaminación del agua."	FALSE
"349_Pisaflores"	349	"Pisaflores"	"Infraestructura Hídrica"	2022	"Acciones de desinfección del agua: 379 filtro purificador microbiológico de agua para beber."	"Varias"	NA	"CEAA"	"Realizar análisis de las características físico-químicas del agua ,con el ﬁn de conocer su calidad, detectar contaminantes presentes en el agua y veriﬁcar que se cumpla con la normatividad vigente para uso y consumo humano. Así mismo, se apoya a los municipios a prevenir el surgimiento de enfermedades por  contaminación del agua."	FALSE
"349_San Felipe Orizatlán"	349	"San Felipe Orizatlán"	"Infraestructura Hídrica"	2022	"Acciones de desinfección del agua: 379 filtro purificador microbiológico de agua para beber."	"Varias"	NA	"CEAA"	"Realizar análisis de las características físico-químicas del agua ,con el ﬁn de conocer su calidad, detectar contaminantes presentes en el agua y veriﬁcar que se cumpla con la normatividad vigente para uso y consumo humano. Así mismo, se apoya a los municipios a prevenir el surgimiento de enfermedades por  contaminación del agua."	FALSE
"35_Actopan"	35	"Actopan"	"Vivienda Asequible"	2023	"Construcción de 48 cuartos dormitorio en el  municipio de Actopan, Mineral de La Reforma y Mineral del Chico"	"Actopan,Bothi Baji,Boxaxni,Chicavasco,El Daxtha,La Peña,San Diego Canguihuindo"	NA	"CEVI"	"Considera los trabajos de construcción de cuarto dormitorio en terreno del beneficiario."	TRUE
"350_Huejutla de Reyes"	350	"Huejutla de Reyes"	"Infraestructura Carretera"	2024	"Rehabilitación de puente vado Achichípil, en la localidad de Achichípil, municipio de Huejutla de Reyes"	"Achichípil"	196	NA	"Considera trabajos para la reconstrucción y/o conservación de Infraestructura Carretera en la localidad de Achichípil municipio de Huejutla de Reyes"	TRUE
"354_Huejutla de Reyes"	354	"Huejutla de Reyes"	"Infraestructura Carretera"	2024	"Construye Tu Camino del tramo Santa Clara a Axcaco, en el municipio de Huejutla de Reyes"	"Axcaco, La Mesa de Axcaco"	NA	"DGCCE"	"Considera los trabajos de construcción de huellas de concreto hidráulico y empedrado en la localidad, el cual consta de terracerías y pisos de concreto."	TRUE
"356_Huejutla de Reyes"	356	"Huejutla de Reyes"	"Infraestructura Carretera"	2024	"Rehabilitación de puente vehicular en la carretera Cececapa a La Corrala, en la localidad de Cececapa, municipio de Huejutla de Reyes"	"Cececapa"	913	NA	"Considera trabajos para la reconstrucción y/o conservación de Infraestructura Carretera en la localidad de Cececapa municipio de Huejutla de Reyes"	TRUE
"379_Huejutla de Reyes"	379	"Huejutla de Reyes"	"Infraestructura Carretera"	2024	"Rehabilitación de la carretera Huejutla a Santa Cruz, municipio de Huejutla de Reyes"	"Santa Cruz"	1573	NA	"Considera trabajos para la reconstrucción y/o conservación de Infraestructura Carretera en la localidad de Santa Cruz municipio de Huejutla de Reyes"	TRUE
"385_Huejutla de Reyes"	385	"Huejutla de Reyes"	"Infraestructura Hídrica"	2024	"Construcción de sanitario con biodigestor en el municipio de Huejutla de Reyes"	"Varias"	NA	"DGCCE"	"Considera los trabajos instalación hidráulica, instalación eléctrica, instalación de biodigestor, acabados y albañilería, excavación de biodigestor."	TRUE
"386_Huejutla de Reyes"	386	"Huejutla de Reyes"	"Infraestructura Carretera"	2024	"Reconstrucción de la C.E. Libramiento Sur Huejutla - (E.C. Pachuca - Tempoal), municipio de Huejutla de Reyes"	"Xiloco"	235	NA	"Considera trabajos para la reconstrucción y/o conservación de Infraestructura Carretera en la localidad de Xiloco municipio de Huejutla de Reyes"	TRUE
"396_Huichapan"	396	"Huichapan"	"Vivienda Asequible"	2022	"Construcción de Cuarto Dormitorio, en el municipio de Huichapan"	"Varias"	NA	"DGCCE"	"Considera los trabajos de construcción de cuarto dormitorio en terreno del beneficiario."	TRUE
"397_Ixmiquilpan"	397	"Ixmiquilpan"	"Vivienda Asequible"	2023	"Programa para la ampliación de  vivienda modalidad construcción de cuarto dormitorio en los municipios de Ixmiquilpan y Chilcuautla"	"Álamo,Ixmiquilpan,Las Emes"	NA	"CEVI"	"Modalidad ampliación de vivienda para la construcción de cuarto dormitorio en terreno del beneficiario."	TRUE
"399_Ixmiquilpan"	399	"Ixmiquilpan"	"Vivienda Asequible"	2024	"Construcción de cuartos dormitorios en el municipio de Ixmiquilpan"	"Bangandhó, Capula, La Huerta Capula,  Nequeteje"	NA	"CEVI"	"Considera los trabajos de construcción de cuarto dormitorio en terreno del beneficiario."	TRUE
"402_Ixmiquilpan"	402	"Ixmiquilpan"	"Vivienda Asequible"	2023	"Construcción de 36 cuartos dormitorio en el municipio de Ixmiquilpan y Santiago de Anaya"	"Cerritos,El Alberto,El Barrido,El Durazno,El Mandho,Ixmiquilpan,La Estación,La Loma,Paredes"	NA	"CEVI"	"Considera los trabajos de construcción de cuarto dormitorio en terreno del beneficiario."	TRUE
"433_Ixmiquilpan"	433	"Ixmiquilpan"	"Vialidades Urbanas"	2023	"Pavimentación asfáltica de la calle 15 de Septiembre, en la localidad de Remedios, Ixmiquilpan."	"Los Remedios"	798	"DGIVC"	"Considera los trabajos de capa subbase, riego de impregnación, suministro y aplicación de riego de liga con emulsión asfáltica"	TRUE
"452_Ixmiquilpan"	452	"Ixmiquilpan"	"Infraestructura Hídrica"	2023	"Red de agua potable El Mirador, Jahuey y Huapilla Capula."	"Varias"	NA	"CEAA"	"Considera los trabajos de instalación de tubería, rellenos con material producto de excavación, prueba de la tubería en la comunidad."	TRUE
"453_Ixmiquilpan"	453	"Ixmiquilpan"	"Infraestructura Carretera"	2023	"Rehabilitación de la carretera paso por Ixmiquilpan."	"Varias"	NA	"DGOPI"	"Considera trabajos para la reconstrucción y/o conservación de Infraestructura Carretera en la localidad de Varias municipio de Ixmiquilpan"	TRUE
"454_Ixmiquilpan"	454	"Ixmiquilpan"	"Vialidades Urbanas"	2024	"Construcción de pavimentación de concreto hidráulico de Calle Gladiolas, Col. Loma de Oro, en el municipio de Ixmiquilpan."	"Varias"	NA	"DGCCE"	"Considera los trabajos de preliminares, riego de impregnación, piso para pavimento de concreto hidráulico."	TRUE
"455_Jacala de Ledezma"	455	"Jacala de Ledezma"	"Vialidades Urbanas"	2023	"Construcción de huellas de concreto hidráulico y empedrado en la localidad de Agua Fría Chica"	"Agua Fría Chica"	302	"DGCCE"	"Considera los trabajos de construcción de huellas de concreto hidráulico y empedrado en la localidad, el cual consta de terracerías y pisos de concreto."	TRUE
"459_Jacala de Ledezma"	459	"Jacala de Ledezma"	"Vialidades Urbanas"	2024	"Construcción de pavimentación hidráulica de calle Sin Nombre en Laguna Seca, municipio de Jacala de Ledezma"	"Laguna Seca"	254	"DGCCE"	"Considera los trabajos de preliminares, piso para pavimento de concreto hidráulico."	TRUE
"463_Jacala de Ledezma"	463	"Jacala de Ledezma"	"Vivienda Asequible"	2024	"Construcción de cuartos dormitorios en el municipio de Jacala de Ledezma"	"Octupilla, Quetzalapa, San Nicolás, Vado Hondo"	NA	"CEVI"	"Considera los trabajos de construcción de cuarto dormitorio en terreno del beneficiario."	TRUE
"473_Jaltocán"	473	"Jaltocán"	"Vivienda Asequible"	2022	"Construcción de cuarto dormitorio, en el municipio de Jaltocán"	"Varias"	NA	"DGCCE"	"Considera los trabajos de construcción de cuarto dormitorio en terreno del beneficiario."	TRUE
"48_Agua Blanca de Iturbide"	48	"Agua Blanca de Iturbide"	"Infraestructura Carretera"	2023	"Reconstrucción de la C.E. Agua Blanca-Zacualpa; en el municipio de Agua Blanca"	"Varias"	NA	"DGIVC"	"Considera trabajos para la reconstrucción y/o conservación de Infraestructura Carretera en la localidad de Varias municipio de Agua Blanca de Iturbide"	TRUE
"483_La Misión"	483	"La Misión"	"Vivienda Asequible"	2024	"Construcción de cuartos dormitorios en el municipio de La Misión"	"El Nogalito, El Roa, La Hondura, La Misión, La Palizada, Las Pilas, Loma de Pericón, Loma de Pilas, Macanguí, Mesa de Pilas"	NA	"CEVI"	"Considera los trabajos de construcción de cuarto dormitorio en terreno del beneficiario."	TRUE
"492_La Misión"	492	"La Misión"	"Vivienda Asequible"	2022	"Construcción de Cuarto Dormitorio, en el municipio de La Misión"	"Varias"	NA	"DGCCE"	"Considera los trabajos de construcción de cuarto dormitorio en terreno del beneficiario."	TRUE
"493_La Misión"	493	"La Misión"	"Infraestructura Hídrica"	2022	"Construcción de Sanitario con Biodigestor, en el municipio de La Misión"	"Varias"	NA	"SIPDUS"	"Considera los trabajos instalación hidráulica, instalación eléctrica, instalación de biodigestor, acabados y albañilería, excavación de biodigestor."	TRUE
"504_Lolotla"	504	"Lolotla"	"Vivienda Asequible"	2022	"Construcción de Cuarto Dormitorio, en el municipio de Lolotla"	"Varias"	NA	"DGCCE"	"Considera los trabajos de construcción de cuarto dormitorio en terreno del beneficiario."	TRUE
"505_Lolotla"	505	"Lolotla"	"Infraestructura Carretera"	2024	"Rehabilitación de camino Cuatitlanapa a La Unión, del km 0.000 al km 6.000, en el municipio de Lolotla."	"Varias"	NA	"DGOPI"	"Considera trabajos para la reconstrucción y/o conservación de Infraestructura Carretera en la localidad de Varias municipio de Lolotla"	TRUE
"506_Lolotla"	506	"Lolotla"	"Infraestructura Carretera"	2024	"Rehabilitación de camino Xuchitlan a Cuatitlanapa, en el municipio de Lolotla."	"Varias"	NA	"DGOPI"	"Considera los trabajos de preliminares, revestimiento de camino enel municipio de Lolotla"	TRUE
"519_Metztitlán"	519	"Metztitlán"	"Vialidades Urbanas"	2023	"Construcción de banquetas y guarniciones en camino Acalome- Pilas y Granadas en el municipio de Metztitlan."	"Pilas y Granadas"	103	"DGCCE"	"Considera trabajos en la rehabilitación y/o mejoramiento de las vialidades urbanas en la localidad de Pilas y Granadas muncipio de Metztitlán"	TRUE
"52_Ajacuba"	52	"Ajacuba"	"Vivienda Asequible"	2024	"Construcción de cuartos dormitorios en el municipio de Ajacuba"	"San Nicolás Tecomatlán, Tulancalco"	12	"CEVI"	"Considera los trabajos de construcción de cuarto dormitorio en terreno del beneficiario."	TRUE
"524_Metztitlán"	524	"Metztitlán"	"Vialidades Urbanas"	2023	"Construcción de Pavimentación Hidráulica en Calle Temazola, en el municipio de Metztitlán."	"Varias"	NA	"DGOPI"	"Considera los trabajos de preliminares, piso para pavimento de concreto hidráulico."	TRUE
"527_Metztitlán"	527	"Metztitlán"	"Vivienda Asequible"	2022	"Construcción de 31 cuartos dormitorio en los municipios de Metztitlán y Zacualtipán de Ángeles"	"Barr.tlaxomotl,Barrio Coatlán,Barrio El Tepeyac,Cacala,Ciudad 13 de Septiembre,Colonia 11 de Abril (El Depósito Viejo),Colonia la Campesina,Colonia la Joya,Colonia la Mesa,Colonia la Otra Banda,Colonia Santa Cecilia,Colonia Zamora,San Marcos"	NA	"CEVI"	"Considera los trabajos de construcción de cuarto dormitorio en terreno del beneficiario."	TRUE
"529_Mineral de la Reforma"	529	"Mineral de la Reforma"	"Vialidades Urbanas"	2023	"Reconstrucción de calle Santa Paola entre avenida San Judas Tadeo y calle San Manuel, fraccionamiento Carboneras, en el municipio de Mineral de la Reforma"	"Carboneras"	2442	"DGCCE"	"Considera los trabajos de preliminares, piso para pavimento de concreto hidráulico."	TRUE
"530_Mineral de la Reforma"	530	"Mineral de la Reforma"	"Vialidades Urbanas"	2024	"Construcción de pavimento hidráulico en calle San Mateo, Barrio Carboneras, Mineral de la Reforma"	"Carboneras"	2442	"DGOPI"	"Considera los trabajos de preliminares, piso para pavimento de concreto hidráulico."	TRUE
"532_Mineral de la Reforma"	532	"Mineral de la Reforma"	"Vialidades Urbanas"	2023	"Pavimentación de concreto hidráulico en calle Solidaridad del Km. 0+000 al Km. 0+372 en la colonia El Saucillo, municipio de Mineral de la Reforma."	"El Saucillo"	3399	"DGOPI"	"Considera los trabajos de preliminares, riego de impregnación, piso para pavimento de concreto hidráulico."	TRUE
"533_Mineral de la Reforma"	533	"Mineral de la Reforma"	"Vialidades Urbanas"	2023	"Pavimentación de concreto hidráulico en la calle Venustiano Carranza colonia El Saucillo, municipio de Mineral de la Reforma, Hidalgo"	"El Saucillo"	NA	"DGOPI"	"Considera los trabajos de preliminares, riego de impregnación, piso para pavimento de concreto hidráulico."	TRUE
"534_Mineral de la Reforma"	534	"Mineral de la Reforma"	"Infraestructura Hídrica"	2023	"Construcción de red de drenaje sanitario en Calle Francisco Villa, Col. El Venado, en el municipio de Mineral de la Reforma."	"El Venado"	1920	"SIPDUS"	"Considera los trabajos de preliminares, piso para pavimento de concreto hidráulico."	TRUE
"535_Mineral de la Reforma"	535	"Mineral de la Reforma"	"Infraestructura Hídrica"	2023	"Construcción de red de agua potable en Calle Francisco Villa, Col. El Venado, en el municipio de Mineral de la Reforma."	"El Venado"	NA	"SIPDUS"	"Considera los trabajos de preliminares, piso para pavimento de concreto hidráulico."	TRUE
"536_Mineral de la Reforma"	536	"Mineral de la Reforma"	"Vialidades Urbanas"	2023	"Construcción de pavimento en calle Francisco Villa, Col. El Venado, tramo dos; en el municipio de Mineral de la Reforma"	"El Venado"	NA	"DGIVC"	"Considera los trabajos de preliminares, piso para pavimento de concreto hidráulico."	TRUE
"537_Mineral de la Reforma"	537	"Mineral de la Reforma"	"Vialidades Urbanas"	2023	"Construcción de Pavimento en Calle Francisco Villa, Col. El Venado, Tramo Uno; en el Municipio de Mineral de la Reforma"	"El Venado"	NA	"DGIVC"	"Considera los trabajos de preliminares, piso para pavimento de concreto hidráulico."	TRUE
"538_Mineral de la Reforma"	538	"Mineral de la Reforma"	"Vialidades Urbanas"	2023	"Construcción de pavimentación asfáltica acceso a la comunidad de Los Gemelos, en el municipio de Mineral de la Reforma."	"Forjadores de Pachuca"	4027	"DGIVC"	"Considera los trabajos de capa subbase, riego de impregnación, suministro y aplicación de riego de liga con emulsión asfáltica"	TRUE
"540_Mineral de la Reforma"	540	"Mineral de la Reforma"	"Vialidades Urbanas"	2023	"Reconstrucción de carpeta asfáltica en calle Quetzalcoatl del km. 0+000 al km. 0+756, municipio de Mineral de la Reforma."	"Forjadores de Pachuca"	NA	"DGIVC"	"Se realizan los siguientes trabajos: trazo y nivelación de plazas, suministro y aplicación de carpeta asfáltica compactado."	TRUE
"542_Mineral de la Reforma"	542	"Mineral de la Reforma"	"Infraestructura Hídrica"	2023	"Sustitución de linea de distribución por gravedad de agua potable 6 de diámetro, avenida La Providencia, desde la reja de CONALEP hasta la calle Corregidora, Municipio de Mineral de la Reforma, Hidalgo."	"La Providencia Siglo XXI"	22705	"CAASIM"	"Considera los trabajos de preliminares, piso para pavimento de concreto hidráulico."	TRUE
"543_Mineral de la Reforma"	543	"Mineral de la Reforma"	"Infraestructura Hídrica"	2023	"Sustitución y reubicación de líneas de conducción por bombeo y gravedad de agua potable de 6 de diámetro, de pb Providencia a fraccionamiento San Cristóbal II, colonia la Providencia, municipio de Mineral de la Reforma, hidalgo."	"La Providencia Siglo XXI"	NA	"CAASIM"	"Considera los trabajos de instalación de tubería, rellenos con material producto de excavación, prueba de la tubería en la comunidad."	TRUE
"544_Mineral de la Reforma"	544	"Mineral de la Reforma"	"Infraestructura Carretera"	2022	"Construcción de Boulevard La Providencia - San Fernando, en el municipio de Mineral de la Reforma"	"La Providencia Siglo Xxi"	22705	"DGIVC"	"Considera los trabajos de la Construcción de Vialidad Providencia el Saucillo en el municipio de Mineral de la Reforma."	TRUE
"545_Mineral de la Reforma"	545	"Mineral de la Reforma"	"Vialidades Urbanas"	2023	"Reconstrucción con carpeta asfáltica en Av. San Alberto del Km. 0+000 al Km. 0+305 y Av. Santa Isabel del Km. 0+000 al Km. 0+400, colonia La Providencia."	"La Providencia Siglo Xxi"	NA	"DGIVC"	"Se realizan los siguientes trabajos: trazo y nivelación de plazas, suministro y aplicación de carpeta asfáltica compactado,  en el municipio de Mineral de la Reforma"	TRUE
"546_Mineral de la Reforma"	546	"Mineral de la Reforma"	"Vialidades Urbanas"	2023	"Rehabilitación de carpeta asfáltica en Av. Santa Fe del Km. 0+000 al Km. 0+860, colonia La Providencia."	"La Providencia Siglo Xxi"	NA	"DGIVC"	"Se realizan los siguientes trabajos: trazo y nivelación de plazas, suministro y aplicación de carpeta asfáltica compactado,  en el municipio de Mineral de la Reforma"	TRUE
"547_Mineral de la Reforma"	547	"Mineral de la Reforma"	"Vialidades Urbanas"	2023	"Reconstrucción Santa Esperanza La Providencia. municipio de Mineral de la Reforma, Hidalgo."	"La Providencia Siglo Xxi"	NA	"DGIVC"	"Considera trabajos en la rehabilitación y/o mejoramiento de las vialidades urbanas en la localidad de La Providencia Siglo Xxi muncipio de Mineral de la Reforma"	TRUE
"548_Mineral de la Reforma"	548	"Mineral de la Reforma"	"Vialidades Urbanas"	2023	"Rehabilitación de carpeta asfáltica con riego de sello en calle Circuito Santa Cecilia del Km 1+200 Al Km. 1+930, La Providencia municipio de Mineral de la Reforma"	"La Providencia Siglo Xxi"	NA	"DGOPI"	"Se realizan los siguientes trabajos: trazo y nivelación de plazas, suministro y aplicación de carpeta asfáltica compactado."	TRUE
"549_Mineral de la Reforma"	549	"Mineral de la Reforma"	"Vialidades Urbanas"	2024	"Reconstrucción del Blvd. Santa Cecilia, La Providencia, Mineral de la Reforma"	"La Providencia Siglo Xxi"	22705	"DGOPI"	"Considera trabajos en la rehabilitación y/o mejoramiento de las vialidades urbanas en la localidad de La Providencia Siglo Xxi muncipio de Mineral de la Reforma"	TRUE
"550_Mineral de la Reforma"	550	"Mineral de la Reforma"	"Espacios Públicos"	2023	"Sustitución de alumbrado público en el Parque Industrial Metropolitano; en el municipio de Mineral de la Reforma"	"La Providencia Sigloxxi"	NA	"DGOPI"	"Considera trabajos en infraestructura del Espacio Público en el municipio de Mineral de la Reforma."	TRUE
"551_Mineral de la Reforma"	551	"Mineral de la Reforma"	"Infraestructura Carretera"	2023	"Reconstruccíon de carpeta asfáltica en carretera Los Tuzos Entronque Carretero Pachuca - Cd. Sahagún del km 0+000 al km. 1+200, municipio de Mineral de la Reforma"	"Los Tuzos"	6670	"DGIVC"	"Considera trabajos para la reconstrucción y/o conservación de Infraestructura Carretera en la localidad de Los Tuzos municipio de Mineral de la Reforma"	TRUE
"552_Mineral de la Reforma"	552	"Mineral de la Reforma"	"Vialidades Urbanas"	2023	"Reconstrucción de carpeta asfáltica en tres calles Romero de Terreros, de Los Mineros y Lumbrera del Km. 0+000 Al Km. 0+550, colonia Los Tuzos, municipio de Mineral de la Reforma."	"Los Tuzos"	NA	"DGIVC"	"Se realizan los siguientes trabajos: trazo y nivelación de plazas, suministro y aplicación de carpeta asfáltica compactado."	TRUE
"554_Mineral de la Reforma"	554	"Mineral de la Reforma"	"Infraestructura Hídrica"	2022	"Inversión de 518 mil pesos en ampliación de red de drenaje sanitario, en Avenida Real de Minas, Santa María la Calera, municipio de Mineral de la Reforma."	"Mineral de la Reforma"	NA	"CAASIM"	"Considera los trabajos de excavaciones y rellenos, descargas domiciliarias, pozos de visita, red de drenaje."	TRUE
"555_Mineral de la Reforma"	555	"Mineral de la Reforma"	"Infraestructura Hídrica"	2023	"Sustitución de línea de distribución por gravedad de agua potable de 12 de diámetro, tramo tanque CONALEP a calle sin nombre, atrás del fraccionamiento el Paraíso, municipio de Mineral de la Reforma, Hidalgo."	"Mineral de la Reforma"	NA	"CAASIM"	"Considera los trabajos de preliminares, piso para pavimento de concreto hidráulico."	TRUE
"556_Mineral de la Reforma"	556	"Mineral de la Reforma"	"Infraestructura Hídrica"	2023	"Perforación y equipamiento electromécanico en sustitución del pozo 3 Téllez, Municipio de Mineral de la Reforma, Hidalgo."	"Mineral de la Reforma"	NA	"CAASIM"	"Considera los trabajos de preliminares, perforación de pozo en la localidad de Mineral de la Reforma municipio de Mineral de la Reforma"	TRUE
"557_Mineral de la Reforma"	557	"Mineral de la Reforma"	"Infraestructura Hídrica"	2023	"Perforación y equipamiento electromecánico del pozo Providencia IV Mineral de la Reforma, Hidalgo."	"Mineral de la Reforma"	NA	"CAASIM"	"Considera los trabajos de preliminares, perforación de pozo en la localidad de Mineral de la Reforma municipio de Mineral de la Reforma"	TRUE
"558_Mineral de la Reforma"	558	"Mineral de la Reforma"	"Infraestructura Hídrica"	2024	"Línea de Interconexión El Dorado"	"Mineral de la Reforma"	NA	"CAASIM"	"Considera los trabajos de instalación de tubería, rellenos con material producto de excavación, prueba de la tubería en la comunidad."	TRUE
"560_Mineral de la Reforma"	560	"Mineral de la Reforma"	"Infraestructura Carretera"	2022	"Rehabilitación del puente acceso a Pachuquilla, municipio de Mineral de la Reforma"	"Pachuquilla"	9559	"DGCCE"	"Considera trabajos para la reconstrucción y/o conservación de Infraestructura Carretera en la localidad de Pachuquilla municipio de Mineral de la Reforma"	TRUE
"561_Mineral de la Reforma"	561	"Mineral de la Reforma"	"Infraestructura Hídrica"	2024	"Obras emergentes de renovación de Infraestructura sanitaria Red Pachuquilla"	"Pachuquilla"	9559	"CAASIM"	"Considera trabajos de mejoramiento a la infraestructura sanitaria."	TRUE
"562_Mineral de la Reforma"	562	"Mineral de la Reforma"	"Vivienda Asequible"	2024	"Construcción de cuartos dormitorios en el municipio de Mineral de la Reforma"	"Pachuquilla, San Guillermo La Reforma, Santa María La Calera"	NA	"CEVI"	"Considera los trabajos de construcción de cuarto dormitorio en terreno del beneficiario."	TRUE
"563_Mineral de la Reforma"	563	"Mineral de la Reforma"	"Infraestructura Hídrica"	2023	"Sustitución de línea de conducción por bombeo de 24” de diámetro, tramo salones Macro’s a tanque Abundio Martínez, Municipio de Mineral de la Reforma, Hidalgo."	"PRI Chacón"	2778	"CAASIM"	"Considera los trabajos de instalación de tubería, rellenos con material producto de excavación, prueba de la tubería en la comunidad."	TRUE
"564_Mineral de la Reforma"	564	"Mineral de la Reforma"	"Vialidades Urbanas"	2022	"Reconstrucción de la calle Zeuz, en Mineral de la Reforma"	"Pri Chacón"	2778	"DGOPI"	"Considera los trabajos de preliminares, piso para pavimento de concreto hidráulico."	TRUE
"566_Mineral de la Reforma"	566	"Mineral de la Reforma"	"Infraestructura Carretera"	2023	"Reconstrucción de la Autopista Turística de la Montaña (Cuerpo B)."	"San Guillermo la Reforma"	995	"DGCCE"	"Considera trabajos para la reconstrucción y/o conservación de Infraestructura Carretera en la localidad de Pachuquilla municipio de Mineral de la ReformaPachuquilla municipio de Mineral de la Reforma"	TRUE
"567_Mineral de la Reforma"	567	"Mineral de la Reforma"	"Vialidades Urbanas"	2024	"Construcción de pavimento hidráulico en calle 21 de marzo, San Guillermo La Reforma, municipio de Mineral de la Reforma"	"San Guillermo la Reforma"	995	"DGOPI"	"Considera los trabajos de preliminares, piso para pavimento de concreto hidráulico."	TRUE
"568_Mineral de la Reforma"	568	"Mineral de la Reforma"	"Infraestructura Carretera"	2023	"Reconstrucción de la Autopista Turística de la Montaña (Cuerpo A)"	"San Guíllermo la Reforma"	NA	"DGCCE"	"Considera trabajos para la reconstrucción y/o conservación de Infraestructura Carretera en la localidad de San Guíllermo la Reforma municipio de Mineral de la Reforma"	TRUE
"570_Mineral de la Reforma"	570	"Mineral de la Reforma"	"Infraestructura Hídrica"	2024	"Perforación y Equipamiento de pozo en Palma Gorda, Mineral de la Reforma, Hgo."	"San José Palma Gorda"	NA	"CAASIM"	"Considera los trabajos de preliminares, perforación de pozo en la localidad de Palma Gorda municipio de Mineral de la Reforma"	TRUE
"571_Mineral de la Reforma"	571	"Mineral de la Reforma"	"Infraestructura Hídrica"	2022	"Inversión de 1.9 mdp en mantenimiento y mejoramiento a planta potabilizadora Palma Gorda."	"San José Palma Gorda"	756	"CAASIM"	"Considera los trabajos de instalación de tubería, rellenos con material producto de excavación, prueba de la tubería en la comunidad."	TRUE
"572_Mineral de la Reforma"	572	"Mineral de la Reforma"	"Espacios Públicos"	2023	"Construcción de polideportivo y mejoramiento de campo de tiro en el IFP de Mineral de la Reforma"	"San José Palma Gorda"	756	"DGCCE"	"Considera trabajos en infraestructura del Espacio Público en el municipio de Mineral de la Reforma."	TRUE
"573_Mineral de la Reforma"	573	"Mineral de la Reforma"	"Espacios Públicos"	2022	"Mejoramiento del Instituto de Formación Profesional"	"San José Palma Gorda"	NA	"DGOPI"	"Considera trabajos en infraestructura en Seguridad Pública  del Instituto de Formación Profesional en la localidad de San José Palma Gorda el municipio de Mineral de la Reforma."	TRUE
"574_Mineral de la Reforma"	574	"Mineral de la Reforma"	"Espacios Públicos"	2024	"Alumbrado de canchas deportivas y pista de manejo del Instituto de Formación Profesional."	"San José Palma Gorda"	756	"IFP"	"Considera trabajos en infraestructura en Seguridad Pública  del Instituto de Formación Profesional en la localidad de San José Palma Gorda el municipio de Mineral de la Reforma."	TRUE
"575_Mineral de la Reforma"	575	"Mineral de la Reforma"	"Espacios Públicos"	2024	"Construcción de bardeado perimetral del Instituto de Formación Profesional."	"San José Palma Gorda"	NA	"IFP"	"Considera trabajos en infraestructura en Seguridad Pública  del Instituto de Formación Profesional en la localidad de San José Palma Gorda el municipio de Mineral de la Reforma."	TRUE
"576_Mineral de la Reforma"	576	"Mineral de la Reforma"	"Espacios Públicos"	2024	"Mejoramiento de unidades en el IFP de Mineral de la Reforma"	"San José Palma Gorda"	NA	NA	"Considera trabajos en infraestructura en Seguridad Pública  del Instituto de Formación Profesional en la localidad de San José Palma Gorda el municipio de Mineral de la Reforma."	TRUE
"577_Mineral de la Reforma"	577	"Mineral de la Reforma"	"Espacios Públicos"	2024	"Mejoramiento del Instituto de Formación Profesional."	"San José Palma Gorda"	NA	"INFOP"	"Considera trabajos en infraestructura en Seguridad Pública  del Instituto de Formación Profesional en la localidad de San José Palma Gorda el municipio de Mineral de la Reforma."	TRUE
"578_Mineral de la Reforma"	578	"Mineral de la Reforma"	"Espacios Públicos"	2024	"Construcción del Centro de Intervención del Instituto de Formación Profesional"	"San José Palma Gorda"	NA	"DGOPI"	"Considera trabajos en infraestructura del Espacio Público en el municipio de Mineral de la Reforma."	TRUE
"579_Mineral de la Reforma"	579	"Mineral de la Reforma"	"Vialidades Urbanas"	2024	"Pavimentación hidráulica en calle El Roble y Av. De los Sabinos, en san Miguel La Higa, Mineral de la Reforma"	"San Miguel la Higa"	720	"DGOPI"	"Considera los trabajos de preliminares, piso para pavimento de concreto hidráulico."	TRUE
"580_Mineral de la Reforma"	580	"Mineral de la Reforma"	"Vialidades Urbanas"	2024	"Reconstrucción de pavimento asfáltico en camino acceso a San José Palma Gorda - La Higa, municipio de Mineral de la Reforma"	"San Miguel la Higa"	NA	"DGCCE"	"Considera los trabajos de la operación de escarificación, disgregado, construcción de base hidráulica, suministro y aplicación de riego de liga con emulsión asfáltica."	TRUE
"581_Mineral de la Reforma"	581	"Mineral de la Reforma"	"Vialidades Urbanas"	2023	"Construcción y reconstrucción de pavimento asfáltico en Blvd. Santa Rita del Km. 0+000 al Km. 0+650, La Calera, municipio de Mineral de la Reforma"	"Santa María la Calera"	2261	"DGOPI"	"Considera los trabajos de la operación de escarificación, disgregado, construcción de base hidráulica, suministro y aplicación de riego de liga con emulsión asfáltica."	TRUE
"583_Mineral de la Reforma"	583	"Mineral de la Reforma"	"Vialidades Urbanas"	2023	"Pavimentación con concreto hidráulico de calle Brillante, entre Av. Minerales y calle Diamante en la localidad de Santa María la Calera en el municipio de Mineral de la Reforma"	"Santa María la Calera"	NA	"DGCCE"	"Considera los trabajos de preliminares, riego de impregnación, piso para pavimento de concreto hidráulico."	TRUE
"584_Mineral de la Reforma"	584	"Mineral de la Reforma"	"Infraestructura Hídrica"	2024	"Obras emergentes de renovación de Infraestructura sanitaria Red La Calera"	"Santa María la Calera"	2261	"CAASIM"	"Considera trabajos de mejoramiento a la infraestructura sanitaria."	TRUE
"586_Mineral de la Reforma"	586	"Mineral de la Reforma"	"Infraestructura Carretera"	2023	"Reconstrucción de pavimento en el boulevard Nuevo Hidalgo, tramo Distribuidor Colonias - Distribuidor Vial Municipios Unidos - puente El Venado (cuerpo izquierdo)."	"Varias"	NA	"DGCCE"	"Considera los trabajos de pavimento de concreto hidráulico premezclado, adquisición de mezcla asfáltica en caliente."	TRUE
"587_Mineral de la Reforma"	587	"Mineral de la Reforma"	"Infraestructura Carretera"	2024	"Reconstrucción de Pavimento en el Boulevard Nuevo Hidalgo tramo Distribuidor Colonias - Distribuidor Vial Municipios Unidos - Puente El Venado (Cuerpo Derecho), en el municipio de Mineral de la Reforma."	"Varias"	NA	"DGCCE"	"Se realizará la construcción contemplando las siguientes partidas: preliminares, terracerías, estabilización de subbase, base hidráulica, riego de impregnación, pavimento de concreto hidráulico, señalamiento y obras complementarias."	TRUE
"588_Mineral de la Reforma"	588	"Mineral de la Reforma"	"Espacios Públicos"	2024	"Rehabilitación y mejoramiento de la imagen urbana en el acceso, Boulevard Everardo Márquez, municipio de Mineral de la Reforma."	"Varias"	NA	"DGCCE"	"Considera trabajos construcción de guarniciones altas y bajas con concreto hidráulico."	TRUE
"589_Mineral de la Reforma"	589	"Mineral de la Reforma"	"Infraestructura Hídrica"	2022	"Inversión de 5.5 mdp en la adquisición de 10 variadores de velocidad para el mejoramiento al sistema de telemetría en pozos y bombeos de Palma Gorda, Tepeapulco, Tizayuca, Téllez y Matilde"	"Varias"	NA	"CAASIM"	"Considera los trabajos para la rehabilitación y equipamiento de pozo en la localidad de  Varias municipio de Mineral de la Reforma, Tepeapulco, Tizayuca"	TRUE
"589_Tepeapulco"	589	"Tepeapulco"	"Infraestructura Hídrica"	2022	"Inversión de 5.5 mdp en la adquisición de 10 variadores de velocidad para el mejoramiento al sistema de telemetría en pozos y bombeos de Palma Gorda, Tepeapulco, Tizayuca, Téllez y Matilde"	"Varias"	NA	"CAASIM"	"Considera los trabajos para la rehabilitación y equipamiento de pozo en la localidad de  Varias municipio de Mineral de la Reforma, Tepeapulco, Tizayuca"	TRUE
"589_Tizayuca"	589	"Tizayuca"	"Infraestructura Hídrica"	2022	"Inversión de 5.5 mdp en la adquisición de 10 variadores de velocidad para el mejoramiento al sistema de telemetría en pozos y bombeos de Palma Gorda, Tepeapulco, Tizayuca, Téllez y Matilde"	"Varias"	NA	"CAASIM"	"Considera los trabajos para la rehabilitación y equipamiento de pozo en la localidad de  Varias municipio de Mineral de la Reforma, Tepeapulco, Tizayuca"	TRUE
"590_Mineral de la Reforma"	590	"Mineral de la Reforma"	"Vivienda Asequible"	2022	"Construcción de 16 cuartos dormitorio en los municipios de Mineral de la Reforma y Tepeapulco"	"Amaque,Azoyatla de Ocampo,Col. del Trabajo,Dos Carlos Pueblo Nuevo,La Colonia,Los Cides,Los Reyes,Rio de la Soledad,San Guillermo la Reforma,Santiago Jaltepec"	NA	"CEVI"	"Considera los trabajos de construcción de cuarto dormitorio en terreno del beneficiario."	TRUE
"60_Alfajayucan"	60	"Alfajayucan"	"Infraestructura Hídrica"	2023	"Construcción de obra de toma, línea de conducción del Canal de Interconexión de la Presa de Almacenamiento El Yathé al Canal Principal Vicente Aguirre del Km 0+046.26 al Km 0+623.30, en el municipio de Alfajayucan."	"Barrio Panotlán"	1794	"SIPDUS"	"Considera los trabajos de  línea de conducción, obra de toma, estructura de descarga, desfogues con accesorios, derivaciones con accesorios."	TRUE
"609_Mineral del Monte"	609	"Mineral del Monte"	"Vialidades Urbanas"	2023	"Pavimentación de concreto hidráulico San Pedro Huilxoltitla hacia Llano Grande, municipio Mineral del Monte"	"San Pedro Huixotitla"	2.81	"DGCCE"	"Considera los trabajos de preliminares, riego de impregnación, piso para pavimento de concreto hidráulico."	TRUE
"611_Mixquiahuala de Juárez"	611	"Mixquiahuala de Juárez"	"Vialidades Urbanas"	2024	"Pavimentación Calle 2 de Enero, en la localidad La Reforma, municipio de Mixquiahuala."	"La Arboleda"	1	"DGIVC"	"Considera los trabajos de preliminares, piso para pavimento de concreto hidráulico."	TRUE
"617_Mixquiahuala de Juárez"	617	"Mixquiahuala de Juárez"	"Infraestructura Hídrica"	2024	"Construcción de cajas de válvulas y equipamiento para la macromedición en derivaciones de líneas de conducción, para las localidades de los Municipios de Mixquiahuala de Juárez y Progreso de Obregón."	"Varias"	NA	"CAASVAM"	"Considera los trabajos para la rehabilitación y equipamiento de pozo en los municipios de Mixquiahuala de Juárez y Progreso de Obregón"	FALSE
"617_Progreso de Obregón"	617	"Progreso de Obregón"	"Infraestructura Hídrica"	2024	"Construcción de cajas de válvulas y equipamiento para la macromedición en derivaciones de líneas de conducción, para las localidades de los Municipios de Mixquiahuala de Juárez y Progreso de Obregón."	"Varias"	NA	"CAASVAM"	"Considera los trabajos para la rehabilitación y equipamiento de pozo en los municipios de Mixquiahuala de Juárez y Progreso de Obregón"	TRUE
"630_Nicolás Flores"	630	"Nicolás Flores"	"Infraestructura Hídrica"	2023	"Construcción de sistema de alcantarillado sanitario, colectores y emisor para beneficiar a las localidades de Segundo Centro, Cruz de Piedra, y Tedra, en el&#10;municipio de Nicolás Flores, etapa dos de dos."	"Segundo Centro, Cruz de Piedra, y Tedra"	NA	"CEAA"	"Considera los trabajos de excavaciones y rellenos, descargas domiciliarias, red de alcantarillado."	TRUE
"631_Nicolás Flores"	631	"Nicolás Flores"	"Infraestructura Hídrica"	2022	"Construcción de sistema de alcantarillado sanitario, colectores y emisor para beneficiar a las localidades de Segundo Centro, Cruz de Piedra, y Tedra, en el municipio de Nicolás Flores, etapa una de dos."	"Segundo Centro, Cruz de Piedra, y Tedra"	208	"CEAA"	"Considera los trabajos de excavaciones y rellenos, descargas domiciliarias, red de alcantarillado."	TRUE
"632_Nicolás Flores"	632	"Nicolás Flores"	"Infraestructura Carretera"	2024	"Construcción de cunetas en vialidad de acceso a Nicolás Flores, en el municipio de Nicolás Flores"	"Varias"	NA	"DGOPI"	"Considera trabajos para la reconstrucción y/o conservación de Infraestructura Carretera en la localidad de Varias municipio de Nicolás Flores"	TRUE
"633_Nicolás Flores"	633	"Nicolás Flores"	"Infraestructura Carretera"	2024	"Rehabilitación de acceso a Nicolás Flores vía Bocua - Cerro de la Cruz, municipio de Nicolás Flores"	"Varias"	NA	NA	"Considera los trabajos de revestimiento del camino a Nicolás Flores."	TRUE
"639_Nopala de Villagrán"	639	"Nopala de Villagrán"	"Vialidades Urbanas"	2023	"Construcción de empedrado ahogado de camino San Isidro a colonia Guadalupe El Astillero; en el municipio de Nopala de Villagrán"	"San Isidro"	9	"DGIVC"	"Considera trabajos en la rehabilitación y/o mejoramiento de las vialidades urbanas en la localidad de San Isidro muncipio de Nopala de Villagrán"	TRUE
"641_Omitlán de Juárez"	641	"Omitlán de Juárez"	"Vivienda Asequible"	2024	"Construcción de cuartos dormitorios en el municipio de Omitlán de Juárez"	"Cruz de Omitlán, El Mirador, El Resbalón, Morelos, San Antonio El Paso, Santa Elena, Tres Cañadas"	NA	"CEVI"	"Considera los trabajos de construcción de cuarto dormitorio en terreno del beneficiario."	TRUE
"642_Omitlán de Juárez"	642	"Omitlán de Juárez"	"Vialidades Urbanas"	2023	"Pavimentación de concreto hidráulico en la localidad del Comanche, municipio de Omitlán de Juárez"	"El Comanche"	287	"DGCCE"	"Considera los trabajos de preliminares, riego de impregnación, piso para pavimento de concreto hidráulico."	TRUE
"649_Omitlán de Juárez"	649	"Omitlán de Juárez"	"Vialidades Urbanas"	2023	"Pavimentación de Concreto Hidráulico tramo La Iglesia, en la localidad de Puentecillas; municipio de Omitlán de Juárez"	"Puentecillas"	452	"DGCCE"	"Considera los trabajos de preliminares, riego de impregnación, piso para pavimento de concreto hidráulico."	TRUE
"651_Omitlán de Juárez"	651	"Omitlán de Juárez"	"Vialidades Urbanas"	2023	"Pavimentación de concreto hidráulico tramo Velasco el Mirador; municipio de Omitlán de Juárez"	"Velasco"	553	"DGCCE"	"Considera los trabajos de preliminares, riego de impregnación, piso para pavimento de concreto hidráulico."	TRUE
"652_Pachuca de Soto"	652	"Pachuca de Soto"	"Vialidades Urbanas"	2023	"Pavimentación de Calzada Veracruz a San Bartolo, en la localidad de San Bartolo; en el municipio de Pachuca de Soto."	"Ejido San Bartolo"	9	"DGOPI"	"Considera trabajos en la rehabilitación y/o mejoramiento de las vialidades urbanas en la localidad de Ejido San Bartolo muncipio de Pachuca de Soto"	TRUE
"655_Pachuca de Soto"	655	"Pachuca de Soto"	"Infraestructura Hídrica"	2022	"Colector pluvial Ferrocarril Central - Dren Santa Julia, municipio de Pachuca de Soto"	"Pachuca de Soto"	297848	"SIPDUS"	"Considera los trabajos colecto, canal rectangular cerrado, obra inducida general."	TRUE
"656_Pachuca de Soto"	656	"Pachuca de Soto"	"Infraestructura Hídrica"	2023	"Sustitución de red de alcantarillado sanitario, Colonias San Bartolo, tramo Prlolongación Yucatán - Calzada Veracruz, municipio de Pachuca de Soto,Hgo."	"Pachuca de Soto"	NA	"CAASIM"	"Considera los trabajos de excavaciones y rellenos, descargas domiciliarias, red de alcantarillado."	TRUE
"657_Pachuca de Soto"	657	"Pachuca de Soto"	"Infraestructura Hídrica"	2023	"Sustitución de red de alcantarillado sanitario en calles San Gabriel, Prolongación Sonora y Santa Catalina, colonia San Bartolo, municipio de Pachuca de Soto, Hgo."	"Pachuca de Soto"	NA	"CAASIM"	"Considera los trabajos de preliminares, piso para pavimento de concreto hidráulico."	TRUE
"658_Pachuca de Soto"	658	"Pachuca de Soto"	"Infraestructura Hídrica"	2023	"Construcción del colector pluvial circuito Nuevo Pachuca, Col. Juan C. Doria"	"Pachuca de Soto"	297848	"SIPDUS"	"Considera los trabajos de Canal de Concreto, Colector Principal, Colector Pluvial."	TRUE
"659_Pachuca de Soto"	659	"Pachuca de Soto"	"Infraestructura Hídrica"	2023	"Construcción del dren pluvial Nopancalco - Tezontle"	"Pachuca de Soto"	NA	"SIPDUS"	"Considera los trabajos de Canal Rectangular Revestida."	TRUE
"660_Pachuca de Soto"	660	"Pachuca de Soto"	"Infraestructura Hídrica"	2023	"Rehabilitación del dren pluvial Las Torres"	"Pachuca de Soto"	NA	"SIPDUS"	"Considera los trabajos de Canal de Concreto, Colector Principal, Colector Pluvial."	TRUE
"661_Pachuca de Soto"	661	"Pachuca de Soto"	"Infraestructura Hídrica"	2023	"Sustitución de línea de distribución por gravedad de agua potable de 6 de diámetro, sobre calle 1ro. de Mayo, tramo antigua carretera La Paz a calle Miguel Hidalgo y Costilla, colonia Venta Prieta, municipio de Pachuca de Soto, Hidalgo."	"Pachuca de Soto"	NA	"CAASIM"	"Considera los trabajos de preliminares, piso para pavimento de concreto hidráulico."	TRUE
"662_Pachuca de Soto"	662	"Pachuca de Soto"	"Infraestructura Hídrica"	2023	"Sustitución de red de distribución de agua potable de 4 de diámetro en la calle Vicente Segura, Colonia Adolfo López Mateos, Pachuca de Soto, Hidalgo"	"Pachuca de Soto"	NA	"CAASIM"	"Considera los trabajos de preliminares, piso para pavimento de concreto hidráulico."	TRUE
"663_Pachuca de Soto"	663	"Pachuca de Soto"	"Infraestructura Hídrica"	2022	"Inversión de 1.3 mdp en sustitución de línea de agua potable en calle Sonora, Colonia Nuevo San Bartolo del municipio de Pachuca."	"Pachuca de Soto"	NA	"CAASIM"	"Considera los trabajos de preliminares, piso para pavimento de concreto hidráulico."	TRUE
"664_Pachuca de Soto"	664	"Pachuca de Soto"	"Infraestructura Hídrica"	2022	"Inversión de 1.4 mdp en mantenimiento y mejoramiento a planta potabilizadora San Juan."	"Pachuca de Soto"	NA	"CAASIM"	"Considera los trabajos de instalación de tubería, rellenos con material producto de excavación, prueba de la tubería en la comunidad."	TRUE
"665_Pachuca de Soto"	665	"Pachuca de Soto"	"Infraestructura Hídrica"	2023	"Sustitución de red de distribución en fraccionamiento Rancho La Colonia, Municipio de Pachuca Hidalgo"	"Pachuca de Soto"	NA	"CAASIM"	"Considera los trabajos de instalación de tubería, rellenos con material producto de excavación, prueba de la tubería en la comunidad."	TRUE
"666_Pachuca de Soto"	666	"Pachuca de Soto"	"Infraestructura Hídrica"	2022	"Inversión de 1.4 mdp en mantenimiento a planta de tratamiento de aguas residuales las Garzas"	"Pachuca de Soto"	NA	"CAASIM"	"Ejecuta trabajos para el mantenimiento y mejoramiento de la Planta de tratamiento en elmunicipio de Pachuca de Soto."	TRUE
"667_Pachuca de Soto"	667	"Pachuca de Soto"	"Infraestructura Hídrica"	2023	"Uniformes personal CAASIM"	"Pachuca de Soto"	NA	"CAASIM"	"Se ejecutan acciones para la ejecución de obras en Infraestructura hídrica."	FALSE
"668_Pachuca de Soto"	668	"Pachuca de Soto"	"Infraestructura Hídrica"	2023	"Prendas de protección"	"Pachuca de Soto"	NA	"CAASIM"	"Se ejecutan acciones para la ejecución de obras en Infraestructura hídrica."	FALSE
"669_Pachuca de Soto"	669	"Pachuca de Soto"	"Infraestructura Hídrica"	2023	"Certificación de laboratorio CAASIM (1ra. Etapa)"	"Pachuca de Soto"	NA	"CAASIM"	"Se ejecutan acciones para la ejecución de obras en Infraestructura hídrica."	TRUE
"670_Pachuca de Soto"	670	"Pachuca de Soto"	"Infraestructura Hídrica"	2023	"Policía Hidríca de CAASIM"	"Pachuca de Soto"	NA	"CAASIM"	"Se ejecutan acciones para la ejecución de obras en Infraestructura hídrica."	FALSE
"671_Pachuca de Soto"	671	"Pachuca de Soto"	"Infraestructura Hídrica"	2023	"Adquisición de equipos de bombeo para pozos&#10;y plantas de bombeo."	"Pachuca de Soto"	NA	"CAASIM"	"Considera los trabajos para la rehabilitación y equipamiento de pozo en el municipio de Pachuca."	FALSE
"672_Pachuca de Soto"	672	"Pachuca de Soto"	"Infraestructura Hídrica"	2023	"Adquisición de grua con plataforma para operación en Pozo"	"Pachuca de Soto"	NA	"CAASIM"	"Se ejecutan acciones para la ejecución de obras en Infraestructura hídrica."	FALSE
"673_Pachuca de Soto"	673	"Pachuca de Soto"	"Infraestructura Hídrica"	2023	"Adquisición de 3 carros cisterna con tanque en acero inoxidable de 10m3 de capacidad."	"Pachuca de Soto"	NA	"CAASIM"	"Se ejecutan acciones para la ejecución de obras en Infraestructura hídrica."	FALSE
"674_Pachuca de Soto"	674	"Pachuca de Soto"	"Infraestructura Hídrica"	2023	"Mantenimiento de las Instalaciones del Pozo 2 las Garzas."	"Pachuca de Soto"	NA	"CAASIM"	"Considera los trabajos para la rehabilitación y equipamiento de pozo en el municipio de Pachuca."	TRUE
"675_Pachuca de Soto"	675	"Pachuca de Soto"	"Infraestructura Hídrica"	2023	"Programa de localizacion de fugas 1ra. Etapa vía satelital"	"Pachuca de Soto"	NA	"CAASIM"	"Se ejecutan acciones para la ejecución de obras en Infraestructura hídrica."	FALSE
"676_Pachuca de Soto"	676	"Pachuca de Soto"	"Infraestructura Hídrica"	2023	"Estudio de eficiencia energética, electromecánica y balance hidráulico de 52 pozos de extracción de agua potable en CAASIM,"	"Pachuca de Soto"	NA	"CAASIM"	"Considera los trabajos para la rehabilitación y equipamiento de pozo en el municipio de Pachuca."	FALSE
"677_Pachuca de Soto"	677	"Pachuca de Soto"	"Infraestructura Hídrica"	2023	"Adquisición de equipo hidroneumático de desazolve para la limpieza de alcantarillados por agua a presión y succión"	"Pachuca de Soto"	NA	"CAASIM"	"Se ejecutan acciones para la ejecución de obras en Infraestructura hídrica."	FALSE
"678_Pachuca de Soto"	678	"Pachuca de Soto"	"Infraestructura Hídrica"	2023	"Adquisición de variadores de velocidad para su integración al Sistema Telemetría y Control"	"Pachuca de Soto"	NA	"CAASIM"	"Se ejecutan acciones para la ejecución de obras en Infraestructura hídrica."	FALSE
"679_Pachuca de Soto"	679	"Pachuca de Soto"	"Infraestructura Hídrica"	2023	"Programa de reparación de fugas 2da. Etapa (Contratista repara) Topos"	"Pachuca de Soto"	NA	"CAASIM"	"Se ejecutan acciones para la ejecución de obras en Infraestructura hídrica."	FALSE
"680_Pachuca de Soto"	680	"Pachuca de Soto"	"Infraestructura Hídrica"	2023	"Adquisión de grúa telescópica de 80 tolenadas, 49.5 metros 2881 kN-m"	"Pachuca de Soto"	NA	"CAASIM"	"Se ejecutan acciones para la ejecución de obras en Infraestructura hídrica."	FALSE
"681_Pachuca de Soto"	681	"Pachuca de Soto"	"Infraestructura Hídrica"	2023	"Adquisición de 3 carros cisterna con tanque en acero inoxidable de 10m3 de capacidad."	"Pachuca de Soto"	NA	"CAASIM"	"Se ejecutan acciones para la ejecución de obras en Infraestructura hídrica."	FALSE
"682_Pachuca de Soto"	682	"Pachuca de Soto"	"Infraestructura Hídrica"	2023	"Telemetría control y comunicación para tanques y rebombeos"	"Pachuca de Soto"	NA	"CAASIM"	"Se ejecutan acciones para la ejecución de obras en Infraestructura hídrica."	FALSE
"683_Pachuca de Soto"	683	"Pachuca de Soto"	"Infraestructura Hídrica"	2023	"Proyecto de video vigilancia para estaciones y centros de control"	"Pachuca de Soto"	NA	"CAASIM"	"Considera los trabajos proyecto ejecutivo, para video vigilancia."	FALSE
"684_Pachuca de Soto"	684	"Pachuca de Soto"	"Infraestructura Hídrica"	2023	"Servicio de mantenimiento a tanques de bombeo y rebombeo"	"Pachuca de Soto"	NA	"CAASIM"	"Se ejecutan acciones para el mantenimiento de la Infraestructura hídrica"	FALSE
"685_Pachuca de Soto"	685	"Pachuca de Soto"	"Infraestructura Hídrica"	2023	"Sistema de control Administrativo y Operativo de Agua CAASIM"	"Pachuca de Soto"	NA	"CAASIM"	"Se ejecutan acciones para la ejecución de obras en Infraestructura hídrica."	FALSE
"686_Pachuca de Soto"	686	"Pachuca de Soto"	"Infraestructura Hídrica"	2023	"Perforación y equipamiento electromecánico en sustitución de pozo Zona Industrial La Paz (Pozo 2 Las Garzas), Municipio de Pachuca de Soto, Hidalgo."	"Pachuca de Soto"	NA	"CAASIM"	"Considera los trabajos de preliminares, perforación de pozo en la localidad de Pachuca de Soto municipio de Pachuca de Soto"	TRUE
"687_Pachuca de Soto"	687	"Pachuca de Soto"	"Infraestructura Hídrica"	2023	"Perforación y equipamiento electromecánico del pozo C. Doria Pachuca de Soto, Hidalgo"	"Pachuca de Soto"	NA	"CAASIM"	"Considera los trabajos de preliminares, perforación de pozo en la localidad de Pachuca de Soto municipio de Pachuca de Soto"	TRUE
"688_Pachuca de Soto"	688	"Pachuca de Soto"	"Infraestructura Hídrica"	2023	"Perforación y equipamiento electromecánico del pozo Colosio Pachuca de Soto, Hidalgo."	"Pachuca de Soto"	NA	"CAASIM"	"Considera los trabajos de preliminares, perforación de pozo en la localidad de Pachuca de Soto municipio de Pachuca de Soto"	TRUE
"689_Pachuca de Soto"	689	"Pachuca de Soto"	"Infraestructura Hídrica"	2022	"Inversión de 4.8 mdp en la rehabilitación mayor de 7 pozos profundos de la zona metropolitana de Pachuca."	"Pachuca de Soto"	NA	"CAASIM"	"Considera los trabajos para la rehabilitación y equipamiento de pozo en el municipio de Pachuca."	FALSE
"690_Pachuca de Soto"	690	"Pachuca de Soto"	"Infraestructura Hídrica"	2022	"Inversión de 10.6 mdp en la rehabilitación menor a 30 pozos de la zona metropolitana de Pachuca."	"Pachuca de Soto"	NA	"CAASIM"	"Considera los trabajos para la rehabilitación y equipamiento de pozo en el municipio de Pachuca."	FALSE
"691_Pachuca de Soto"	691	"Pachuca de Soto"	"Espacios Públicos"	2023	"Mantenimiento correctivo de impermeabilización en Palacio de Gobierno del Estado de Hidalgo Pachuca de Soto Hgo."	"Pachuca de Soto"	NA	"DGOPI"	"Considera trabajos en infraestructura del Espacio Público en el municipio de Pachuca de Soto."	TRUE
"692_Pachuca de Soto"	692	"Pachuca de Soto"	"Espacios Públicos"	2023	"Corredor Seguro de la Red Integrada de Transporte del Corredor Uno de la Zona Metropolitana de Pachuca"	"Pachuca de Soto"	NA	"DGIVC"	"Considera trabajos en infraestructura eléctrica en la Red Integrada de Transporte del Corredor Uno en el municipio de Pachuca."	TRUE
"693_Pachuca de Soto"	693	"Pachuca de Soto"	"Espacios Públicos"	2023	"Ampliación de módulo de pesas y anexo a campo de tiro con arco en el Centro Deportivo Hidalguense y de Alto Rendimiento"	"Pachuca de Soto"	NA	"DGOPI"	"Considera trabajos en infraestructura deportiva en el municipio de Pachuca de Soto."	TRUE
"694_Pachuca de Soto"	694	"Pachuca de Soto"	"Espacios Públicos"	2023	"Mantenimiento correctivo de impermeabilización en el inmueble de la Procuraduría General de Justicia del Estado de Hidalgo, ubicado en Pachuca de Soto Hgo."	"Pachuca de Soto"	NA	"DGOPI"	"Considera trabajos en infraestructura en Seguridad Pública en el municipio de Pachuca de Soto."	TRUE
"695_Ixmiquilpan"	695	"Ixmiquilpan"	"Espacios Públicos"	2022	"Mejoramiento de la Base de Operaciones de Ixmiquilpan, Hgo. de la Secretaría de Seguridad Pública"	"Pachuca de Soto"	NA	"DGOPI"	"Considera trabajos en infraestructura en Seguridad Pública en el municipio de Pachuca de Soto."	TRUE
"696_Pachuca de Soto"	696	"Pachuca de Soto"	"Espacios Públicos"	2022	"Mejoramiento de la Secretaría de Seguridad Pública"	"Pachuca de Soto"	NA	"DGOPI"	"Considera trabajos en infraestructura en Seguridad Pública en el municipio de Pachuca de Soto."	TRUE
"697_Pachuca de Soto"	697	"Pachuca de Soto"	"Espacios Públicos"	2022	"Mejoramiento del Cuartel la Paz de la Secretaría de Seguridad Pública"	"Pachuca de Soto"	NA	"DGOPI"	"Considera trabajos en infraestructura en Seguridad Pública en el municipio de Pachuca de Soto."	TRUE
"698_Pachuca de Soto"	698	"Pachuca de Soto"	"Espacios Públicos"	2023	"Sistema de alumbrado y construcción de cisterna en cancha de futbol soccer CEDAR."	"Pachuca de Soto"	NA	"DGCCE"	"Considera trabajos en infraestructura deportiva en el municipio de Pachuca de Soto."	TRUE
"699_Pachuca de Soto"	699	"Pachuca de Soto"	"Espacios Públicos"	2023	"Sistema de alumbrado y malla perimetral en cancha de futbol soccer Aeropuerto; en el municipio de Pachuca de Soto."	"Pachuca de Soto"	NA	"DGCCE"	"Considera trabajos en infraestructura deportiva en el municipio de Pachuca de Soto."	TRUE
"700_Pachuca de Soto"	700	"Pachuca de Soto"	"Espacios Públicos"	2023	"Remodelación del Centro de Rehabilitación Integral de Hidalgo (CRIH)."	"Pachuca de Soto"	NA	"DGOPI"	"Considera trabajos en infraestructura del Espacio Público en el municipio de Pachuca de Soto."	TRUE
"701_Pachuca de Soto"	701	"Pachuca de Soto"	"Espacios Públicos"	2023	"Estudio y proyecto para la remodelación de la Plaza Independencia, en el municipio de Pachuca."	"Pachuca de Soto"	NA	"DGEP"	"Considera los trabajos de estudios, proyecto conceptual y proyecto ejecutivo."	TRUE
"702_Pachuca de Soto"	702	"Pachuca de Soto"	"Espacios Públicos"	2023	"Rehabilitación de Centro Gerontológico Integral de Pachuca de Soto"	"Pachuca de Soto"	NA	"DGCCE"	"Considera trabajos en infraestructura del Espacio Público en el municipio de Pachuca de Soto."	TRUE
"703_Pachuca de Soto"	703	"Pachuca de Soto"	"Espacios Públicos"	2023	"Rehabilitación en azoteas, fachadas y anexo del CRIH, sede Pachuca de Soto."	"Pachuca de Soto"	NA	"DGOPI"	"Considera trabajos en infraestructura del Espacio Público en el municipio de Pachuca de Soto."	TRUE
"704_Pachuca de Soto"	704	"Pachuca de Soto"	"Espacios Públicos"	2023	"Estudio y proyecto para la construcción del nuevo edificio de Oficinas Gubernamentales."	"Pachuca de Soto"	NA	"DGEP"	"Considera los trabajos de estudios, proyecto conceptual y proyecto ejecutivo."	TRUE
"705_Pachuca de Soto"	705	"Pachuca de Soto"	"Espacios Públicos"	2023	"Reestructuración de puente del área de Coordinación de Enseñanza del Hospital del Niño DIF"	"Pachuca de Soto"	NA	"DGOPI"	"Considera trabajos en infraestructura del Espacio Público en el municipio de Pachuca de Soto."	TRUE
"706_Pachuca de Soto"	706	"Pachuca de Soto"	"Espacios Públicos"	2023	"Construcción de lago artificial, fuentes, esculturas y servicios de control que se ubican en torno al pisal homenaje a la Mujer del Mundo, en Pachuca de Soto, Hgo."	"Pachuca de Soto"	NA	"DGEP"	"Considera trabajos en infraestructura del Espacio Público en el municipio de Pachuca de Soto."	TRUE
"707_Pachuca de Soto"	707	"Pachuca de Soto"	"Espacios Públicos"	2023	"Mejoramiento estacionamiento PGJEH"	"Pachuca de Soto"	NA	"DGIVC"	"Considera trabajos en infraestructura del Espacio Público en el municipio de Pachuca de Soto."	TRUE
"708_Pachuca de Soto"	708	"Pachuca de Soto"	"Espacios Públicos"	2023	"Construcción de instalaciones de servicios básicos y terracerías para el Centro Cultural y Recreativo, del Parque Ben Gurión, en Pachuca de Soto, Hgo."	"Pachuca de Soto"	NA	"DGEP"	"Considera trabajos en infraestructura del Espacio Público en el municipio de Pachuca de Soto."	TRUE
"709_Pachuca de Soto"	709	"Pachuca de Soto"	"Espacios Públicos"	2023	"Construcción de estacionamiento y andadores ubicados en torno al Auditorio Gota de Plata, en Pachuca de Soto, Hgo."	"Pachuca de Soto"	NA	"DGEP"	"Considera trabajos en infraestructura del Espacio Público en el municipio de Pachuca de Soto."	TRUE
"710_Pachuca de Soto"	710	"Pachuca de Soto"	"Espacios Públicos"	2023	"Construcción de vialidad interior del Centro Deportivo Hidalguense y de Alto Rendimiento"	"Pachuca de Soto"	NA	"DGCCE"	"Considera trabajos en infraestructura del Espacio Público en el municipio de Pachuca de Soto."	TRUE
"711_Pachuca de Soto"	711	"Pachuca de Soto"	"Espacios Públicos"	2023	"Mejoramiento y ampliación al CERESO Pachuca"	"Pachuca de Soto"	NA	"DGOPI"	"Considera trabajos en infraestructura en Seguridad Pública en el municipio de Pachuca de Soto."	TRUE
"712_Pachuca de Soto"	712	"Pachuca de Soto"	"Espacios Públicos"	2023	"Rehabilitación de pintura de puertas, rejas, ventanas y muros interiores y exteriores del inmueble de la Plaza de Toros Monumental Vicente Segura, de la ciudad de Pachuca de Soto, Hidalgo."	"Pachuca de Soto"	NA	"DGOPI"	"Considera trabajos en infraestructura del Espacio Público en el municipio de Pachuca de Soto."	TRUE
"713_Pachuca de Soto"	713	"Pachuca de Soto"	"Espacios Públicos"	2023	"Construcción de Cuartel de Policía en Col. Cubitos, Pachuca de Soto, Hgo."	"Pachuca de Soto"	NA	"DGOPI"	"Considera trabajos en infraestructura en Seguridad Pública en el municipio de Pachuca de Soto."	TRUE
"714_Pachuca de Soto"	714	"Pachuca de Soto"	"Espacios Públicos"	2023	"Construcción de red de agua potable y cisterna para el CERESO de Pachuca de Soto, Hgo."	"Pachuca de Soto"	NA	"DGOPI"	"Considera trabajos en infraestructura en Seguridad Pública en el municipio de Pachuca de Soto."	TRUE
"715_Pachuca de Soto"	715	"Pachuca de Soto"	"Espacios Públicos"	2023	"Estabilidad de taludes de la Secretaría de Seguridad Pública de Hidalgo en Pachuca de Soto, Hgo."	"Pachuca de Soto"	NA	"DGOPI"	"Considera trabajos en infraestructura en Seguridad Pública en el municipio de Pachuca de Soto."	TRUE
"716_Pachuca de Soto"	716	"Pachuca de Soto"	"Espacios Públicos"	2023	"Construcción de dormitorios CERESO Pachuca de Soto Hgo."	"Pachuca de Soto"	NA	"DGOPI"	"Considera trabajos en infraestructura en Seguridad Pública en el municipio de Pachuca de Soto."	TRUE
"717_Pachuca de Soto"	717	"Pachuca de Soto"	"Espacios Públicos"	2023	"Impermeabilización De losa de techo de la Secretaría de Seguridad Pública de Hidalgo, en Pachuca de Soto, Hgo."	"Pachuca de Soto"	NA	"DGOPI"	"Considera trabajos en infraestructura del Espacio Público en el municipio de Pachuca de Soto."	TRUE
"718_Pachuca de Soto"	718	"Pachuca de Soto"	"Espacios Públicos"	2023	"Modernización de instalaciones de la Feria San Francisco Primera Etapa"	"Pachuca de Soto"	NA	"DGIVC"	"Considera trabajos en infraestructura del Espacio Público en el municipio de Pachuca de Soto."	TRUE
"719_Pachuca de Soto"	719	"Pachuca de Soto"	"Espacios Públicos"	2023	"Rehabilitación Cancha de Futbol Soccer Cedar, en el municipio de Pachuca de Soto"	"Pachuca de Soto"	NA	"DGCCE"	"Considera trabajos en infraestructura deportiva en el municipio de Pachuca de Soto."	TRUE
"720_Pachuca de Soto"	720	"Pachuca de Soto"	"Espacios Públicos"	2023	"Rehabilitación Cancha de Futbol Soccer Aeropuerto, en el municipio de Pachuca de Soto"	"Pachuca de Soto"	NA	"DGCCE"	"Considera trabajos en infraestructura deportiva en el municipio de Pachuca de Soto."	TRUE
"721_Pachuca de Soto"	721	"Pachuca de Soto"	"Espacios Públicos"	2023	"Rehabilitación Estadio Revolución; en el municipio de Pachuca de Soto"	"Pachuca de Soto"	NA	"DGCCE"	"Considera trabajos en infraestructura deportiva en el municipio de Pachuca de Soto."	TRUE
"722_Pachuca de Soto"	722	"Pachuca de Soto"	"Espacios Públicos"	2023	"Modificación del inmueble ubicado en calle 16 de Enero de 1869, colonia Periodistas, en Pachuca de Soto Hidalgo, para ser la nueva sede de la Secretaría de Movilidad y Transporte, consistente en la adecuación de accesos y habilitación de oficinas"	"Pachuca de Soto"	NA	"DGOPI"	"Considera trabajos en infraestructura del Espacio Público en el municipio de Pachuca de Soto."	TRUE
"723_Pachuca de Soto"	723	"Pachuca de Soto"	"Espacios Públicos"	2023	"Desarrollo del proyecto ejecutivo arquitectónico para la remodelación del Parque David Ben Gurión, que proyecte la creación de espacios recreativos, culturales y de integración familiar en la ciudad de Pachuca de Soto, Hidalgo"	"Pachuca de Soto"	NA	"DGEP"	"Considera los trabajos de estudios, proyecto conceptual y proyecto ejecutivo."	TRUE
"724_Pachuca de Soto"	724	"Pachuca de Soto"	"Espacios Públicos"	2023	"Retiro, suministro, instalación y puesta en marcha de elevadores de pasajeros, 6 paradas, con capacidad máxima de 1000 kilogramos cada uno, para el inmueble que ocupa el Palacio de Gobierno de la Ciudad de Pachuca de Soto, Hidalgo, incluye adquisición y sustitución de puertas, botoneras, cabinas de acero inoxidable, maquinaria y sistema de desplazamiento en medidas adecuadas a los cubos existentes al interior del inmueble"	"Pachuca de Soto"	NA	"DGOPI"	"Considera trabajos en infraestructura del Espacio Público en el municipio de Pachuca de Soto."	TRUE
"725_Pachuca de Soto"	725	"Pachuca de Soto"	"Espacios Públicos"	2023	"Mantenimiento integral Aeropuerto Nacional de Pachuca Juan Guillermo Villasana"	"Pachuca de Soto"	NA	"DGOPI"	"Considera trabajos en infraestructura del Espacio Público en el municipio de Pachuca de Soto."	TRUE
"726_Pachuca de Soto"	726	"Pachuca de Soto"	"Espacios Públicos"	2023	"Ampliación de gimnasio de usos múltiples en el Centro Deportivo Hidalguense y de Alto Rendimiento."	"Pachuca de Soto"	NA	"DGOPI"	"Considera trabajos en infraestructura deportiva en el municipio de Pachuca de Soto."	TRUE
"727_Pachuca de Soto"	727	"Pachuca de Soto"	"Espacios Públicos"	2023	"Sustitución de Cancelería en Fachadas de Palacio de Gobierno del Poder Ejecutivo del Estado de Hidalgo"	"Pachuca de Soto"	NA	"DGOPI"	"Considera trabajos en infraestructura del Espacio Público en el municipio de Pachuca de Soto."	TRUE
"728_Pachuca de Soto"	728	"Pachuca de Soto"	"Espacios Públicos"	2023	"Reciclando Transformamos Hidalgo."	"Pachuca de Soto"	NA	"DGOPI"	"Considera trabajos en infraestructura del Espacio Público en el municipio de Pachuca de Soto."	TRUE
"729_Pachuca de Soto"	729	"Pachuca de Soto"	"Espacios Públicos"	2022	"Rehabilitación de Barda Perimetral y acceso Principal en el Centro Asistencial Casa de la Tercera Edad"	"Pachuca de Soto"	NA	"DGOPI"	"Considera trabajos en infraestructura del Espacio Público en el municipio de Pachuca de Soto."	TRUE
"730_Pachuca de Soto"	730	"Pachuca de Soto"	"Espacios Públicos"	2022	"Rehabilitación de drenaje sanitario, pintura en muros exteriores e impermeabilizante en la Casa Asistencial de la Tercera Edad"	"Pachuca de Soto"	NA	"DGOPI"	"Considera trabajos en infraestructura del Espacio Público en el municipio de Pachuca de Soto."	TRUE
"731_Pachuca de Soto"	731	"Pachuca de Soto"	"Espacios Públicos"	2022	"Mejoramiento de las condiciones de accesibilidad del CRIH sede Pachuca"	"Pachuca de Soto"	NA	"DGOPI"	"Considera trabajos en infraestructura del Espacio Público en el municipio de Pachuca de Soto."	TRUE
"732_Pachuca de Soto"	732	"Pachuca de Soto"	"Espacios Públicos"	2022	"Contratación de trabajos de mantenimiento integral de instalaciones hidrosanitarias, sustitución de aplanado en muros, impermeabilización de loza y rehabilitación de instalaciones eléctricas en el inmueble que ocupa el Archivo General del Estado"	"Pachuca de Soto"	NA	"DGOPI"	"Considera trabajos en infraestructura del Espacio Público en el municipio de Pachuca de Soto."	TRUE
"733_Pachuca de Soto"	733	"Pachuca de Soto"	"Espacios Públicos"	2022	"Contratación de trabajos de impermeabilización de loza, reparación de drenajes pluviales y de sustitución de techumbre del inmueble que ocupa la Dirección General de Radio y Televisión"	"Pachuca de Soto"	NA	"DGOPI"	"Considera trabajos en infraestructura del Espacio Público en el municipio de Pachuca de Soto."	TRUE
"734_Pachuca de Soto"	734	"Pachuca de Soto"	"Espacios Públicos"	2022	"Rehabilitación de la Casa de la Niña"	"Pachuca de Soto"	NA	"DGOPI"	"Considera trabajos en infraestructura del Espacio Público en el municipio de Pachuca de Soto."	TRUE
"735_Pachuca de Soto"	735	"Pachuca de Soto"	"Espacios Públicos"	2022	"Terminación de Elevadores de Puentes Peatonales (IMSS - SEP -Juan C. Doria)"	"Pachuca de Soto"	NA	"DGIVC"	"Considera trabajos en infraestructura del Espacio Público en el municipio de Pachuca de Soto."	TRUE
"736_Pachuca de Soto"	736	"Pachuca de Soto"	"Espacios Públicos"	2022	"Construcción de auditorio, Villa Aquiles Serdán, municipio de Pachuca de Soto"	"Pachuca de Soto"	NA	"DGOPI"	"Considera trabajos en infraestructura del Espacio Público en el municipio de Pachuca de Soto."	TRUE
"737_Pachuca de Soto"	737	"Pachuca de Soto"	"Espacios Públicos"	2022	"Rehabilitación de ciclopista tramo 2, (guarniciones, andadores y puentes)"	"Pachuca de Soto"	NA	"DGOPI"	"Considera trabajos en infraestructura deportiva en el municipio de Pachuca de Soto."	TRUE
"738_Pachuca de Soto"	738	"Pachuca de Soto"	"Espacios Públicos"	2022	"Rehabilitación de ciclopista tramo 1, (guarniciones, andadores y puentes)"	"Pachuca de Soto"	NA	"DGOPI"	"Considera trabajos en infraestructura deportiva en el municipio de Pachuca de Soto."	TRUE
"739_Pachuca de Soto"	739	"Pachuca de Soto"	"Espacios Públicos"	2022	"Fortalecimiento para la Atención de Niñas, Niños y Adolescentes Migrantes en Pachuca Hidalgo, para la Remodelación del Inmueble Albergue para Niñez y Adolescencia Migrante Acompañada y No Acompañada"	"Pachuca de Soto"	NA	"DGOPI"	"Considera trabajos en infraestructura del Espacio Público en el municipio de Pachuca de Soto."	TRUE
"740_Pachuca de Soto"	740	"Pachuca de Soto"	"Espacios Públicos"	2022	"Construcción de sanitarios y área recreativa infantil en Centro de Atención Psicopedagógica de Educación Preescolar (CAPEP)"	"Pachuca de Soto"	NA	"DGCCE"	"Considera trabajos en infraestructura del Espacio Público en el municipio de Pachuca de Soto."	TRUE
"741_Pachuca de Soto"	741	"Pachuca de Soto"	"Espacios Públicos"	2022	"Construcción en acceso a estacionamiento en Centro de Atención Psicopedagógica de Educación Preescolar (CAPEP)"	"Pachuca de Soto"	NA	"DGCCE"	"Considera trabajos en infraestructura del Espacio Público en el municipio de Pachuca de Soto."	TRUE
"742_Pachuca de Soto"	742	"Pachuca de Soto"	"Espacios Públicos"	2022	"Construcción del Centro Estatal de Justicia Alternativa (obra exterior)"	"Pachuca de Soto"	NA	"DGOPI"	"Considera trabajos en infraestructura en Seguridad Pública en el Centro Estatal de Justicia Alternativa municipio de Pachuca de Soto."	TRUE
"743_Pachuca de Soto"	743	"Pachuca de Soto"	"Espacios Públicos"	2022	"Trabajos de acabados en el Centro Estatal de Justicia Alternativa"	"Pachuca de Soto"	NA	"DGOPI"	"Considera trabajos en infraestructura en Seguridad Pública en el Centro Estatal de Justicia Alternativa municipio de Pachuca de Soto."	TRUE
"779_Pachuca de Soto"	779	"Pachuca de Soto"	"Vialidades Urbanas"	2022	"Construcción de pavimento de concreto asfáltico en calle Santa María Regla, del fraccionamiento Juan C. Doria, municipio de Pachuca de Soto"	"Pachuca de Soto"	NA	"DGIVC"	"La construcción del pavimento de concreto asfáltico involucra trabajos de: preliminares, acarreos, compactación del terreno natural, base, carpeta asfáltica, mampara informativa, guarniciones y banquetas."	TRUE
"780_Pachuca de Soto"	780	"Pachuca de Soto"	"Vialidades Urbanas"	2022	"Construcción de pavimentación de concreto asfáltico en calle San Miguel Regla del fraccionamiento Juan C. Doria, municipio de Pachuca de Soto"	"Pachuca de Soto"	NA	"DGIVC"	"Considera los trabajos de preliminares, piso para pavimento de concreto hidráulico."	TRUE
"781_Pachuca de Soto"	781	"Pachuca de Soto"	"Vialidades Urbanas"	2022	"Pavimentación hidráulica de calle Santa Rosa, colonia San Cayetano, municipio de Pachuca de Soto"	"Pachuca de Soto"	NA	"DGIVC"	"Considera los trabajos de preliminares, piso para pavimento de concreto hidráulico."	TRUE
"782_Pachuca de Soto"	782	"Pachuca de Soto"	"Infraestructura Hídrica"	2024	"Estudios y proyectos para la recarga artificial de acuíferos sobre explotados Cuautitlán-Pachuca"	"Pachuca de Soto"	NA	"CEAA"	"Considera los trabajos de 1  Estudios y proyectos para la recarga artificial de acuíferos sobre explotados Cuautitlán-Pachuca"	TRUE
"783_Pachuca de Soto"	783	"Pachuca de Soto"	"Infraestructura Hídrica"	2024	"Sustitución de linea de conducción por bombeo de agua potable de 18 pulgadas de diametro, sobre Blvd. Santa Catarina, tramo: La Herradura-Tanque Nopalcalco, etapa 4 de 4 Municipio de Pachuca de Soto, Hgo."	"Pachuca de Soto"	297848	"CAASIM"	"Considera los trabajos de mejoramiento en Infraestructura hídrica en la localidad de Pachuca de Soto municipio de Pachuca de Soto"	TRUE
"784_Pachuca de Soto"	784	"Pachuca de Soto"	"Infraestructura Hídrica"	2024	"Sustitución de linea de conducción por bombeo de agua potable de 18 pulgadas de diametro, sobre Blvd. Santa Catarina, tramo: La Herradura-Tanque Nopalcalco, etapa 3 de 4 Municipio de Pachuca de Soto, Hgo."	"Pachuca de Soto"	NA	"CAASIM"	"Considera los trabajos de mejoramiento en Infraestructura hídrica en la localidad de Pachuca de Soto municipio de Pachuca de Soto"	TRUE
"785_Pachuca de Soto"	785	"Pachuca de Soto"	"Infraestructura Hídrica"	2024	"Sustitución de linea de conducción por bombeo de agua potable de 18 pulgadas de diametro, sobre Blvd. Santa Catarina, tramo: La Herradura-Tanque Nopalcalco, etapa 2 de 4 Municipio de Pachuca de Soto, Hgo."	"Pachuca de Soto"	NA	"CAASIM"	"Considera los trabajos de mejoramiento en Infraestructura hídrica en la localidad de Pachuca de Soto municipio de Pachuca de Soto"	TRUE
"786_Pachuca de Soto"	786	"Pachuca de Soto"	"Infraestructura Hídrica"	2024	"Sustitución de linea de conducción por bombeo de agua potable de 18 pulgadas de diametro, sobre Blvd. Santa Catarina, tramo: La Herradura-Tanque Nopalcalco, etapa 1 de 4 Municipio de Pachuca de Soto, Hgo."	"Pachuca de Soto"	NA	"CAASIM"	"Considera los trabajos de mejoramiento en Infraestructura hídrica en la localidad de Pachuca de Soto municipio de Pachuca de Soto"	TRUE
"787_Pachuca de Soto"	787	"Pachuca de Soto"	"Infraestructura Hídrica"	2024	"Sustitución de línea de agua potable sobre calle San Martín de Porres y Fray Juan de Zumarraga, Colonia Nueva Francisco I. Madero"	"Pachuca de Soto"	NA	"CAASIM"	"Considera los trabajos de mejoramiento en Infraestructura hídrica en la localidad de Pachuca de Soto municipio de Pachuca de Soto"	TRUE
"788_Pachuca de Soto"	788	"Pachuca de Soto"	"Infraestructura Hídrica"	2024	"Sustitución de línea de agua potable sobre calle Fernández de Lizardi, Colonia Nueva Francisco I. Madero."	"Pachuca de Soto"	NA	"CAASIM"	"Considera los trabajos de mejoramiento en Infraestructura hídrica en la localidad de Pachuca de Soto municipio de Pachuca de Soto"	TRUE
"789_Pachuca de Soto"	789	"Pachuca de Soto"	"Infraestructura Hídrica"	2024	"Adquisición de dos camiones cisterna de 10 m3 de capacidad"	"Pachuca de Soto"	NA	"CAASIM"	"Se ejecutan acciones para la ejecución de obras en Infraestructura hídrica."	TRUE
"790_Pachuca de Soto"	790	"Pachuca de Soto"	"Infraestructura Hídrica"	2024	"Adquisición de montacargas de 3000kg"	"Pachuca de Soto"	NA	"CAASIM"	"Se ejecutan acciones para la ejecución de obras en Infraestructura hídrica."	TRUE
"791_Pachuca de Soto"	791	"Pachuca de Soto"	"Infraestructura Hídrica"	2024	"Adquisición de medidores para el sistema comercial de la CAASIM."	"Pachuca de Soto"	NA	"CAASIM"	"Se ejecutan acciones para la ejecución de obras en Infraestructura hídrica."	TRUE
"792_Pachuca de Soto"	792	"Pachuca de Soto"	"Infraestructura Hídrica"	2024	"Adquisición de equipo séptico hidroneumático para aguas negras."	"Pachuca de Soto"	NA	"CAASIM"	"Se ejecutan acciones para la ejecución de obras en Infraestructura hídrica"	TRUE
"793_Pachuca de Soto"	793	"Pachuca de Soto"	"Infraestructura Hídrica"	2024	"Adquisición de grúa tipo Hiab"	"Pachuca de Soto"	NA	"CAASIM"	"Se ejecutan acciones para la ejecución de obras en Infraestructura hídrica."	TRUE
"794_Pachuca de Soto"	794	"Pachuca de Soto"	"Infraestructura Hídrica"	2024	"Adquisición de equipo de cómputo y servidores."	"Pachuca de Soto"	NA	"CAASIM"	"Se ejecutan acciones para la ejecución de obras en Infraestructura hídrica."	TRUE
"795_Pachuca de Soto"	795	"Pachuca de Soto"	"Infraestructura Hídrica"	2024	"Equipamiento para regulación de presiones y sectorización de red hidráulica en colonias con deficiencias."	"Pachuca de Soto"	NA	"CAASIM"	"Considera el equipamiento para regulación de presiones en el municipio de Pachuca de Soto."	TRUE
"796_Pachuca de Soto"	796	"Pachuca de Soto"	"Infraestructura Hídrica"	2024	"Adquisición de transformadores tipo seco y pedestal."	"Pachuca de Soto"	NA	"CAASIM"	"Se ejecutan acciones para la ejecución de obras en Infraestructura hídrica."	TRUE
"797_Pachuca de Soto"	797	"Pachuca de Soto"	"Infraestructura Hídrica"	2024	"Equipamiento para el Seguimiento al Proceso Comercial"	"Pachuca de Soto"	NA	"CAASIM"	"Se ejecutan acciones para la ejecución de obras en Infraestructura hídrica."	TRUE
"798_Pachuca de Soto"	798	"Pachuca de Soto"	"Infraestructura Hídrica"	2024	"Equipamiento de oficinas y actualización de equipo terrestre"	"Pachuca de Soto"	NA	"CAASIM"	"Se ejecutan acciones para la ejecución de obras en Infraestructura hídrica."	TRUE
"799_Pachuca de Soto"	799	"Pachuca de Soto"	"Infraestructura Hídrica"	2024	"Sustitución de red de alcantarillado sanitario, calle Fernández de Lizardi y calle Norte 2, Colonia Nueva Francisco I. Madero"	"Pachuca de Soto"	NA	"CAASIM"	"Considera los trabajos de excavaciones y rellenos, descargas domiciliarias, red de alcantarillado."	TRUE
"800_Pachuca de Soto"	800	"Pachuca de Soto"	"Infraestructura Hídrica"	2024	"Sustitución de red de alcantarillado sanitario, calle Fernández de Lizardi y calle Bugambilia, Colonia Nueva Francisco I. Madero"	"Pachuca de Soto"	NA	"CAASIM"	"Considera los trabajos de excavaciones y rellenos, descargas domiciliarias, red de alcantarillado."	TRUE
"801_Pachuca de Soto"	801	"Pachuca de Soto"	"Infraestructura Hídrica"	2024	"Sustitución de líneas generales de alcantarillado Sanitario Avenida Minería, Colonia Real de Minas, Pachuca de Soto .970 metros lineales en 12 pulgadas"	"Pachuca de Soto"	NA	"CAASIM"	"Considera los trabajos de excavaciones y rellenos, descargas domiciliarias, red de alcantarillado."	TRUE
"802_Pachuca de Soto"	802	"Pachuca de Soto"	"Infraestructura Hídrica"	2024	"Sustición de líneas sanitarias calle Delegación Agraria, colonia Santa Julia"	"Pachuca de Soto"	NA	"CAASIM"	"Considera trabajos de mejoramiento a la infraestructura sanitaria."	TRUE
"803_Pachuca de Soto"	803	"Pachuca de Soto"	"Infraestructura Hídrica"	2024	"Sustitución de línea Sanitarias Calle Gómez Farías, Colonia Centro"	"Pachuca de Soto"	NA	"CAASIM"	"Considera trabajos de mejoramiento a la infraestructura sanitaria."	TRUE
"804_Pachuca de Soto"	804	"Pachuca de Soto"	"Infraestructura Hídrica"	2024	"Sustitución de línea Sanitarias Calle Fray Toralto, Boulevares de San Francisco"	"Pachuca de Soto"	NA	"CAASIM"	"Considera trabajos de mejoramiento a la infraestructura sanitaria."	TRUE
"805_Pachuca de Soto"	805	"Pachuca de Soto"	"Infraestructura Hídrica"	2024	"Sustitución de línea Sanitarias Calle Gral. Iganacio Mejía, Col. Periodista, Tramo Ríos de las Avenidas a Felipe Ángeles"	"Pachuca de Soto"	NA	"CAASIM"	"Considera trabajos de mejoramiento a la infraestructura sanitaria."	TRUE
"806_Pachuca de Soto"	806	"Pachuca de Soto"	"Infraestructura Hídrica"	2024	"Obras emergentes de renovación de Infraestructura Sanitaria Red Real de Minas"	"Pachuca de Soto"	NA	"CAASIM"	"Considera trabajos de mejoramiento a la infraestructura sanitaria."	TRUE
"807_Pachuca de Soto"	807	"Pachuca de Soto"	"Infraestructura Hídrica"	2024	"Obras emergentes de renovación de Infraestructura Sanitaria Red Barrios Altos"	"Pachuca de Soto"	NA	"CAASIM"	"Considera trabajos de mejoramiento a la infraestructura sanitaria."	TRUE
"808_Pachuca de Soto"	808	"Pachuca de Soto"	"Infraestructura Hídrica"	2024	"Ampliación de la Línea de Agua Potable en Prolongación Rojo Gómez, San Cayetano"	"Pachuca de Soto"	NA	"CAASIM"	"Considera los trabajos de instalación de tubería, rellenos con material producto de excavación, prueba de la tubería en la comunidad."	TRUE
"809_Pachuca de Soto"	809	"Pachuca de Soto"	"Vialidades Urbanas"	2023	"Pavimentación de concreto hidráulico en calle Pedro Escobedo del km. 0+000 al km. 0+500 en colonia Barrio El Lobo, municipio de Pachuca de Soto, Hidalgo."	"Pachuca de Soto"	NA	"DGOPI"	"Considera los trabajos de preliminares, riego de impregnación, piso para pavimento de concreto hidráulico."	TRUE
"810_Pachuca de Soto"	810	"Pachuca de Soto"	"Vialidades Urbanas"	2023	"Reconstrucción de concreto hidráulico en calle Avenida Guadalupe en la colonia Guadalupe, municipio de Pachuca de Soto."	"Pachuca de Soto"	NA	"DGIVC"	"Considera los trabajos de preliminares, riego de impregnación, piso para pavimento de concreto hidráulico."	TRUE
"811_Pachuca de Soto"	811	"Pachuca de Soto"	"Infraestructura Hídrica"	2024	"Suministro de equipo de protección personal"	"Pachuca de Soto"	NA	"CEAA"	"Se ejecutan acciones para la ejecución de obras en Infraestructura hídrica."	TRUE
"812_Pachuca de Soto"	812	"Pachuca de Soto"	"Espacios Públicos"	2024	"Alumbrado público en Zona Metropolitana"	"Pachuca de Soto"	NA	"DGCCE"	"Considera trabajos en infraestructura eléctrica en el municipio de Pachuca de Soto."	FALSE
"813_Pachuca de Soto"	813	"Pachuca de Soto"	"Espacios Públicos"	2024	"Estudios y Proyecto complementarios para estacionamiento y plancha de la plaza independencia, en el municipio de Pachuca de Soto"	"Pachuca de Soto"	NA	"DGEP"	"Considera los trabajos de estudios, proyecto conceptual y proyecto ejecutivo."	TRUE
"814_Pachuca de Soto"	814	"Pachuca de Soto"	"Espacios Públicos"	2024	"Construcción de vía escénica y plaza de los comensales del Parque David Ben Gurión, en Pachuca de Soto."	"Pachuca de Soto"	NA	"DGEP"	"Considera trabajos en infraestructura del Espacio Público en el municipio de Pachuca de Soto."	TRUE
"815_Pachuca de Soto"	815	"Pachuca de Soto"	"Espacios Públicos"	2024	"Construcción de espacios recreativos y culturales del Parque David Ben Gurión, en Pachuca de Soto."	"Pachuca de Soto"	NA	"DGEP"	"Considera trabajos en infraestructura del Espacio Público en el municipio de Pachuca de Soto."	TRUE
"816_Pachuca de Soto"	816	"Pachuca de Soto"	"Espacios Públicos"	2024	"Adquisición de árboles, para atender las medidas de compensación del manifiesto de impacto ambiental en el parque David Ben Gurión, en Pachuca de Soto."	"Pachuca de Soto"	NA	"DGEP"	"Considera trabajos en infraestructura del Espacio Público en el municipio de Pachuca de Soto."	TRUE
"817_Pachuca de Soto"	817	"Pachuca de Soto"	"Espacios Públicos"	2024	"Trabajos preliminares para la construcción de las nuevas oficinas de Gobierno en Pachuca de Soto."	"Pachuca de Soto"	NA	"DGEP"	"Considera trabajos en infraestructura del Espacio Público en el municipio de Pachuca de Soto."	TRUE
"818_Pachuca de Soto"	818	"Pachuca de Soto"	"Espacios Públicos"	2024	"Construcción de cimentación y estructura de las nuevas Oficinas de Gobierno en Pachuca de Soto."	"Pachuca de Soto"	NA	NA	"Considera trabajos en infraestructura del Espacio Público en el municipio de Pachuca de Soto."	TRUE
"819_Pachuca de Soto"	819	"Pachuca de Soto"	"Espacios Públicos"	2024	"Rehabilitación de piso de la explanada Plaza Juárez."	"Pachuca de Soto"	NA	"DGOPI"	"Considera trabajos en infraestructura del Espacio Público en el municipio de Pachuca de Soto."	TRUE
"820_Pachuca de Soto"	820	"Pachuca de Soto"	"Espacios Públicos"	2024	"Modernización de instalaciones de la Feria San Francisco. Segunda Etapa."	"Pachuca de Soto"	NA	"DGCCE"	"Considera trabajos en infraestructura del Espacio Público en el municipio de Pachuca de Soto."	TRUE
"821_Pachuca de Soto"	821	"Pachuca de Soto"	"Espacios Públicos"	2024	"Fabricación, colocación y montaje de cubierta ligera con membrana arquitectónica especial tipo Velaria; con soportes a base de estructuras de acero en arco, ubicada en las Instalaciones de la Feria San Francisco, en la localidad y municipio de Pachuca de Soto, Estado de Hidalgo"	"Pachuca de Soto"	NA	"DGCCE"	"Considera trabajos en infraestructura del Espacio Público en el municipio de Pachuca de Soto."	TRUE
"822_Pachuca de Soto"	822	"Pachuca de Soto"	"Espacios Públicos"	2024	"Remodelación de andadores y espacios anexos al jardín Hombres y Mujeres Ilustres de Hidalgo"	"Pachuca de Soto"	NA	"DGRMS"	"Considera trabajos en infraestructura del Espacio Público en el municipio de Pachuca de Soto."	TRUE
"823_Pachuca de Soto"	823	"Pachuca de Soto"	"Espacios Públicos"	2024	"Fortalecimiento eléctrico del Centro Cultural del Ferrocarril."	"Pachuca de Soto"	NA	"DGOPI"	"Considera trabajos en infraestructura del Espacio Público en el municipio de Pachuca de Soto."	TRUE
"824_Pachuca de Soto"	824	"Pachuca de Soto"	"Espacios Públicos"	2024	"Fortalecimiento para la Atención de NNA Migrantes en Pachuca de Soto, Hidalgo 2024"	"Pachuca de Soto"	NA	"DGEP"	"Considera trabajos en infraestructura del Espacio Público en el municipio de Pachuca de Soto."	TRUE
"825_Pachuca de Soto"	825	"Pachuca de Soto"	"Espacios Públicos"	2024	"Rehabilitación punto de venta Hidarte"	"Pachuca de Soto"	NA	"DGEP"	"Considera trabajos en infraestructura del Espacio Público en el municipio de Pachuca de Soto."	TRUE
"826_Pachuca de Soto"	826	"Pachuca de Soto"	"Espacios Públicos"	2024	"Acondicionamiento de muros gaviones en la Secretaría de Seguridad Pública, en el municipio de Pachuca de Soto."	"Pachuca de Soto"	NA	"DGOPI"	"Considera trabajos en infraestructura del Espacio Público en el municipio de Pachuca de Soto."	TRUE
"827_Pachuca de Soto"	827	"Pachuca de Soto"	"Espacios Públicos"	2024	"Construcción de comedor en Casa del Niño DIF."	"Pachuca de Soto"	NA	"DGOPI"	"Considera trabajos en infraestructura del Espacio Público en el municipio de Pachuca de Soto."	TRUE
"828_Pachuca de Soto"	828	"Pachuca de Soto"	"Espacios Públicos"	2024	"Construcción de sucursal Montepío Pachuca."	"Pachuca de Soto"	NA	NA	"Considera trabajos en infraestructura del Espacio Público en el municipio de Pachuca de Soto."	TRUE
"829_Pachuca de Soto"	829	"Pachuca de Soto"	"Infraestructura Carretera"	2024	"Estudio y proyecto para la solución del conflicto vial en el Distribuidor Colonias, en el municipio de Pachuca de Soto"	"Pachuca de Soto"	NA	"DGEyP"	"Considera los trabajos de estudios viales, proyecto conceptual y proyecto ejecutivo."	TRUE
"830_Pachuca de Soto"	830	"Pachuca de Soto"	"Infraestructura Carretera"	2024	"Estudio y proyecto para la solución del conflicto vial en el Distribuidor Miguel Hidalgo, en el municipio de Pachuca de Soto"	"Pachuca de Soto"	NA	"DGEyP"	"Considera los trabajos de estudios viales, proyecto conceptual y proyecto ejecutivo."	TRUE
"831_Pachuca de Soto"	831	"Pachuca de Soto"	"Infraestructura Carretera"	2024	"Estudio y proyecto para el Distribuidor vial Centenario de la Revolución, en el municipio de Pachuca de Soto"	"Pachuca de Soto"	NA	"DGEyP"	"Considera los trabajos de estudios viales, proyecto conceptual y proyecto ejecutivo."	TRUE
"832_Pachuca de Soto"	832	"Pachuca de Soto"	"Infraestructura Carretera"	2024	"Estudio y proyecto para mitigar los riesgos viales en el entorno hospitalario Oriente de Pachuca de Soto"	"Pachuca de Soto"	NA	"DGEP"	"Considera los trabajos de estudios, proyecto conceptual y proyecto ejecutivo."	TRUE
"833_Pachuca de Soto"	833	"Pachuca de Soto"	"Infraestructura Carretera"	2024	"Rehabilitación del Boulevard Felipe Ángeles (dos cuerpos), en el municipio de Pachuca de Soto."	"Pachuca de Soto"	NA	"DGCCE"	"Considera trabajos para la reconstrucción y/o conservación de Infraestructura Carretera en la localidad de Pachuca de Soto municipio de Pachuca de Soto"	TRUE
"834_Pachuca de Soto"	834	"Pachuca de Soto"	"Infraestructura Carretera"	2024	"Pavimentación con concreto hidráulico Blvd. Minero del Km. 0+000 Al Km. 4+200 (Dos Cuerpos), en el municipio de Pachuca."	"Pachuca de Soto"	NA	"DGCCE"	"Considera los trabajos de preliminares, riego de impregnación, piso para pavimento de concreto hidráulico."	TRUE
"835_Pachuca de Soto"	835	"Pachuca de Soto"	"Infraestructura Carretera"	2024	"Reconstrucción de carpeta asfáltica en Boulevard Centenario (Antigua Carretera La Paz) dos cuerpos, Pachuca de Soto, Hgo."	"Pachuca de Soto"	NA	"DGCCE"	"Considera los trabajos de preliminares, estabilización de base, riego de impregnación, carpeta asfáltica, señalamiento horizontal."	TRUE
"836_Pachuca de Soto"	836	"Pachuca de Soto"	"Vialidades Urbanas"	2024	"Reconstrucción de pavimento de concreto hidráulico en calle Lago de Guadalupe y calle Lago de Zumpango, Anáhuac, municipio de Pachuca de Soto"	"Pachuca de Soto"	NA	"DGCCE"	"Considera los trabajos de preliminares, riego de impregnación, piso para pavimento de concreto hidráulico."	TRUE
"837_Pachuca de Soto"	837	"Pachuca de Soto"	"Vialidades Urbanas"	2024	"Construcción de pavimentación hidráulica en calle Prolongación Esmeralda, Independencia, municipio de Pachuca de Soto"	"Pachuca de Soto"	NA	"DGCCE"	"Considera los trabajos de preliminares, piso para pavimento de concreto hidráulico."	TRUE
"838_Pachuca de Soto"	838	"Pachuca de Soto"	"Vialidades Urbanas"	2024	"Construcción de pavimentación hidráulica en calle Evita Perón, calle Josefa O. De Domínguez, calle Leona Vicario, La Condesa, municipio de Pachuca de Soto"	"Pachuca de Soto"	NA	"DGCCE"	"Considera los trabajos de preliminares, piso para pavimento de concreto hidráulico."	TRUE
"840_Pachuca de Soto"	840	"Pachuca de Soto"	"Vialidades Urbanas"	2024	"Rehabilitación asfáltica avenida principal de la 3ra de Pitahayas, fraccionamiento Pitahayas, municipio de Pachuca de Soto"	"Pachuca de Soto"	NA	"DGCCE"	"Se realizan los siguientes trabajos: trazo y nivelación de plazas, suministro y aplicación de carpeta asfáltica compactado,  en el municipio de Pachuca de Soto"	TRUE
"841_Pachuca de Soto"	841	"Pachuca de Soto"	"Vialidades Urbanas"	2024	"Pavimentación de concreto hidráulico en Calle Prolongación Rojo Gómez en la Colonia La Loma, en el municipio de Pachuca de Soto"	"Pachuca de Soto"	NA	"DGIVC"	"Considera los trabajos de preliminares, riego de impregnación, piso para pavimento de concreto hidráulico."	TRUE
"842_Pachuca de Soto"	842	"Pachuca de Soto"	"Vialidades Urbanas"	2024	"Reconstrucción de calle principal en Real Toledo, municipio de Pachuca de Soto."	"Pachuca de Soto"	NA	"DGIVC"	"Considera los trabajos de preliminares, piso para pavimento de concreto hidráulico."	TRUE
"843_Pachuca de Soto"	843	"Pachuca de Soto"	"Vialidades Urbanas"	2024	"Reconstrucción de Circuito Cardenal en la Colonia Campo de Tiro, en el municipio de Pachuca de Soto"	"Pachuca de Soto"	NA	"DGIVC"	"Considera trabajos en la rehabilitación y/o mejoramiento de las vialidades urbanas en el muncipio de Pachuca de Soto"	TRUE
"844_Pachuca de Soto"	844	"Pachuca de Soto"	"Vialidades Urbanas"	2024	"Reconstrucción de carpeta asfáltica en acceso principal Av. Rojo Gómez Ampliación El Palmar, municipio de Pachuca de Soto."	"Pachuca de Soto"	NA	"DGIVC"	"Se realizan los siguientes trabajos: trazo y nivelación de plazas, suministro y aplicación de carpeta asfáltica compactado,  en el municipio de Pachuca de Soto"	TRUE
"845_Pachuca de Soto"	845	"Pachuca de Soto"	"Vialidades Urbanas"	2024	"Reconstrucción de carpeta asfáltica en acceso principal Av. Rojo Gómez Ampliación El Palmar, municipio de Pachuca de Soto."	"Pachuca de Soto"	NA	"DGCCE"	"Se realizan los siguientes trabajos: trazo y nivelación de plazas, suministro y aplicación de carpeta asfáltica compactado,  en el municipio de Pachuca de Soto"	TRUE
"846_Pachuca de Soto"	846	"Pachuca de Soto"	"Vialidades Urbanas"	2024	"Construcción de pavimentación concreto hidráulico en calle Guillermo Prieto, colonia Francisco I. Madero (La Surtidora), municipio de Pachuca de Soto."	"Pachuca de Soto"	NA	"DGCCE"	"Considera los trabajos de preliminares, riego de impregnación, piso para pavimento de concreto hidráulico."	TRUE
"847_Pachuca de Soto"	847	"Pachuca de Soto"	"Vialidades Urbanas"	2024	"Rehabilitación calle C. Quetzalcóatl y calle Atlantes, Col Aquiles Serdán, municipio de Pachuca de Soto"	"Pachuca de Soto"	NA	"DGCCE"	"Se realizará la construcción contemplando las siguientes partidas: preliminares, carpeta asfáltica."	TRUE
"848_Pachuca de Soto"	848	"Pachuca de Soto"	"Vialidades Urbanas"	2024	"Rehabilitación de Calle Prolongación Santiago, Barrio La Alcantarilla, en el municipio de Pachuca de Soto"	"Pachuca de Soto"	NA	"DGOPI"	"Considera los trabajos de preliminares, pavimento, agua potable y alcantarillado"	TRUE
"849_Pachuca de Soto"	849	"Pachuca de Soto"	"Vialidades Urbanas"	2024	"Rehabilitación de callejón Rafael Lavista, San Clemente- Patoni, municipio de Pachuca de Soto"	"Pachuca de Soto"	NA	"DGOPI"	"Considera los trabajos de preliminares, piso para pavimento."	TRUE
"850_Pachuca de Soto"	850	"Pachuca de Soto"	"Vialidades Urbanas"	2024	"Rehabilitación de calle 1, Col. Javier Rojo Gómez, municipio de Pachuca de Soto"	"Pachuca de Soto"	NA	"DGOPI"	"Considera los trabajos de preliminares, piso para pavimento."	TRUE
"851_Pachuca de Soto"	851	"Pachuca de Soto"	"Vialidades Urbanas"	2024	"Rehabilitación de las calles Emiliano Zapata y Juan de Dios Peza, Col. Cuauhtémoc, en el municipio de Pachuca de Soto"	"Pachuca de Soto"	NA	"DGOPI"	"Considera los trabajos de preliminares, piso para pavimento."	TRUE
"852_Pachuca de Soto"	852	"Pachuca de Soto"	"Vialidades Urbanas"	2024	"Rehabilitación de Calle Nevado de Popocatépetl, Col. San Cayetano, municipio de Pachuca de Soto"	"Pachuca de Soto"	NA	"DGOPI"	"Considera los trabajos de preliminares, piso para pavimento."	TRUE
"853_Pachuca de Soto"	853	"Pachuca de Soto"	"Vialidades Urbanas"	2024	"Rehabilitación de calle Campo Deportivo, col Santa Julia, municipio de Pachuca de Soto"	"Pachuca de Soto"	NA	"DGOPI"	"Considera los trabajos de preliminares, piso para pavimento."	TRUE
"854_Pachuca de Soto"	854	"Pachuca de Soto"	"Vialidades Urbanas"	2024	"Rehabilitación de calles de Altamirano a Observatorio, Barrio El Atorón, La Palma, en el municipio de Pachuca de Soto"	"Pachuca de Soto"	NA	"DGOPI"	"Considera los trabajos de preliminares, piso para pavimento."	TRUE
"855_Pachuca de Soto"	855	"Pachuca de Soto"	"Vialidades Urbanas"	2024	"Rehabilitación de calle Terreristas en la Col. Cubitos, municipio de Pachuca de Soto"	"Pachuca de Soto"	NA	"DGOPI"	"Considera los trabajos de preliminares, piso para pavimento."	TRUE
"856_Pachuca de Soto"	856	"Pachuca de Soto"	"Vialidades Urbanas"	2024	"Rehabilitación de la Av. Miguel Hidalgo en la localidad de Santiago Tlapacoya, en el municipio de Pachuca de Soto"	"Pachuca de Soto"	NA	"DGOPI"	"Considera trabajos en la rehabilitación y/o mejoramiento de las vialidades urbanas en el muncipio de Pachuca de Soto"	TRUE
"857_Pachuca de Soto"	857	"Pachuca de Soto"	"Vialidades Urbanas"	2024	"Reconstrucción con concreto hidráulico de calle Antiguo Camino FFCC a entroncar con Blvd. Nuevo Hidalgo en la col. Villas de Pachuca, en el municipio de Pachuca de Soto."	"Pachuca de Soto"	NA	"DGIVC"	"Considera los trabajos de preliminares, riego de impregnación, piso para pavimento de concreto hidráulico."	TRUE
"858_Pachuca de Soto"	858	"Pachuca de Soto"	"Vialidades Urbanas"	2024	"Rehabilitación asfáltica del Boulevard Panorámico, en el municipio de Pachuca de Soto"	"Pachuca de Soto"	NA	"DGCCE"	"Se realizan los siguientes trabajos: trazo y nivelación de plazas, suministro y aplicación de carpeta asfáltica compactado,  en el municipio de Pachuca de Soto"	TRUE
"859_Pachuca de Soto"	859	"Pachuca de Soto"	"Vialidades Urbanas"	2024	"Rehabilitación de callejón Quintana Roo; Barrio El Mosco, en el municipio de Pachuca de Soto ."	"Pachuca de Soto"	NA	"DGOPI"	"Considera los trabajos de preliminares, piso para pavimento."	TRUE
"860_Pachuca de Soto"	860	"Pachuca de Soto"	"Vialidades Urbanas"	2024	"Pavimentación asfáltica de Av. de la Plata y Av. de Las Torres, en la Colonia El Palmar, municipio de Pachuca de Soto"	"Pachuca de Soto"	NA	"DGCCE"	"Considera los trabajos de capa subbase, riego de impregnación, suministro y aplicación de riego de liga con emulsión asfáltica"	TRUE
"861_Pachuca de Soto"	861	"Pachuca de Soto"	"Vialidades Urbanas"	2024	"Terminación de pavimentación hidráulica en la Calle Zafiro, de la Col. Punta Krystal, municipio de Pachuca de Soto"	"Pachuca de Soto"	NA	"DGCCE"	"Considera los trabajos de preliminares, piso para pavimento de concreto hidráulico."	TRUE
"862_Pachuca de Soto"	862	"Pachuca de Soto"	"Vialidades Urbanas"	2024	"Reconstrucción de concreto hidráulico en Calle Venustiano Carranza, en la Col. Buenos Aires, municipio de Pachuca de Soto"	"Pachuca de Soto"	NA	"DGIVC"	"Considera los trabajos de preliminares, riego de impregnación, piso para pavimento de concreto hidráulico."	TRUE
"863_Pachuca de Soto"	863	"Pachuca de Soto"	"Vialidades Urbanas"	2024	"Rehabilitación de carpeta asfáltica de la Calle Plan de San Luis en Col. 20 de Noviembre 2da. etapa, municipio de Pachuca de Soto"	"Pachuca de Soto"	NA	"DGIVC"	"Se realizan los siguientes trabajos: trazo y nivelación de plazas, suministro y aplicación de carpeta asfáltica compactado."	TRUE
"864_Pachuca de Soto"	864	"Pachuca de Soto"	"Vialidades Urbanas"	2024	"Rehabilitación de Calle Hermenegildo Galeana entronque con Neptuno, Bo. El Arbolito, municipio de Pachuca de Soto"	"Pachuca de Soto"	NA	"DGOPI"	"Considera los trabajos de preliminares, piso para pavimento."	TRUE
"865_Pachuca de Soto"	865	"Pachuca de Soto"	"Vialidades Urbanas"	2024	"Rehabilitación de Calle 14 de febrero, Col. San Antonio El Desmonte, municipio de Pachuca de Soto"	"Pachuca de Soto"	NA	"DGOPI"	"Considera los trabajos de preliminares, piso para pavimento."	TRUE
"866_Pachuca de Soto"	866	"Pachuca de Soto"	"Vialidades Urbanas"	2024	"Rehabilitación de carpeta asfáltica en Boulevard Pachuca - Pachuquilla (IMSS - Amaque) dos cuerpos, municipio de Pachuca de Soto"	"Pachuca de Soto"	NA	"DGCCE"	"Se realizan los siguientes trabajos: trazo y nivelación de plazas, suministro y aplicación de carpeta asfáltica compactado,  en el municipio de Pachuca de Soto"	TRUE
"867_Pachuca de Soto"	867	"Pachuca de Soto"	"Vialidades Urbanas"	2024	"Reconstrucción de la vialidad de acceso al CRIT y Casa de la Niña, en el municipio de Pachuca."	"Pachuca de Soto"	NA	"DGOPI"	"Considera trabajos en la rehabilitación y/o mejoramiento de las vialidades urbanas en el muncipio de Pachuca de Soto"	TRUE
"868_Pachuca de Soto"	868	"Pachuca de Soto"	"Infraestructura Carretera"	2024	"Pavimentación con concreto hidráulico Blvd. Everardo Márquez del Km. 0+000 al 5+800 de Puente Tuzos - Rio de las Avenidas (dos cuerpos)."	"Pachuca de Soto"	NA	"DGCCE"	"Considera los trabajos de preliminares, riego de impregnación, piso para pavimento de concreto hidráulico."	TRUE
"869_Pachuca de Soto"	869	"Pachuca de Soto"	"Vialidades Urbanas"	2024	"Rehabilitación de calles de acceso Valle de San Javier entronque Río de las Avenidas, Pachuca de Soto"	"Pachuca de Soto"	NA	"DGIVC"	"Considera los trabajos de preliminares, piso para pavimento."	TRUE
"870_Pachuca de Soto"	870	"Pachuca de Soto"	"Vialidades Urbanas"	2024	"Rehabilitación de la Av. Solidaridad del km 0+000 al km 0+900, en el municipio de Pachuca de Soto"	"Pachuca de Soto"	NA	"DGIVC"	"Considera trabajos en la rehabilitación y/o mejoramiento de las vialidades urbanas en el muncipio de Pachuca de Soto"	TRUE
"871_Pachuca de Soto"	871	"Pachuca de Soto"	"Vialidades Urbanas"	2024	"Rehabilitación de avenida Corona del Rosal, conjunto habitacional Juan C. Doria en el municipio de Pachuca de Soto"	"Pachuca de Soto"	NA	"DGOPI"	"Considera trabajos en la rehabilitación y/o mejoramiento de las vialidades urbanas en el muncipio de Pachuca de Soto"	TRUE
"872_Pachuca de Soto"	872	"Pachuca de Soto"	"Vialidades Urbanas"	2024	"Rehabilitación de Av. Federalismo, colonia El Palmar, en el municipio de Pachuca (segunda etapa)"	"Pachuca de Soto"	NA	"DGIVC"	"Considera trabajos en la rehabilitación y/o mejoramiento de las vialidades urbanas en el muncipio de Pachuca de Soto"	TRUE
"873_Pachuca de Soto"	873	"Pachuca de Soto"	"Vialidades Urbanas"	2024	"Reconstrucción de pavimento de concreto hidráulico en calle San Martín de Porres, Pachuca de Soto"	"Pachuca de Soto"	NA	"DGIVC"	"Considera los trabajos de preliminares, riego de impregnación, piso para pavimento de concreto hidráulico."	TRUE
"874_Pachuca de Soto"	874	"Pachuca de Soto"	"Vialidades Urbanas"	2024	"Reconstrucción en calle Nicolás Flores, colonia centro, Pachuca de Soto"	"Pachuca de Soto"	NA	"DGIVC"	"Considera los trabajos de preliminares, piso para pavimento."	TRUE
"875_Pachuca de Soto"	875	"Pachuca de Soto"	"Vialidades Urbanas"	2024	"Reconstrucción de pavimento asfáltico en calle Campo de Tiro, municipio de Pachuca de Soto"	"Pachuca de Soto"	NA	"DGIVC"	"Considera los trabajos de la operación de escarificación, disgregado, construcción de base hidráulica, suministro y aplicación de riego de liga con emulsión asfáltica."	TRUE
"876_Pachuca de Soto"	876	"Pachuca de Soto"	"Espacios Públicos"	2024	"Rehabilitación y mejoramiento de la imagen urbana sobre el Boulevard Felipe Ángeles zona del hospital IMSS en el municipio de Pachuca de Soto."	"Pachuca de Soto"	NA	"DGIVC"	"Considera trabajos en en mejoramiento de la Imagen Urbana sobre el Boulevard Felipe Ángeles en el municipio de Pachuca de Soto."	TRUE
"877_Pachuca de Soto"	877	"Pachuca de Soto"	"Infraestructura Hídrica"	2024	"Construcción del colector pluvial Real de la Plata, en el municipio de Pachuca de Soto."	"Pachuca de Soto"	NA	"DGEP"	"Considera los trabajos colecto, canal rectangular cerrado, obra inducida general."	TRUE
"878_Pachuca de Soto"	878	"Pachuca de Soto"	"Infraestructura Hídrica"	2024	"Reparación de tubería de drenaje, Blvd. Río de las Avenidas, en el municipio de Pachuca"	"Pachuca de Soto"	NA	"DGOPI"	"Considera los trabajos de excavaciones y rellenos, descargas domiciliarias, pozos de visita, red de drenaje."	TRUE
"879_Pachuca de Soto"	879	"Pachuca de Soto"	"Infraestructura Hídrica"	2024	"Construcción del Dren Pluvial Norponiente, en el municipio de Pachuca de Soto."	"Pachuca de Soto"	NA	"DGIVC"	"Considera los trabajos de Canal Rectangular Revestida."	TRUE
"880_Pachuca de Soto"	880	"Pachuca de Soto"	"Espacios Públicos"	2024	"Mejoramiento del Centro de Justicia para Mujeres del Estado de Hidalgo"	"Pachuca de Soto"	NA	"DGIVC"	"Considera trabajos en infraestructura del Espacio Público en el municipio de Pachuca de Soto."	TRUE
"881_Pachuca de Soto"	881	"Pachuca de Soto"	"Infraestructura Hídrica"	2024	"Sistema de captación de agua de lluvia en las instalaciones de la SEMARNATH."	"Pachuca de Soto"	NA	"DGEP"	"Considera trabajos para el mejoramiento y mantenimiento del Sistema de captación de agua de lluvia en las instalaciones de la SEMARNATH."	TRUE
"882_Pachuca de Soto"	882	"Pachuca de Soto"	"Vialidades Urbanas"	2024	"Rehabilitación de avenida Álamo del 0+000 al km 1+020, San Pedro Nopancalco, municipio de Pachuca de Soto"	"Pachuca de Soto"	NA	"DGIVC"	"Considera trabajos en la rehabilitación y/o mejoramiento de las vialidades urbanas en el muncipio de Pachuca de Soto"	TRUE
"883_Pachuca de Soto"	883	"Pachuca de Soto"	"Espacios Públicos"	2024	"Rehabilitación de las instalaciones de Radio y Televisión de Hidalgo ubicadas en el municipio de Pachuca"	"Pachuca de Soto"	NA	"DGOPI"	"Considera trabajos en infraestructura del Espacio Público en el municipio de Pachuca de Soto."	TRUE
"884_Pachuca de Soto"	884	"Pachuca de Soto"	"Espacios Públicos"	2024	"Sustitución de cancelería en fachadas de Palacio de Gobierno del Poder Ejecutivo del Estado de Hidalgo, Segunda Etapa."	"Pachuca de Soto"	NA	"DGOPI"	"Considera trabajos en infraestructura del Espacio Público en el municipio de Pachuca de Soto."	TRUE
"885_Pachuca de Soto"	885	"Pachuca de Soto"	"Espacios Públicos"	2024	"Mejoramiento de la imagen urbana en el exterior del edificio de Gobierno del Estado"	"Pachuca de Soto"	NA	"DGOPI"	"Considera trabajos en infraestructura del Espacio Público en el municipio de Pachuca de Soto."	TRUE
"886_Pachuca de Soto"	886	"Pachuca de Soto"	"Espacios Públicos"	2024	"Modernización de instalaciones de la feria San Francisco, tercera etapa, en el municipio de Pachuca de Soto."	"Pachuca de Soto"	NA	"DGCCE"	"Considera trabajos en infraestructura del Espacio Público en el municipio de Pachuca de Soto."	TRUE
"887_Pachuca de Soto"	887	"Pachuca de Soto"	"Espacios Públicos"	2024	"Construcción del nuevo Centro Regional de Atención al Contribuyente de Hidalgo, en el municipio de Pachuca de Soto ."	"Pachuca de Soto"	NA	"DGEP"	"Considera trabajos en infraestructura del Espacio Público en el municipio de Pachuca de Soto."	TRUE
"888_Pachuca de Soto"	888	"Pachuca de Soto"	"Infraestructura Hídrica"	2024	"Actualización del Proyecto Ejecutivo del Sistema Integral de Saneamiento en la Zona Metropolitana de Pachuca de Soto, Hidalgo."	"Pachuca de Soto"	NA	"DGEP"	"Considera los trabajos de actualización del proyecto ejecutivo."	FALSE
"889_Pachuca de Soto"	889	"Pachuca de Soto"	"Espacios Públicos"	2024	"Alumbrado público ciclovia Colosio- -Río de las Avenidas - Rojo Gómez en el municipio de Pachuca de Soto"	"Pachuca de Soto"	NA	"DGCCE"	"Considera trabajos en infraestructura del Espacio Público en el municipio de Pachuca de Soto."	TRUE
"890_Pachuca de Soto"	890	"Pachuca de Soto"	"Infraestructura Hídrica"	2024	"Construcción del dren pluvial Norponiente, en el municipio de Pachuca de Soto."	"Pachuca de Soto"	NA	"DGEP"	"Considera los trabajos de Canal Rectangular Revestida."	TRUE
"891_Pachuca de Soto"	891	"Pachuca de Soto"	"Espacios Públicos"	2024	"Edificación de Oficinas Administrativas de la Policía Industrial Bancaria del Estado de Hidalgo"	"Pachuca de Soto"	NA	"DGOPI"	"Considera trabajos en infraestructura del Espacio Público en el municipio de Pachuca de Soto."	TRUE
"892_Pachuca de Soto"	892	"Pachuca de Soto"	"Espacios Públicos"	2024	"Centro de adiestramiento canino."	"Pachuca de Soto"	NA	"DGOPI"	"Considera trabajos en infraestructura en Seguridad Pública en el municipio de Pachuca de Soto."	TRUE
"893_Pachuca de Soto"	893	"Pachuca de Soto"	"Espacios Públicos"	2024	"Rehabilitación y mantenimiento del Centro de las Artes de Hidalgo 2da. etapa"	"Pachuca de Soto"	NA	"DGOPI"	"Considera trabajos en infraestructura del Espacio Público en el municipio de Pachuca de Soto."	TRUE
"894_Pachuca de Soto"	894	"Pachuca de Soto"	"Espacios Públicos"	2025	"Centro Administrativo y de Servicios para el Pueblo (CASP), en el municipio de Pachuca de Soto"	"Pachuca de Soto"	297848	"DGOPI"	"Los trabajos a ejecutar: diseño arquitectónico e ingenierías, demoliciones y desmontajes, preliminares, terracerías, cimentación, estructura de acero del edificio, estructura de acero del helipuerto, albañilería, azoteas, fachada exterior, muros divisorios interiores, acabados, muebles de baño, vidrio y cancelería, carpintería, instalación hidro-sanitaria."	TRUE
"895_Pachuca de Soto"	895	"Pachuca de Soto"	"Espacios Públicos"	2025	"Mantenimiento Integral Aeropuerto Nacional de Pachuca: Juan Guillermo Villasana Segunda Etapa"	"Pachuca de Soto"	NA	"DGCCE"	NA	TRUE
"896_Pachuca de Soto"	896	"Pachuca de Soto"	"Espacios Públicos"	2025	"Cercado perimetral de la granja interactiva granjaaventura."	"Pachuca de Soto"	NA	"DGIVC"	NA	TRUE
"897_Pachuca de Soto"	897	"Pachuca de Soto"	"Vialidades Urbanas"	2025	"Reconstrucción de concreto hidráulico en calle prolongación Av. Javier Rojo Gómez, San Cayetano, municipio de Pachuca de Soto"	"Pachuca de Soto"	NA	"DGCCE"	"Consistente en las partidas de terracerías, base hidráulica, riego de impregnación, pavimento de concreto hidráulico mr-35, red de distribución de agua potable, drenaje sanitario, obras complementarias y señalamiento horizontal."	TRUE
"898_Pachuca de Soto"	898	"Pachuca de Soto"	"Vialidades Urbanas"	2025	"Reconstrucción de pavimento asfáltico calle Parque Hidalgo, municipio de Pachuca de Soto"	"Pachuca de Soto"	NA	"DGCCE"	"Se realizará la obra contemplando las siguientes partidas: preliminares, carpeta asfáltica, señalamiento horizontal."	TRUE
"899_Pachuca de Soto"	899	"Pachuca de Soto"	"Espacios Públicos"	2025	"Estudio y proyecto para el diseño de los cortes en excavaciones de las obras de remodelación de la Plaza Independencia, en el municipio de Pachuca de Soto"	"Pachuca de Soto"	NA	"DGEP"	"Considera los estudios y proyecto ejecutivo."	TRUE
"900_Pachuca de Soto"	900	"Pachuca de Soto"	"Infraestructura Carretera"	2025	"Construcción de pavimento hidráulico del Boulevard Colonias - Santa Catarina, municipio de Pachuca de Soto"	"Pachuca de Soto"	NA	"SIPDUS"	NA	TRUE
"901_Pachuca de Soto"	901	"Pachuca de Soto"	"Infraestructura Carretera"	2025	"Construcción de pavimento hidráulico del Boulevard Nuevo Hidalgo del entronque con Boulevard Luis Donaldo Colosio a la Antigua carretera La Paz, municipio de Pachuca de Soto"	"Pachuca de Soto"	NA	"SIPDUS"	NA	TRUE
"902_Pachuca de Soto"	902	"Pachuca de Soto"	"Infraestructura Carretera"	2025	"Rehabilitación del Boulevard Felipe Ángeles (dos cuerpos), municipio de Pachuca de Soto (Segunda etapa)"	"Pachuca de Soto"	NA	"SIPDUS"	NA	TRUE
"903_Pachuca de Soto"	903	"Pachuca de Soto"	"Infraestructura Hídrica"	2025	"Construcción del Dren pluvial Santa Julia, municipio de Pachuca de Soto (Primera etapa)"	"Pachuca de Soto"	NA	"SIPDUS"	NA	TRUE
"904_Pachuca de Soto"	904	"Pachuca de Soto"	"Infraestructura Carretera"	2025	"Pavimentación de concreto hidráulico en la Av. Universidad: tramo Av. Francisco I. Madero - Viaducto Javier Rojo Gómez, municipio de Pachuca de Soto"	"Pachuca de Soto"	NA	"SIPDUS"	NA	TRUE
"905_Pachuca de Soto"	905	"Pachuca de Soto"	"Infraestructura Carretera"	2025	"Pavimentación con concreto hidráulico Boulevard Everardo Marquez del km 0+000 al 5+800 de Puente Tuzos - Río de la Avenidas (Dos cuerpos), en el municipio de Pachuca de Soto"	"Pachuca de Soto"	NA	"SIPDUS"	NA	TRUE
"906_Pachuca de Soto"	906	"Pachuca de Soto"	"Infraestructura Hídrica"	2025	"Terminación de la Construcción del Dren Pluvial San Antonio - Rio de Las Avenidas, en los municipios de Pachuca de Soto y Mineral de la Reforma"	"Pachuca de Soto"	NA	"SIPDUS"	NA	TRUE
"907_Pachuca de Soto"	907	"Pachuca de Soto"	"Infraestructura Hídrica"	2025	"Terminación de la Construcción del Dren pluvial Norponiente, en el municipio de Pachuca de Soto"	"Pachuca de Soto"	NA	"SIPDUS"	NA	TRUE
"908_Pachuca de Soto"	908	"Pachuca de Soto"	"Vivienda Asequible"	2024	"Construcción de cuartos dormitorios en el municipio de Pachuca de Soto"	"Pachuca de Soto"	NA	"CEVI"	"Considera los trabajos de construcción de cuarto dormitorio en terreno del beneficiario."	TRUE
"909_Pachuca de Soto"	909	"Pachuca de Soto"	"Infraestructura Hídrica"	2025	"Sustitución de medio filtrante y gravas en Planta Potabilizadora San Juan."	"Pachuca de Soto"	NA	"CAASIM"	"Sustitución de medio filtrante y gravas en planta potabilizadora San Juan, para mejorar la calidad del agua que se pone a disposición de la población"	TRUE
"910_Pachuca de Soto"	910	"Pachuca de Soto"	"Infraestructura Hídrica"	2024	"Construcción del Dren Pluvial San Antonio - Rio de Las Avenidas, en los municipios de Pachuca de Soto y Mineral de la Reforma."	"Pachuca de Soto, Mineral de la Reforma"	NA	"DGOPI"	"Considera los trabajos de obra Inducida, canal Rectangular con Tapa."	TRUE
"912_Pachuca de Soto"	912	"Pachuca de Soto"	"Espacios Públicos"	2024	"Mejoramiento del Centro Estatal de Evaluación y Control de Confianza"	"San José Palma Gorda"	NA	"CEECC"	"Considera trabajos en infraestructura en Seguridad Pública en el municipio de Pachuca de Soto."	TRUE
"913_Pachuca de Soto"	913	"Pachuca de Soto"	"Vialidades Urbanas"	2023	"Reconstrucción de pavimentación calle 18 de Julio, San Pedro Nopancalco, Pachuca de Soto; en el municipio de Pachuca de Soto"	"San Pedro (El Cigarro)"	297848	"DGCCE"	"Considera los trabajos de la operación de escarificación, disgregado, construcción de base hidráulica, suministro y aplicación de riego de liga con emulsión asfáltica."	TRUE
"914_Pachuca de Soto"	914	"Pachuca de Soto"	"Vialidades Urbanas"	2024	"Rehabilitación de Calle Flor de Alhelí en la localidad de Santa Gertrudis, en el municipio de Pachuca de Soto"	"Santa Gertrudis"	776	"DGOPI"	"Considera los trabajos de preliminares, piso para pavimento."	TRUE
"915_Pachuca de Soto"	915	"Pachuca de Soto"	"Vialidades Urbanas"	2023	"Rehabilitación de Av. Miguel Hidalgo en la localidad de Tlapacoya; municipio de Pachuca de Soto"	"Santiago Tlapacoya"	4712	"DGOPI"	"Considera trabajos en la rehabilitación y/o mejoramiento de las vialidades urbanas en la localidad de Santiago Tlapacoya muncipio de Pachuca de Soto"	TRUE
"916_Pachuca de Soto"	916	"Pachuca de Soto"	"Infraestructura Hídrica"	2024	"Sustitución de línea generales de alcantarillado sanitario, calle Roble comunidad Tlapacoya, con una longitud de 280 metros lineales con un diámetro de 8 pulgadas"	"Santiago Tlapacoya"	4712	"CAASIM"	"Considera los trabajos de excavaciones y rellenos, descargas domiciliarias, red de alcantarillado."	TRUE
"917_Pachuca de Soto"	917	"Pachuca de Soto"	"Infraestructura Hídrica"	2023	"Reposición de pavimento asfáltico en el Municipio de Pachuca de Soto, Mineral de la Reforma y su zona de influencia de la CAASIM"	"Varias"	NA	"CAASIM"	"Se ejecutan acciones para la ejecución de obras en Infraestructura hídrica."	TRUE
"918_Pachuca de Soto"	918	"Pachuca de Soto"	"Espacios Públicos"	2023	"Construcción de dormitorios Cereso Módulo 2, Pachuca de Soto, Hgo."	"Varias"	NA	"DGOPI"	"Considera trabajos en infraestructura en Seguridad Pública en CERESO en el municipio de Pachuca de Soto."	TRUE
"919_Pachuca de Soto"	919	"Pachuca de Soto"	"Vialidades Urbanas"	2023	"Reconstrucción de pavimento en calle Francisco Villa, colonia Felipe Ángeles, Pachuca, Hgo."	"Varias"	NA	"DGCCE"	"Considera los trabajos de demolición por medios mecánicos de concreto simple, barrido de la superficie por tratar, piso para pavimento de concreto hidráulico."	TRUE
"920_Pachuca de Soto"	920	"Pachuca de Soto"	"Vialidades Urbanas"	2023	"Construcción de pavimentación en calle Topacio, colonia Punta Kristal, Pachuca, Hgo."	"Varias"	NA	"DGCCE"	"Considera los trabajos de preliminares, piso para pavimento de concreto hidráulico."	TRUE
"921_Pachuca de Soto"	921	"Pachuca de Soto"	"Vialidades Urbanas"	2024	"Construcción de pavimentación concreto hidráulico en calle Ejido 10, Matilde, municipio de Pachuca de Soto"	"Varias"	NA	"DGCCE"	"Considera los trabajos de preliminares, riego de impregnación, piso para pavimento de concreto hidráulico."	TRUE
"922_Pachuca de Soto"	922	"Pachuca de Soto"	"Vialidades Urbanas"	2024	"Reconstrucción asfáltica de Circuito Calle 14 y Calle 15, en la Col. Piracantos, Tercera Sección, en el municipio de Pachuca de Soto"	"Varias"	NA	"DGCCE"	"Se realizan los siguientes trabajos: trazo y nivelación de plazas, suministro y aplicación de carpeta asfáltica compactado."	TRUE
"923_Pachuca de Soto"	923	"Pachuca de Soto"	"Vialidades Urbanas"	2024	"Construcción de pavimentación concreto hidráulico en Calle Colonias, Venecia en el municipio de Pachuca de Soto"	"Varias"	NA	"DGCCE"	"Considera los trabajos de preliminares, riego de impregnación, piso para pavimento de concreto hidráulico."	TRUE
"924_Pachuca de Soto"	924	"Pachuca de Soto"	"Vialidades Urbanas"	2024	"Rehabilitación asfáltica Cto. México, en el Fraccionamiento Geovillas, municipio de Pachuca de Soto"	"Varias"	NA	"DGCCE"	"Se realizan los siguientes trabajos: trazo y nivelación de plazas, suministro y aplicación de carpeta asfáltica compactado,  en el municipio de Pachuca de Soto"	TRUE
"925_Pachuca de Soto"	925	"Pachuca de Soto"	"Espacios Públicos"	2024	"Rehabilitación y mejoramiento de la imagen urbana de avenida Álamo del 0+000 al Km 1+020, El Tezontle, municipio de Pachuca de Soto."	"Varias"	NA	"DGCCE"	"Considera trabajos en en mejoramiento de la Imagen Urbana en El Tezontle en el municipio de Pachuca de Soto."	TRUE
"926_Pachuca de Soto"	926	"Pachuca de Soto"	"Espacios Públicos"	2024	"Rehabilitación de obra interior y exterior en el Cuartel Cubitos, en el municipio de Pachuca de Soto."	"Varias"	NA	"DGOPI"	"Considera trabajos en infraestructura en Seguridad Pública en el municipio de Pachuca de Soto."	TRUE
"927_Pachuca de Soto"	927	"Pachuca de Soto"	"Infraestructura Carretera"	2025	"Reconstrucción del Boulevard Las Torres Cuerpo Izquierdo a base de concreto hidraulico, tramo del km 0+000 al km 6+490."	"Varias"	NA	"SIP"	"Considera trabajos para la reconstrucción y/o conservación de Infraestructura Carretera en la localidad de Varias municipio de Pachuca de Soto"	TRUE
"928_Mineral de la Reforma"	928	"Mineral de la Reforma"	"Infraestructura Carretera"	2024	"Estudios de impacto ambiental, análisis costo beneficio y diseño de pavimento y geotecnia para la reconstrucción  del boulevard Las Torres, en los municipios de Pachuca de Soto y Mineral de la Reforma."	"Varias"	NA	"DGEP"	"Considera los estudios y proyecto ejecutivo."	TRUE
"928_Pachuca de Soto"	928	"Pachuca de Soto"	"Infraestructura Carretera"	2024	"Estudios de impacto ambiental, análisis costo beneficio y diseño de pavimento y geotecnia para la reconstrucción  del boulevard Las Torres, en los municipios de Pachuca de Soto y Mineral de la Reforma."	"Varias"	NA	"DGEP"	"Considera los estudios y proyecto ejecutivo."	TRUE
"929_Mineral de la Reforma"	929	"Mineral de la Reforma"	"Infraestructura Carretera"	2024	"Estudios de impacto ambiental y análisis costo beneficio para la continuación de la construcción de la vialidad y el encauzamiento del río de las avenidas, municipio de Mineral de la Reforma"	"Varias"	NA	"DGEP"	"Considera los estudios y proyecto ejecutivo."	TRUE
"929_Pachuca de Soto"	929	"Pachuca de Soto"	"Infraestructura Carretera"	2024	"Estudios de impacto ambiental y análisis costo beneficio para la continuación de la construcción de la vialidad y el encauzamiento del río de las avenidas, municipio de Mineral de la Reforma"	"Varias"	NA	"DGEP"	"Considera los estudios y proyecto ejecutivo."	TRUE
"930_Epazoyucan"	930	"Epazoyucan"	"Infraestructura Hídrica"	2022	"Inversión de 2 mdp en la adquisición de equipamiento a las plantas de tratamiento de aguas residuales Matilde, Providencia y Solares."	"Varias"	NA	"CAASIM"	"Ejecuta trabajos para el mantenimiento y mejoramiento de la Planta de tratamiento en la localidad de Atlaltipa Huitzotlaco municipio de Atlapexco."	FALSE
"930_Mineral de la Reforma"	930	"Mineral de la Reforma"	"Infraestructura Hídrica"	2022	"Inversión de 2 mdp en la adquisición de equipamiento a las plantas de tratamiento de aguas residuales Matilde, Providencia y Solares."	"Varias"	NA	"CAASIM"	"Ejecuta trabajos para el mantenimiento y mejoramiento de la Planta de tratamiento en la localidad de Atlaltipa Huitzotlaco municipio de Atlapexco."	TRUE
"930_Mineral del Monte"	930	"Mineral del Monte"	"Infraestructura Hídrica"	2022	"Inversión de 2 mdp en la adquisición de equipamiento a las plantas de tratamiento de aguas residuales Matilde, Providencia y Solares."	"Varias"	NA	"CAASIM"	"Ejecuta trabajos para el mantenimiento y mejoramiento de la Planta de tratamiento en la localidad de Atlaltipa Huitzotlaco municipio de Atlapexco."	FALSE
"930_Pachuca de Soto"	930	"Pachuca de Soto"	"Infraestructura Hídrica"	2022	"Inversión de 2 mdp en la adquisición de equipamiento a las plantas de tratamiento de aguas residuales Matilde, Providencia y Solares."	"Varias"	NA	"CAASIM"	"Ejecuta trabajos para el mantenimiento y mejoramiento de la Planta de tratamiento en la localidad de Atlaltipa Huitzotlaco municipio de Atlapexco."	TRUE
"930_San Agustín Tlaxiaca"	930	"San Agustín Tlaxiaca"	"Infraestructura Hídrica"	2022	"Inversión de 2 mdp en la adquisición de equipamiento a las plantas de tratamiento de aguas residuales Matilde, Providencia y Solares."	"Varias"	NA	"CAASIM"	"Ejecuta trabajos para el mantenimiento y mejoramiento de la Planta de tratamiento en la localidad de Atlaltipa Huitzotlaco municipio de Atlapexco."	TRUE
"930_Zapotlán de Juárez"	930	"Zapotlán de Juárez"	"Infraestructura Hídrica"	2022	"Inversión de 2 mdp en la adquisición de equipamiento a las plantas de tratamiento de aguas residuales Matilde, Providencia y Solares."	"Varias"	NA	"CAASIM"	"Ejecuta trabajos para el mantenimiento y mejoramiento de la Planta de tratamiento en la localidad de Atlaltipa Huitzotlaco municipio de Atlapexco."	FALSE
"930_Zempoala"	930	"Zempoala"	"Infraestructura Hídrica"	2022	"Inversión de 2 mdp en la adquisición de equipamiento a las plantas de tratamiento de aguas residuales Matilde, Providencia y Solares."	"Varias"	NA	"CAASIM"	"Ejecuta trabajos para el mantenimiento y mejoramiento de la Planta de tratamiento en la localidad de Atlaltipa Huitzotlaco municipio de Atlapexco."	TRUE
"934_Mineral de la Reforma"	934	"Mineral de la Reforma"	"Infraestructura Hídrica"	2022	"Inversión de 4.1 mdp en construcción de colector sanitario Azoyatla-Viaducto Rojo Gómez, (etapa ocho de 10) municipios de Mineral de la Reforma y Pachuca."	"Pachuca y Mineral de la Reforma"	NA	"CAASIM"	"Considera los trabajos de excavaciones, instalación de  tubería."	TRUE
"934_Pachuca de Soto"	934	"Pachuca de Soto"	"Infraestructura Hídrica"	2022	"Inversión de 4.1 mdp en construcción de colector sanitario Azoyatla-Viaducto Rojo Gómez, (etapa ocho de 10) municipios de Mineral de la Reforma y Pachuca."	"Pachuca y Mineral de la Reforma"	NA	"CAASIM"	"Considera los trabajos de excavaciones, instalación de  tubería."	TRUE
"939_Pacula"	939	"Pacula"	"Infraestructura Carretera"	2024	"Rehabilitación de pavimento en carretera principal de Pacula a la Estancia en tramos de las comunidades del Puerto Jilialpan a la Mohonera, municipio de Pacula."	"Varias"	NA	"DGIVC"	"Considera trabajos para la reconstrucción y/o conservación de Infraestructura Carretera en la localidad de Varias municipio de Pacula"	TRUE
"940_Pacula"	940	"Pacula"	"Infraestructura Hídrica"	2023	"Construcción de línea conducción para agua potable, derivación La Puerta-Jiliapan, Los Fresnos, Canoas y Jiliapan en el municipio de Pacula"	"Varias"	NA	"SIPDUS"	"Considera los trabajos de instalación de tubería, rellenos con material producto de excavación, prueba de la tubería en la comunidad."	TRUE
"948_Pisaflores"	948	"Pisaflores"	"Infraestructura Carretera"	2023	"Construcción de muros de contención en el camino rural Pisaflores - El Nogal - La Minita, municipio de Pisaflores"	"Varias"	NA	"DGOPI"	"Considera en los trabajos la construcción de muros de contención en camino rural Pisaflores."	TRUE
"949_Pisaflores"	949	"Pisaflores"	"Vivienda Asequible"	2022	"Construcción de cuarto dormitorio, en el municipio de Pisaflores"	"Varias"	112	"DGCCE"	"Considera los trabajos de construcción de cuarto dormitorio en terreno del beneficiario."	TRUE
"950_Pisaflores"	950	"Pisaflores"	"Vivienda Asequible"	2022	"Construcción de Cuarto Dormitorio, en el municipio de Pisaflores"	"Varias"	NA	"DGCCE"	"Considera los trabajos de construcción de cuarto dormitorio en terreno del beneficiario."	TRUE
"951_Pisaflores"	951	"Pisaflores"	"Infraestructura Carretera"	2024	"Construcción de pavimento tramo Tripuente a Chalahuite, en el municipio de Pisaflores."	"Varias"	NA	"DGIVC"	"Considera los trabajos de preliminares y pavimento en el municipio de Pisaflores."	TRUE
"952_Progreso de Obregón"	952	"Progreso de Obregón"	"Vialidades Urbanas"	2024	"Pavimentación del acceso a la Col. La Peña, en la comunidad de El Jardin, municipio de Progreso de Obregón"	"El Jardín (Colonia)"	229	"DGCCE"	"Considera trabajos en la rehabilitación y/o mejoramiento de las vialidades urbanas en la localidad de El Jardín (Colonia) muncipio de Progreso de Obregón"	TRUE
"956_San Agustín Metzquititlán"	956	"San Agustín Metzquititlán"	"Infraestructura Hídrica"	2024	"Construcción de sistema integral de agua potable San Agustín Metzquititlán. (Apartadero y La Cañada de Agua Bendita) Etapa cuatro de seis"	"Apartadero y La Cañada de Agua Bendita"	NA	"CEAA"	"Considera los trabajos de líneas de distribución con la instalación de tubería, tomas domiciliarias. en la localidad de Apartadero y La Cañada de Agua Bendita municipio de  San Agustín Metzquititlán"	TRUE
"962_San Agustín Metzquititlán"	962	"San Agustín Metzquititlán"	"Infraestructura Carretera"	2025	"Pavimentación asfáltica del camino El Carrizo - La Peña - Veladero - Agua Bendita, en el municipio de San Agustín Metzquititlán"	"San Agustín Meztquititlán"	NA	"SIPDUS"	NA	TRUE
"999_San Agustín Tlaxiaca"	999	"San Agustín Tlaxiaca"	"Vialidades Urbanas"	2025	"Reconstrucción de pavimentación asfáltica de Av. Principal de acceso a la comunidad de Tornacuxtla, en el municipio de San Agustín Tlaxiaca"	"Tornacuxtla"	NA	"DGIVC"	NA	TRUE
"1484_Acatlán"	1483	"Acatlán"	"Espacios Educativos"	2022	"Construccion De Un Aula Didactica De 1 E.e. En Estructura Regional (Zona Sismica C Y D) 6.00 X 8.00 Mts. Y Obra Exterior"	"San Dionisio"	96	NA	"FAM 2022 13DTV0437J Telesecundaria 97"	TRUE
"1486_Acaxochitlán"	1485	"Acaxochitlán"	"Espacios Educativos"	2022	"Rehabilitacion General De Aulas Y Rehabilitación General De Sanitarios."	"Tepepa (Santiago Tepepa)"	155	NA	"FAM POTENCIADO-MANTENIMIENTO 13DPB0470R Lazaro Cardenas"	TRUE
"1502_Actopan"	1501	"Actopan"	"Espacios Educativos"	2022	"Construcción De Un Módulo De 7 E.e., Estructura U2-C, Que Comprende: P.b., 2 Aulas Didácticas De 2 E.e. C/U, Sanitarios De 2 E.e. Y Dirección Turno Vespertino De 1 E.e.; P.a., 3 Aulas Didácticas De 2 E.e. C/U, Bodega De 1 E.e., Módulo De Escaleras; Reestr"	"Actopan"	456	NA	"FAM 2022 13DPR1438Q Efren Rebolledo"	TRUE
"1497_Actopan"	1496	"Actopan"	"Espacios Educativos"	2022	"Construcción De Un Plantel De Nueva Creación, Que Consiste: Construcción De Un Módulo De Dirección Anexo Con Sanitarios Y Dos Aulas Didácticas, Estructura Regional (Zona Sísmica C Y D) 6.00 X 8.00, Construcción De Un Aula Didáctica, Estructura Regional (Z"	"El Huaxtho"	49	NA	"FAM 2022 13DJN0609W Denhi"	TRUE
"1491_Actopan"	1490	"Actopan"	"Espacios Educativos"	2022	"Demolición De Módulo De 3 Aulas Estructura Regional 6.00 X 8.00 Mts., Demolición De Módulo Atípico De 6 Aulas Didácticas En Dos Niveles Y Escaleras, Construcción De Dos Aulas Didácticas Estructura Regional (Zona Sísmica C Y D) 6.00 X 8.00 Mts., Construcci"	"Bothi Baji"	36	NA	"FAM 2022 13DPR1511I Miguel Hidalgo"	TRUE
"1496_Actopan"	1495	"Actopan"	"Espacios Educativos"	2022	"Demolición De Módulo De Dos Aulas Didácticas, Dirección Y Sanitarios Con Afectaciones Estructurales, Construcción De Un Módulo De 3 E.e., Que Contemplara Un Módulo De Servicios Sanitarios De 6.50 X 8.00 Mts. Y Dos Aulas Didácticas De 6.00 X 8.00 Mts. En S"	"Actopan"	169	NA	"FAM 2022 13DPR0076Q Narcizo Mendoza"	TRUE
"1501_Actopan"	1500	"Actopan"	"Espacios Educativos"	2022	"Rehabilitación General De 1 Módulo De 4 E.e., Estructura Regional 6.00 X 8.00, Que Contempla Dirección Con Sanitarios, Laboratorio Y Dos Aulas Didácticas Y Obra Exterior.avance De Obra 100%"	"El Huaxtho"	106	NA	"FAM 2022 13DTV0391E Telesecundaria 15"	TRUE
"1513_Apan"	1512	"Apan"	"Espacios Educativos"	2022	"Construcción De Dos Aulas Didácticas De 2.5 E.e. C/U Adosadas En Estructura U1-C.avance De Obra 100%"	"Las Peñitas"	713	NA	"FAM 2022 13DES0076J Jesus Romero Flores"	TRUE
"1514_Apan"	1513	"Apan"	"Espacios Educativos"	2022	"Construcción De Un Modulo De Dirección Y Sanitarios 6.50 X 8.00 Mts., Estructura Regional (Zona Sismica C Y D) 6.00 X 8.00 Mts., Impermeabilización De Dos Módulos Y Obra Exterior"	"Alcantarillas"	25	NA	"FAM 2022 13DTV0493B Telesecundaria 477"	TRUE
"1516_Apan"	1515	"Apan"	"Espacios Educativos"	2022	"Contrucción De Un Aula Didáctica De 1 E.e. Estructura Regional (Zona Sísmica C Y D) 6.00 X 8.00 Mts. Y Obra Exterior.avance De Obra 100%"	"Apan"	177	NA	"FAM 2022 13DPR0358Y Javier Rojo Gomez"	TRUE
"1523_Atitalaquia"	1522	"Atitalaquia"	"Espacios Educativos"	2022	"Rehabilitacion General De Aula Y Rehabilitacion General De Sanitarios."	"Tlalminulpa"	36	NA	"FAM POTENCIADO-MANTENIMIENTO 13DJN0444D Mariano Abasolo"	TRUE
"1530_Atotonilco de Tula"	1529	"Atotonilco de Tula"	"Espacios Educativos"	2022	"Construcción De Dos Aulas Didácticas Adosadas De 1 E.e, Estructura Regional (Zona Sísmica C Y D) 6.00 X 8.00 Mts, Módulo De Sanitarios M-6, Estructura Regional (Zona Sísmica (C Y D) 6.50 X 5.30 Mts., Fosa Séptica, Pozo De Absorción Y Obra Exterior.avance"	"Praderas Del Potrero"	64	NA	"FAM 2022 13DTV0314Z Telesecundaria 656"	TRUE
"1527_Atotonilco de Tula"	1526	"Atotonilco de Tula"	"Espacios Educativos"	2022	"Construcción De Dos Aulas Didácticas, Estructura Regional (Zona Sísmica C Y D) 6.00 X 8.00 Mts. Y Obra Exterior. Avance De Obra 100%"	"El Pedregal"	262	NA	"FAM 2022 13DTV0275O Telesecundaria 655"	TRUE
"1528_Atotonilco de Tula"	1527	"Atotonilco de Tula"	"Espacios Educativos"	2022	"Construcción De Módulo De 2 Aulas Didácticas, Estructura Regional (Zona Sísmica C Y D) 6.00 X 8.00 Mts Y Obra Exterior.avance De Obra 100%"	"Real Castilla"	260	NA	"FAM 2022 13DPR0779G Frida Kahlo"	TRUE
"1539_Atotonilco de Tula"	1538	"Atotonilco de Tula"	"Espacios Educativos"	2022	"Construcción De Taller De Turismo De 6 E.e, Construcción De 2 Aulas Didácticas De 2.5 E.e. C/U Estructura U1-C Y Obra Exterior.avance De Obra 100%"	"Conejos"	532	NA	"FAM 2022 13DST0037Z Escuela Secundaria Tecnica 51"	TRUE
"1533_Atotonilco de Tula"	1532	"Atotonilco de Tula"	"Espacios Educativos"	2022	"Construcción De Un Módulo De 4 Aulas Didácticas, Estructura Regional (Zona Sísmica C Y D ) 6.00 X 8.00 Mts. Y Obra Exterior.avance De Obra 100%"	"Senderos Del Pedregal"	333	NA	"FAM 2022 13DPR2962S Adela Velarde Perez"	TRUE
"1542_Atotonilco el Grande"	1541	"Atotonilco el Grande"	"Espacios Educativos"	2022	"Construcción De Taller De Estructuras Metalicas De 6 E.e. Y Obra Exterior.avance De Obra 100%"	"La Estancia"	349	NA	"FAM 2022 13DES0114W Atotoni-Lli"	TRUE
"1549_Calnali"	1548	"Calnali"	"Espacios Educativos"	2022	"Construcción De Dos Aulas Didácticas Adosadas En Estructura Regional 6.00 X 8.00 Mts., Construcción De Muros De Contención Y Obra Exterior.avance De Obra 100%"	"San Andres (San Andres Chichayotla)"	183	NA	"FAM 2022 13DTV0311C Telesecundaria 369"	TRUE
"1554_Cardonal"	1553	"Cardonal"	"Espacios Educativos"	2022	"Rehabilitación General De Aulas."	"San Miguel Tlazintla"	104	NA	"FAM POTENCIADO 13DPR2085L Miguel Hidalgo"	TRUE
"1551_Cardonal"	1550	"Cardonal"	"Espacios Educativos"	2022	"Rehabilitación General De Aulas."	"San Antonio Sabanillas"	90	NA	"FAM POTENCIADO 13DPR2104J Francisco Villa"	TRUE
"1558_Chapulhuacán"	1557	"Chapulhuacán"	"Espacios Educativos"	2022	"Construcción De 2 Aulas Didácticas En Sustitución De Aulas Dañadas, Estructura Regional 6.00 X 8.00 Mts., Rehabilitación General De Aula Didáctica Y Obra Exterior.avance De Obra 100%"	"Iglesia Vieja (Iglesia Nueva)"	85	NA	"FAM 2022 13DPR1900Z Tierra Y Libertad"	TRUE
"1569_Chapulhuacán"	1568	"Chapulhuacán"	"Espacios Educativos"	2022	"Rehabilitación De Aula Y Rehabilitación De Sanitarios."	"El Sotano"	39	NA	"FAM POTENCIADO 13DPR2596M Venustiano Carranza"	TRUE
"1573_Chapulhuacán"	1572	"Chapulhuacán"	"Espacios Educativos"	2022	"Rehabilitación De Aula Y Rehabilitación De Sanitarios."	"El Coyol"	55	NA	"FAM POTENCIADO 13DTV0480Y Telesecundaria 464"	TRUE
"1563_Chapulhuacán"	1562	"Chapulhuacán"	"Espacios Educativos"	2022	"Rehabilitación General De Aulas Y Rehabilitación General De Sanitarios."	"Huatepango"	41	NA	"FAM POTENCIADO 13DPR2594O Lic. Adolfo Lopez Mateos"	TRUE
"1567_Chapulhuacán"	1566	"Chapulhuacán"	"Espacios Educativos"	2022	"Rehabilitación General De Aulas Y Rehabilitación General De Sanitarios."	"Soledad Del Coyol"	18	NA	"FAM POTENCIADO 13DTV0005V Telesecundaria 650"	TRUE
"1562_Chapulhuacán"	1561	"Chapulhuacán"	"Espacios Educativos"	2022	"Rehabilitación General De Aulas Y Rehabilitación General De Sanitarios."	"San Rafael"	43	NA	"FAM POTENCIADO 13DTV0167G Telesecundaria 228"	TRUE
"1581_Chilcuautla"	1580	"Chilcuautla"	"Espacios Educativos"	2022	"Demolición De Módulo Atipico Por Dictamen Estructural (Area De Computo), Construcción De Aula De Computo, Estructura Regional (Zona Sísmica C Y D) 6.00 X 8.00 Mts. Y Obra Exterior.avance De Obra 100%"	"Tlacotlapilco"	127	NA	"FAM 2022 13DPR1931S Vicente Guerrero"	TRUE
"1580_Chilcuautla"	1579	"Chilcuautla"	"Espacios Educativos"	2022	"Reestructuracion De Techumbre En Cancha De Usos Multiples, Impermeabilización De Dos Módulos.avance De Obra 100%"	"La Estancia"	111	NA	"FAM 2022 13DPR1287A Benito Juarez"	TRUE
"1592_Cuautepec de Hinojosa"	1591	"Cuautepec de Hinojosa"	"Espacios Educativos"	2022	"Construcción De Taller De Cómputo De 1 E.e. En Estructura Regional (Zona Sísmica C Y D) Y Obra Exterior"	"Hueyapita"	119	NA	"FAMMD-22 13EMS0076R Centro De Educacion Media Superior A Distancia Hueyapita"	TRUE
"1590_Cuautepec de Hinojosa"	1589	"Cuautepec de Hinojosa"	"Espacios Educativos"	2022	"Construcción De Un Módulo De Sanitarios En Estructura Regional (Zona Sísmica C Y D) 6.50 X 8.00 M, Sustitución De Impermeabilizante En Edificio A, B Y Obra Exterior.avance De Obra 100%"	"Santa Elena Paliseca"	404	NA	"FAM 2022 13DPR1875Q Cristobal Colon"	TRUE
"1593_Epazoyucan"	1592	"Epazoyucan"	"Espacios Educativos"	2022	"Construcción De Un Aula Didáctica De 1 E.e. Estructura Regional (Zona Sísmica C Y D) 6.00 X 5.30 Mts. Y Obr A Exterior.avance De Obra 100%"	"El Nopalillo"	24	NA	"FAM 2022 13DJN1018Q Jose Maria Luis Mora"	TRUE
"1594_Francisco I. Madero"	1593	"Francisco I. Madero"	"Espacios Educativos"	2022	"Adecuacion De Instalaciones Electricas En El Laboratorio Pesado"	"Lazaro Cardenas (El Mexe) [Colonia]"	2623	NA	"FAMES-22 (REMANENTES) 13EPO0003Z Universidad Politecnica De Francisco I. Madero"	TRUE
"1601_Huasca de Ocampo"	1600	"Huasca de Ocampo"	"Espacios Educativos"	2022	"Rehabilitación General De Aulas Y Rehabilitación General De Sanitarios."	"Rio Seco Puente De Doria"	253	NA	"FAM POTENCIADO 13DPR1398F Tierra Y Libertad"	TRUE
"1599_Huasca de Ocampo"	1598	"Huasca de Ocampo"	"Espacios Educativos"	2022	"Rehabilitación General De Aulas Y Rehabilitación General De Sanitarios."	"El Peral"	44	NA	"FAM POTENCIADO 13DPR2010V Aguiluchos De Chapultepec"	TRUE
"1598_Huasca de Ocampo"	1597	"Huasca de Ocampo"	"Espacios Educativos"	2022	"Rehabilitación General De Aulas Y Rehabilitación General De Sanitarios."	"Ojo De Agua"	54	NA	"FAM POTENCIADO 13DTV0172S Telesecundaria 219"	TRUE
"1603_Huazalingo"	1602	"Huazalingo"	"Espacios Educativos"	2022	"Rehabilitación De Sanitarios."	"Huazalingo"	82	NA	"FAM POTENCIADO 13DPR1943X Teodomiro Manzano"	TRUE
"1604_Huazalingo"	1603	"Huazalingo"	"Espacios Educativos"	2022	"Rehabilitación General De Aulas Y Rehabilitación General De Sanitarios."	"Tlatzonco"	28	NA	"FAM POTENCIADO 13DTV0021M Telesecundaria 280"	TRUE
"1605_Huazalingo"	1604	"Huazalingo"	"Espacios Educativos"	2022	"Rehabilitación General De Aulas."	"Tlatzonco"	36	NA	"FAM POTENCIADO 13DPR1938L Abraham Castellanos"	TRUE
"1619_Huejutla de Reyes"	1618	"Huejutla de Reyes"	"Espacios Educativos"	2022	"Construcción De Un Aula Didáctica De 1 E.e., Estructura Regional 6.00 X 8.00 Mts Y Obra Exterior.avance De Obra 100%"	"Axcaco"	49	NA	"FAM 2022 13DCC0213X Emiliano Zapata"	TRUE
"1630_Huejutla de Reyes"	1629	"Huejutla de Reyes"	"Espacios Educativos"	2022	"Construcción De Un Módulo De Sanitarios M-6, Estructura Regional (Zona Sísmica C Y D) 6.50 X 5.30 Mts., Cisterna De Concreto De 10 M3, Impermeabilizante De 2 Módulos Con 6 Aulas Y Obra Exterior.avance De Obra 100%"	"Huejutla De Reyes"	181	NA	"FAM 2022 13DPR0762G Manuel Azuara Leon"	TRUE
"1625_Huejutla de Reyes"	1624	"Huejutla de Reyes"	"Espacios Educativos"	2022	"Edificio De Docencia De 2 Niveles 2a Etapa"	"Parque De Poblamiento Solidaridad"	980	NA	"FAMES-22 13EPO0005Y Universidad Politecnica De Huejutla"	TRUE
"1616_Huejutla de Reyes"	1615	"Huejutla de Reyes"	"Espacios Educativos"	2022	"Rehabilitación De Planta De Tratamient"	"Parque De Poblamiento Solidaridad"	980	NA	"FAMES-22 AMPLIACIÓN (REMANENTES) 13EPO0005Y Universidad Politecnica De Huejutla"	TRUE
"1612_Huejutla de Reyes"	1611	"Huejutla de Reyes"	"Espacios Educativos"	2022	"Rehabilitación General De 6 Aulas, Dirección, Sanitarios En Cinco Módulos, Construcción De Sanitarios M-2, Construcción De Cisterna De Concreto De 10 M3, Pórtico Y Obra Exterior.avance De Obra 100%"	"Huejutla De Reyes"	106	NA	"FAM 2022 13DPR1039T Jose Ma. Morelos"	TRUE
"1608_Huejutla de Reyes"	1607	"Huejutla de Reyes"	"Espacios Educativos"	2022	"Sustitución De Lámina Multipanel Y Rehabilitación General De 1 Módulo De Dos Aulas Y 1 Módulo De Aula, Dirección Y Sanitarios, Construcción De Cisterna De 10 M3 Y Obra Exterior.avance De Obra 100%"	"Ahuatempa"	38	NA	"FAM 2022 13DCC0853S Juan Escutia"	TRUE
"1632_Huichapan"	1631	"Huichapan"	"Espacios Educativos"	2022	"Elaboración De Trabajos De Acabados, Cancelería E Instalaciones En El Laboratorio De Ingeniería En Innovación Agrícola Y Arquitectura. En El Instituto Tecnológico Superior De Huichapan, Con C.c.t. 13eit0002c, Ubicad"	"El Saucillo"	2230	NA	"FAMES-22 13EIT0002C Instituto Tecnologico Superior De Huichapan"	TRUE
"1649_Ixmiquilpan"	1648	"Ixmiquilpan"	"Espacios Educativos"	2022	"Construcción De Dos Aulas En Planta Alta Y Módulo De Escaleras, Adaptación De Aula De Cómputo En Planta Alta, En Estructura U2-C Y Obra Exterior.avance De Obra 100%"	"Ixmiquilpan"	358	NA	"FAM 2022 13DTV0750A Telesecundaria 750"	TRUE
"1643_Ixmiquilpan"	1642	"Ixmiquilpan"	"Espacios Educativos"	2022	"Construcción De Un Modulo De Sanitarios, Estructura Regional (Zona Sísmica C Y D) 6.50 X 5.30 Mts., Construcción De Un Aula Adosada Estructura Regional (Zona Sísmica C Y D) 6.00 X 5.30 Mts. Demolición De Modulo Atípico Y Obra Exterior."	"Botenguedho"	223	NA	"FAM 2022 13DPR2813K Vicente Guerrero"	TRUE
"1647_Ixmiquilpan"	1646	"Ixmiquilpan"	"Espacios Educativos"	2022	"Demolición De Módulo Atípico De Sanitarios, Construcción De Un Módulo De Sanitarios M-4 (Zona Sísmica C Y D), Construcción De Cisterna De 10 M3 Y Obra Exterior. Avance De Obra 100%"	"El Mirador Capula"	16	NA	"FAM 2022 13DCC0939Y Gabriela Mistral"	TRUE
"1664_Ixmiquilpan"	1663	"Ixmiquilpan"	"Espacios Educativos"	2022	"Rehabilitacion General De Aulas Y Rehabilitacion General De Sanitarios."	"El Alberto"	58	NA	"FAM POTENCIADO-MANTENIMIENTO 13DPB0655X Nicolas Bravo"	TRUE
"1665_Ixmiquilpan"	1664	"Ixmiquilpan"	"Espacios Educativos"	2022	"Rehabilitacion General De Aulas."	"El Puerto Dexthi"	50	NA	"FAM POTENCIADO-MANTENIMIENTO 13DPB0312B Benito Juarez"	TRUE
"1659_Ixmiquilpan"	1658	"Ixmiquilpan"	"Espacios Educativos"	2022	"Rehabilitacioón General De Aulas Y Rehabilitación General De Sanitarios."	"El Espiritu"	25	NA	"FAM POTENCIADO 13DCC0607I Niños Heroes"	TRUE
"1639_Ixmiquilpan"	1638	"Ixmiquilpan"	"Espacios Educativos"	2022	"Rehabilitacioón General De Aulas Y Rehabilitación General De Sanitarios."	"El Espiritu"	38	NA	"FAM POTENCIADO 13DTV0265H Telesecundaria 240"	TRUE
"1641_Ixmiquilpan"	1640	"Ixmiquilpan"	"Espacios Educativos"	2022	"Rehabilitación General De 1 Módulo De Sanitarios, Construcción De Base Externa Para Tinacos, Impermeabilización De 1 Aula Estructura Regional 6.00 X 8.00 Y Obra Exterior."	"La Loma Julian Villagran"	116	NA	"FAM 2022 13DPB2487E Benito Juarez"	TRUE
"1654_Ixmiquilpan"	1653	"Ixmiquilpan"	"Espacios Educativos"	2022	"Rehabilitación General De 2 Módulo De 4 Aulas Didácticas, Estructura Hm.avance De Obra 100%"	"El Nith"	235	NA	"FAM 2022 13DPR0861G Sor Juana Ines De La Cruz"	TRUE
"1653_Ixmiquilpan"	1652	"Ixmiquilpan"	"Espacios Educativos"	2022	"Rehabilitación General De Aulas Y Rehabilitación General De Sanitarios."	"El Espiritu"	79	NA	"FAM POTENCIADO 13DPR2331E Cinco De Mayo"	TRUE
"1668_Ixmiquilpan"	1667	"Ixmiquilpan"	"Espacios Educativos"	2022	"Trabajos Complementarios Y Adecuación De Instalaciones En Aulas Y Laboratorios En Edificio De Docencia"	"La Joya [Colonia]"	2365	NA	"FAMES-22 (REMANENTES) 13EUT0003X Universidad Tecnologica Del Valle Del Mezquital"	TRUE
"1672_Jacala de Ledezma"	1671	"Jacala de Ledezma"	"Espacios Educativos"	2022	"Rehabilitación General De Aula Y Rehabilitación General De Sanitarios."	"Octupilla"	11	NA	"FAM POTENCIADO 13DPR2388F Gral. Joaquin Martinez"	TRUE
"1674_Jacala de Ledezma"	1673	"Jacala de Ledezma"	"Espacios Educativos"	2022	"Rehabilitación General De Dos Módulos De Sanitarios En Estructura Atípica, Con Sustitución De Losa Por Cubierta De Lámina Multipanel Y Obra Exterior.avance De Obra 100%"	"Jacala"	226	NA	"FAM 2022 13DPR2392S Ultimo Emperador Azteca"	TRUE
"1671_Jacala de Ledezma"	1670	"Jacala de Ledezma"	"Espacios Educativos"	2022	"Rehabilitación General De Dos Módulos, Estructura A-70 De 9 Y 6 E.e. Respectivamente, Rehabilitación General De Taller De 7 E.e., Estructura A-73, Rehabilitación General De Módulo De 3 Aulas Didácticas Atípicas 6.00 X 8.00 Mts. Y Obra Exterior.avance De O"	"Jacala"	223	NA	"FAM 2022 13DST0016N Escuela Secundaria Tecnica 16"	TRUE
"1676_La Misión"	1675	"La Misión"	"Espacios Educativos"	2022	"Rehabilitación General De Aulas Y Rehabilitación General De Sanitarios."	"La Cienega"	18	NA	"FAM POTENCIADO 13DPR0188U Ignacio Manuel Altamirano"	TRUE
"1678_La Misión"	1677	"La Misión"	"Espacios Educativos"	2022	"Rehabilitación General De Aulas Y Rehabilitación General De Sanitarios."	"Puerto De Naranjos"	31	NA	"FAM POTENCIADO 13DPR1138T Ponciano Arriaga"	TRUE
"1677_La Misión"	1676	"La Misión"	"Espacios Educativos"	2022	"Rehabilitación General De Aulas Y Rehabilitación General De Sanitarios."	"Las Palmitas"	35	NA	"FAM POTENCIADO 13DTV0751Z Telesecundaria 751"	TRUE
"1684_Mineral de la Reforma"	1683	"Mineral de la Reforma"	"Espacios Educativos"	2022	"Acondicionamiento Eléctrico En El Edificio De Gastronomía Y Red General (Acometida Y Nicho De Tableros Principales)"	"Ex-Hacienda De Chavarria"	524	NA	"FAMES-22 (REMANENTES) 13EUT0012E Universidad Tecnologica De Mineral De La Reforma"	TRUE
"1697_Mineral de la Reforma"	1696	"Mineral de la Reforma"	"Espacios Educativos"	2022	"Construccion De Laboratorio Multidisciplinario De 4 E.e., Cooperativa Escolar De 1 E.e. En Estructura U1-C, Cancha De Usos Multiples Y Obra Exterior"	"El Saucillo Fraccionamiento"	339	NA	"FAM 2022 13DES0123D Escuela Secundaria General"	TRUE
"1692_Mineral de la Reforma"	1691	"Mineral de la Reforma"	"Espacios Educativos"	2022	"Construcción De Cuatro Aulas Didacticas De 2 E.e. C/U, Módulo De Escaleras, En Estructura U2-C Planta Alta Y Obra Exterior"	"Praderas De Virreyes"	371	NA	"FAM 2022 13DPR0814W Octavio Paz"	TRUE
"1710_Mineral de la Reforma"	1709	"Mineral de la Reforma"	"Espacios Educativos"	2022	"Construcción De Dos Aulas Adosadas En Estructura Regional (Zona Sísmica C Y D) 6.00 X 8.00 Mts. Y Obra Exterior.avance De Obra 100%"	"Praderas De Virreyes"	166	NA	"FAM 2022 13DJN1606F Luis Roman Lara Ramos"	TRUE
"1704_Mineral de la Reforma"	1703	"Mineral de la Reforma"	"Espacios Educativos"	2022	"Construcción De Módulo De Sanitarios De 2 E.e. En Estructura U2-C (Planta Baja)"	"Paseos De Chavarria"	416	NA	"FAMMD-22  (REMANENTES) 13EMS0081C Centro De Educacion Media Superior A Distancia Mineral De La Reforma Ii"	TRUE
"1686_Mineral de la Reforma"	1685	"Mineral de la Reforma"	"Espacios Educativos"	2022	"Construcción De Un Laboratorio De Diseño Arquitectonico Adosado De 4 E.e., Estructura U1-C, Impermeabilizante En Módulos Y Obra Exterior.avance De Obra 100%"	"La Providencia Siglo Xxi"	595	NA	"FAM 2022 13DST0062Z Escuela Secundaria Tecnica 62"	TRUE
"1691_Mineral de la Reforma"	1690	"Mineral de la Reforma"	"Espacios Educativos"	2022	"Construcción De Un Módulo De 2 Aulas Didácticas De 2 E.e. C/U Y Escaleras En Planta Baja, Estructura U2-C Y Obra Exterior.avance De Obra 100%"	"Paseos De Chavarria"	309	NA	"FAM 2022 13DPR0834J Centro Escolar Teocalli"	TRUE
"1683_Mineral de la Reforma"	1682	"Mineral de la Reforma"	"Espacios Educativos"	2022	"Construcción De Un Módulo De Sanitarios Adosado, Estructura Regional (Zona Sísmica C Y D), 6.50x8.00 Mts., Construcción De Un Aula Didáctica, Estructura Regional (Zona Sísmica C Y D) 6.00x8.00 Mts. Y Obra Exterior.avance De Obra 100%"	"Santa Maria La Calera"	497	NA	"FAM 2022 13DTV0288S Telesecundaria 267"	TRUE
"1687_Mineral de la Reforma"	1686	"Mineral de la Reforma"	"Espacios Educativos"	2022	"Reforzamiento Estructural Con Marcos Rígidos En Aula Atípica, Construcción De Cisterna De 1200 Lts Y Canaleta Para Almacenar Desalojo De Agua Pluvial.avance De Obra 100%"	"Pachuquilla"	182	NA	"FAM 2022 13DPR0042Z Cuauhtemoc"	TRUE
"1699_Mineral de la Reforma"	1698	"Mineral de la Reforma"	"Espacios Educativos"	2022	"Rehabilitación General De Aulas Y Rehabilitación General De Sanitarios"	"Ex-Hacienda De Chavarria"	524	NA	"FAM POTENCIADO-MANTENIMIENTO 13EUT0012E Universidad Tecnologica De Mineral De La Reforma"	TRUE
"1682_Mineral de la Reforma"	1681	"Mineral de la Reforma"	"Espacios Educativos"	2022	"Rehabilitación General De Módulo Que Consta De 1 Aula De Estructura Atípica, 2 Aulas De Estructura A-70 De 2 E.e. Cada Una Y 2 Aulas De Estructura Atípica; Rehabilitación General De Módulo De Estructura Regional De 3 E.e., Rehabilitación De Sanitarios, Di"	"Azoyatla De Ocampo"	202	NA	"FAM 2022 13DPR0955V Melchor Ocampo"	TRUE
"1689_Mineral de la Reforma"	1688	"Mineral de la Reforma"	"Espacios Educativos"	2022	"Terminación De Laboratorio De Computo De 3 E.e. Adosado En Edificio “D” De Estructura U2-C, En Planta Baja, Rehabilitación De Módulo De Sanitarios En Edificio “A” De Estructura U2-C Planta Baja De 2 E.e., Impermeabilización En Edificios “A” Y “B” Y Obra E"	"Cipreses"	538	NA	"FAM 2022 13DES0106N Jaime Sabines"	TRUE
"1714_Mixquiahuala de Juárez"	1713	"Mixquiahuala de Juárez"	"Espacios Educativos"	2022	"Construcción De Un Módulo De 3 Aulas Didácticas, Estructura Regional (Zona Sísmica C Y D) 6.00 8.00 Mts., Rehabilitación De Módulo De Sanitarios Atipico Y Obra Exterior.avance De Obra 100%"	"Mixquiahuala De Juarez"	407	NA	"FAM 2022 13DPR1061V Gral. Pedro Maria Anaya"	TRUE
"1716_Omitlán de Juárez"	1715	"Omitlán de Juárez"	"Espacios Educativos"	2022	"Construcción De Un Módulo De Sanitarios M-4, Estructura Regional (Zona Sismica C Y D), Fosa Septica, Pozo De Absorción Y Obra Exterior"	"Venta De Guadalupe"	99	NA	"FAM 2022 13DTV0430Q Telesecundaria 59"	TRUE
"1715_Omitlán de Juárez"	1714	"Omitlán de Juárez"	"Espacios Educativos"	2022	"Demolición De Un Aula Didáctica Y Construcción De Un Aula Didáctica De 1 E.e. Estructura Regional (Zona Sísmica C Y D) 6.00 X 8.00 Mts. Y Obra Exterior. Avance De Obra 100%"	"San Antonio El Paso"	118	NA	"FAM 2022 13DPR2325U Raymundo Enriquez"	TRUE
"1718_Pachuca de Soto"	1717	"Pachuca de Soto"	"Espacios Educativos"	2022	"Construccion De La Primera Etapa Del Edificio ¨Q¨E"	"Pachuca De Soto"	1038	NA	"FAM POTENCIADO 13DCT0006F Centro De Bachillerato Tecnologico Industrial Y De Servicios Num. 222"	TRUE
"1732_Pachuca de Soto"	1731	"Pachuca de Soto"	"Espacios Educativos"	2022	"Construcción De Fosa Séptica De 10 M3, Pozo De Absorción, Red De Drenaje, Impermeabilización De Tres Módulos A, E Y Sanitarios En Módulo B Y Obra Exterior"	"Pachuca De Soto"	451	NA	"FAM 2022 13DES0050B Proceres De La Nacion"	TRUE
"1728_Pachuca de Soto"	1727	"Pachuca de Soto"	"Espacios Educativos"	2022	"Construcción De Modulo De Area Administrativa Y Portico De Acceso De 8 E.e., Estructura U1-C; Construcción De Taller De Diseño Grafico De 4 E.e., Estructura U1-C Y Obra Exterior"	"Pachuca De Soto"	473	NA	"FAM 2022 13DST0071G Salomon Nazar Ruiz"	TRUE
"1731_Pachuca de Soto"	1730	"Pachuca de Soto"	"Espacios Educativos"	2022	"Construcción De Un Aula Didáctica De 3 E.e., Escalera, De 1 E.e. Y Un Taller De Diseño Gráfico, De 4 E.e. En Planta Baja En Un Módulo En Estructura U2-C Y Obra Exterior. Avance De Obra 100%"	"Pachuca De Soto"	250	NA	"FAM 2022 13DES0122E Leona Vicario"	TRUE
"1739_Pachuca de Soto"	1738	"Pachuca de Soto"	"Espacios Educativos"	2022	"Demolición De Dos Tramos De Barda Perimetral Por Riesgo De Colapso; Construcción De Muros De Contención A Base De Piedra Braza Y Concreto Armado Y Barda Perimetral Para Reposición En Ambos Tramos"	"Pachuca De Soto"	222	NA	"FAM 2022 13DPR0085Y Guadalupe Victoria"	TRUE
"1719_Pachuca de Soto"	1718	"Pachuca de Soto"	"Espacios Educativos"	2022	"Reestructuración De Edificio De 9 E.e. En Dos Niveles Estructura Atípica.avance De Obra 100%"	"Pachuca De Soto"	163	NA	"FAM 2022 13DPR2951M Elisa Acuña Rossetti"	TRUE
"1745_Pachuca de Soto"	1744	"Pachuca de Soto"	"Espacios Educativos"	2022	"Reforzamiento Estructural De 1 Módulo Atipico En Zona De Sanitarios Y Aulas, Reparacion De Grietas.avance De Obra 100%"	"Pachuca De Soto"	224	NA	"FAM 2022 13DPR0332Q Belisario Dominguez"	TRUE
"1735_Pachuca de Soto"	1734	"Pachuca de Soto"	"Espacios Educativos"	2022	"Rehabilitacion General De Aulas Y Rehabilitacion General De Sanitarios."	"Pachuca De Soto"	111	NA	"FAM POTENCIADO-MANTENIMIENTO 13DPR0151G Benito Torres Oropeza"	TRUE
"1749_Pachuca de Soto"	1748	"Pachuca de Soto"	"Espacios Educativos"	2022	"Rehabilitación General De Aulas Y Rehabilitación General De Sanitarios."	"Pachuca De Soto"	243	NA	"FAM POTENCIADO 13DPR1932R Cuitlahuac"	TRUE
"1746_Pachuca de Soto"	1745	"Pachuca de Soto"	"Espacios Educativos"	2022	"Sustitución De Techumbre Por Lámina Multipanel En Módulo B (Estructura Prefabricada), Rehabilitación Eléctrica Y Obra Exterior.avance De Obra 100%"	"Pachuca De Soto"	176	NA	"FAM 2022 13DPR2892N Distribuidores Nissan Numero 39"	TRUE
"1761_Pisaflores"	1760	"Pisaflores"	"Espacios Educativos"	2022	"Construcción De Un Aula Didáctica Estructura Regional 6.00x5.30 Mts. Construcción De Muro De Contención Y Obra Exterior. Avance De Obra 100%"	"Escondida De San Rafael"	23	NA	"FAM 2022 13DJN1121C Nueva Ilusion"	TRUE
"1760_Pisaflores"	1759	"Pisaflores"	"Espacios Educativos"	2022	"Rehabilitación De Aula Y Rehabilitación De Sanitarios."	"Chalahuite"	32	NA	"FAM POTENCIADO 13DJN0230C Tezozomoc"	TRUE
"1758_Pisaflores"	1757	"Pisaflores"	"Espacios Educativos"	2022	"Rehabilitación General De Aulas Y Rehabilitación General De Sanitarios."	"Plan De Ayala"	10	NA	"FAM POTENCIADO 13DPR0092H Consumacion De La Independencia"	TRUE
"1762_Pisaflores"	1761	"Pisaflores"	"Espacios Educativos"	2022	"Rehabilitación General De Aulas Y Rehabilitación General De Sanitarios."	"Rancho Nuevo"	35	NA	"FAM POTENCIADO 13DPR0323I Francisco I. Madero"	TRUE
"1759_Pisaflores"	1758	"Pisaflores"	"Espacios Educativos"	2022	"Rehabilitación General De Aulas Y Rehabilitación General De Sanitarios."	"Las Moras"	68	NA	"FAM POTENCIADO 13DPR0364I Ignacio M. Altamirano"	TRUE
"1756_Pisaflores"	1755	"Pisaflores"	"Espacios Educativos"	2022	"Rehabilitación General De Aulas Y Rehabilitación General De Sanitarios."	"Casas Viejas"	11	NA	"FAM POTENCIADO 13DPR2767P Benito Juarez"	TRUE
"1766_Progreso de Obregón"	1765	"Progreso de Obregón"	"Espacios Educativos"	2022	"Construcción De Un Aula Didáctica De 3 E.e. Estructura U1-C Y Obra Exterior.avance De Obra 100%"	"Los Olivos"	334	NA	"FAM 2022 13DST0063Y Escuela Secundaria Tecnica 63"	TRUE
"1768_San Agustín Metzquititlán"	1767	"San Agustín Metzquititlán"	"Espacios Educativos"	2022	"Rehabilitación General De 7 Aulas En 3 Módulos Y Obra Exterior.avance De Obra 100%"	"Carpinteros"	162	NA	"FAM 2022 13DPR2481L Justo Sierra"	TRUE
"1769_San Agustín Metzquititlán"	1768	"San Agustín Metzquititlán"	"Espacios Educativos"	2022	"Rehabilitación General De Aulas Y Rehabilitación General De Sanitarios."	"Mezquititlan"	123	NA	"FAM POTENCIADO 13DES0001T Nicandro Castillo"	TRUE
"1773_San Agustín Tlaxiaca"	1772	"San Agustín Tlaxiaca"	"Espacios Educativos"	2022	"Construcción De Un Aula Didáctica Adosada De 1 E.e. Estructura Regional (Zona Sísmica C Y D, Zapatas Corridas) 6.00 X 8.00 Mts Y Obra Exterior.avance De Obra 100%"	"Nueva Tlaxiaca"	315	NA	"FAM 2022 13DPR1037V Maria Isabel Ordaz Camacho"	TRUE
"1774_San Agustín Tlaxiaca"	1773	"San Agustín Tlaxiaca"	"Espacios Educativos"	2022	"Demontaje De Techumbre En Cancha De Usos Multiples Y Demolición De Columnas.avance De Obra 100%"	"San Agustin Tlaxiaca"	310	NA	"FAM 2022 13DPR1452J Melchor Ocampo"	TRUE
"1777_San Bartolo Tutotepec"	1776	"San Bartolo Tutotepec"	"Espacios Educativos"	2022	"Construcción De Un Aula Didáctica De 1 E.e., Estructura Regional (Zona Sísmica C Y D) 6.00 X 8.00 Mts Y Obra Exterior.avance De Obra 100%"	"Valle Verde"	123	NA	"FAM 2022 13DPB2756I Bicentenario"	TRUE
"1784_San Salvador"	1783	"San Salvador"	"Espacios Educativos"	2022	"Demolición De Un Módulo De Sanitarios Por Deficiencias Constructivas, Construcción De Un Módulo De Sanitarios M-6 En Estructura Regional (Zona Sísmica C Y D) 6.50 X 5.30 Mts. Y Obra Exterior.avance De Obra 100%"	"Dextho De Victoria"	49	NA	"FAM 2022 13DTV0232Q Telesecundaria 246"	TRUE
"1781_San Salvador"	1780	"San Salvador"	"Espacios Educativos"	2022	"Rehabilitación Eléctrica General.avance De Obra 100%"	"San Antonio Zaragoza"	279	NA	"FAM 2022 13DPR0444U Centro Cultural Campesino"	TRUE
"1793_Santiago Tulantepec de Lugo Guerrero"	1792	"Santiago Tulantepec de Lugo Guerrero"	"Espacios Educativos"	2022	"Adecuacion Y Rehabilitación General De Módulo De Estructura U1-C De 11 E.e. Que Comprende: Un Taller De Diseño Grafico De 4 E.e. Un Aula Didáctica De 2 E.e. Y Un Taller De Electricidad De 5 E.e. Y Obra Exterior.avance De Obra 100%"	"Santiago Tulantepec"	514	NA	"FAM 2022 13DES0031N Martin Jose Urrutia Malagon"	TRUE
"1796_Santiago Tulantepec de Lugo Guerrero"	1795	"Santiago Tulantepec de Lugo Guerrero"	"Espacios Educativos"	2022	"Construcción De Dos Aulas Didacticas De 2 E.e. C/U, Estructura U2-C, En Planta Alta, Construcción De Taller De Industria De Vestido De 6 E.e., Estructura U1-C Y Obra Exterior"	"Unidades Habitacionales"	745	NA	"FAM 2022 13DES0120G Gabriel Vargas Bernal"	TRUE
"1790_Santiago Tulantepec de Lugo Guerrero"	1789	"Santiago Tulantepec de Lugo Guerrero"	"Espacios Educativos"	2022	"Construcción De Dos Aulas Didácticas Adosadas De 2 E.e. Estructura Regional (Zona Sísmica C Y D) 6.00 X 8.00 Mts. Y Obra Exterior. Avance De Obra 100%"	"Los Romeros"	262	NA	"FAM 2022 13DPR0469C Gral. Felipe Angeles"	TRUE
"1810_Tecozautla"	1809	"Tecozautla"	"Espacios Educativos"	2022	"Construcción De Techumbre (Suministro Y Montaje De Lamina Y Acabados En Estructura) En Cancha De Basquetbol."	"Bomanxotha"	111	NA	"FAM POTENCIADO-MANTENIMIENTO 13DTV0721F Telesecundaria 721"	TRUE
"1807_Tecozautla"	1806	"Tecozautla"	"Espacios Educativos"	2022	"Rehabilitacion General De Aula Y Rehabilitacion General De Sanitarios."	"Maguey Verde"	38	NA	"FAM POTENCIADO-MANTENIMIENTO 13DPB0620H Escuela De Educacion Primaria Indigena"	TRUE
"1808_Tecozautla"	1807	"Tecozautla"	"Espacios Educativos"	2022	"Rehabilitación Eléctrica General, Con Sustitución De Transformador.avance De Obra 100%"	"San Antonio"	66	NA	"FAM 2022 13DTV0273Q Telesecundaria 258"	TRUE
"1818_Tenango de Doria"	1817	"Tenango de Doria"	"Espacios Educativos"	2022	"Construcción Del Edificio De Medicina Primera Etapa"	"El Desdavi"	611	NA	"FAMES-22 13EIU0001C Universidad Intercultural Del Estado De Hidalgo"	TRUE
"1819_Tenango de Doria"	1818	"Tenango de Doria"	"Espacios Educativos"	2022	"Rehabilitación De Aula Y Rehabilitación De Sanitarios."	"El Casiu"	16	NA	"FAM POTENCIADO 13DPB0144W Lazaro Cardenas"	TRUE
"1817_Tenango de Doria"	1816	"Tenango de Doria"	"Espacios Educativos"	2022	"Rehabilitación De Aula Y Rehabilitación De Sanitarios."	"El Aguacate"	46	NA	"FAM POTENCIADO 13DPB0143X Jose Maria Morelos"	TRUE
"1815_Tenango de Doria"	1814	"Tenango de Doria"	"Espacios Educativos"	2022	"Rehabilitación General De Aula Y Rehabilitación General De Sanitarios."	"El Bopo"	36	NA	"FAM POTENCIADO 13DTV0556X Telesecundaria 503"	TRUE
"1816_Tenango de Doria"	1815	"Tenango de Doria"	"Espacios Educativos"	2022	"Rehabilitación General De Aulas."	"El Texme"	30	NA	"FAM POTENCIADO 13DPB0235N Margarita Maza De Juarez"	TRUE
"1823_Tepeapulco"	1822	"Tepeapulco"	"Espacios Educativos"	2022	"Construcción De Un Aula Didáctica De 1 E.e. Estructura Regional (Zona Sísmica C Y D) 6.00 X 8.00 Mts, Rehabilitación General De Servicios Sanitarios Y Obra Exterior.avance De Obra 100%"	"Los Cides"	69	NA	"FAM 2022 13DTV0174Q Telesecundaria 337"	TRUE
"1837_Tepeji del Río de Ocampo"	1836	"Tepeji del Río de Ocampo"	"Espacios Educativos"	2022	"Construcción De Un Aula Didáctica Estructura Regional 6.00 X 5.30 Mts Y Obra Exterior.avance De Obra 100%"	"Benito Juarez"	69	NA	"FAM 2022 13DJN1184O Camilo Calva Villegas"	TRUE
"1830_Tepeji del Río de Ocampo"	1829	"Tepeji del Río de Ocampo"	"Espacios Educativos"	2022	"Construcción Del Edificio A, Área Administrativa De 6 E.e. En Estructura U1-C Y Obra Exterior"	"San Ildefonso"	176	NA	"FAMMD-22 13EMS0070X Centro De Educacion Media Superior A Distancia San Ildefonso"	TRUE
"1835_Tepeji del Río de Ocampo"	1834	"Tepeji del Río de Ocampo"	"Espacios Educativos"	2022	"Construcción Del Edificio “A” Área Administrativa De 6 E.e. En Estructura U1-C Y Obra Exterior"	"Santa Maria Quelites"	151	NA	"FAMMD-22 13EMS0071W Centro De Educacion Media Superior A Distancia Santa Maria Quelites"	TRUE
"1832_Tepeji del Río de Ocampo"	1831	"Tepeji del Río de Ocampo"	"Espacios Educativos"	2022	"Impermeabilización De 4 Módulos Y Rehabilitación Eléctrica De 4 Módulos. Avance De Obra 100%"	"Melchor Ocampo (El Salto)"	337	NA	"FAM 2022 13DPR2589C Melchor Ocampo"	TRUE
"1831_Tepeji del Río de Ocampo"	1830	"Tepeji del Río de Ocampo"	"Espacios Educativos"	2022	"Terminacion De Módulo De 7 E.e., Que Incluye: Laboratorio Multidisciplinario De 4 E.e. Y Laboratorio De Computo De 3 E.e. Estructura U1-C Y Obra Exterioravance De Obra 100%"	"Tepeji Del Rio De Ocampo"	180	NA	"FAM 2022 13EES0001S Plantel Azteca Hidalgo"	TRUE
"1852_Tezontepec de Aldama"	1851	"Tezontepec de Aldama"	"Espacios Educativos"	2022	"Reforzamiento Estructural De Módulo Atípico, Impermeabilizante Con Nivelación De Losa Y Reparación De Grietas Y Fisuras.avance De Obra 100%"	"Mangas"	376	NA	"FAM 2022 13DPR0625D Revolucion"	TRUE
"1853_Tezontepec de Aldama"	1852	"Tezontepec de Aldama"	"Espacios Educativos"	2022	"Rehabilitacion General De Aula Y Rehabilitacion General De Sanitarios."	"Tezontepec De Aldama"	474	NA	"FAM POTENCIADO-MANTENIMIENTO 13DES0033L Niños Heroes De Chapultepec"	TRUE
"1857_Tianguistengo"	1856	"Tianguistengo"	"Espacios Educativos"	2022	"Demolición De Un Módulo Atipico De Dos Aulas, Construcción De Un Aula Didáctica Adosada De 6.00 X 8.00 Mts. En Estructura Regional (Zona Sísmica C Y D) Y Obra Exterior.avance De Obra 100%"	"Tonchintlan"	102	NA	"FAM 2022 13DPR1089A Niños Heroes"	TRUE
"1864_Tizayuca"	1863	"Tizayuca"	"Espacios Educativos"	2022	"Construcción De Dos Aulas Didácticas Adosadas En Estructura Regional (Zona Sísmica C Y D) 6.00 X 8.00 Mts. Y Obra Exterior.avance De Obra 100%"	"Tepojaco"	510	NA	"FAM 2022 13DTV0219W Telesecundaria 189"	TRUE
"1862_Tizayuca"	1861	"Tizayuca"	"Espacios Educativos"	2022	"Construcción De Dos Aulas Didácticas De 2 E.e. C/U En Planta Alta Y Módulo De Escaleras, Estructura U2-C Y Obra Exterior.avance De Obra 100%"	"Hacienda De Guadalupe"	392	NA	"FAM 2022 13DES0124C Escuela Secundaria General"	TRUE
"1874_Tizayuca"	1873	"Tizayuca"	"Espacios Educativos"	2022	"Construcción De La Segunda Etapa Del Estacionamient"	"Los Heroes Tizayuca"	604	NA	"FAMES-22 13EUT0008S Universidad Tecnologica De La Zona Metropolitana Del Valle De Mexico"	TRUE
"1870_Tizayuca"	1869	"Tizayuca"	"Espacios Educativos"	2022	"Construcción De Un Aula Didáctica Adosada De 1 E.e., Estructura Regional 6.00 X 8.00 Mts., Rehabilitación De Sanitarios Y Obra Exterior.avance De Obra 100%"	"Huitzila"	308	NA	"FAM 2022 13DES0102R Ismael Villaseñor Ramirez"	TRUE
"1869_Tizayuca"	1868	"Tizayuca"	"Espacios Educativos"	2022	"Construcción De Un Módulo De Sanitarios, Estructura U1-C De 2 E.e., Impermeabilización De Módulos Y Obra Exterior.avance De Obra 100%"	"Tizayuca"	580	NA	"FAM 2022 13DES0084S Raul Guerrero Guerrero"	TRUE
"1867_Tizayuca"	1866	"Tizayuca"	"Espacios Educativos"	2022	"Impermeabilización De Dos Módulos Y Protecciones En Canceleria Y Puertas En Tres Módulos, Estructura Regional.avance De Obra 100%"	"Tepojaco"	126	NA	"FAM 2022 13DPR2970A Julian Villagran"	TRUE
"1865_Tizayuca"	1864	"Tizayuca"	"Espacios Educativos"	2022	"Rehabilitación General De Sanitarios.avance De Obra 100%"	"Olmos"	26	NA	"FAM 2022 13DJN1594R Helen Keller"	TRUE
"1873_Tizayuca"	1872	"Tizayuca"	"Espacios Educativos"	2022	"Rehabilitación General De Servicios Sanitarios En Planta Baja De 2 E.e. En Estructura Atipica.avance De Obra 100%"	"Don Antonio"	483	NA	"FAM 2022 13DES0115V Antonio Cuadrini D' Palma"	TRUE
"1888_Tlahuiltepa"	1887	"Tlahuiltepa"	"Espacios Educativos"	2022	"Rehabilitación De Aula Y Rehabilitación De Sanitarios."	"San Andres Miraflores"	38	NA	"FAM POTENCIADO 13DTV0321J Telesecundaria 379"	TRUE
"1893_Tlahuiltepa"	1892	"Tlahuiltepa"	"Espacios Educativos"	2022	"Rehabilitación De Aula Y Rehabilitación De Sanitarios."	"Coyocala"	19	NA	"FAM POTENCIADO 13DTV0455Z Telesecundaria 266"	TRUE
"1892_Tlahuiltepa"	1891	"Tlahuiltepa"	"Espacios Educativos"	2022	"Rehabilitación General De Aulas Y Rehabilitación General De Sanitarios."	"Xilocuatitla (El Puerto De Xilocuatitla)"	40	NA	"FAM POTENCIADO 13DPR0678I Ley Del Trabajo"	TRUE
"1891_Tlahuiltepa"	1890	"Tlahuiltepa"	"Espacios Educativos"	2022	"Rehabilitación General De Aulas Y Rehabilitación General De Sanitarios."	"Palo Perdido"	24	NA	"FAM POTENCIADO 13DTV0565E Telesecundaria 532"	TRUE
"1889_Tlahuiltepa"	1888	"Tlahuiltepa"	"Espacios Educativos"	2022	"Rehabilitación General De Aulas."	"Tlahuiltepa"	57	NA	"FAM POTENCIADO 13DPR0664F Rafael Ramirez"	TRUE
"1898_Tlanchinol"	1897	"Tlanchinol"	"Espacios Educativos"	2022	"Construcción De Un Módulo De 2 Aulas Didácticas De 1 E.e., Estructura Regional (Zona Sísmica C Y D) 6.00 X 8.00 Mts., Construcción De Módulo De Sanitarios Regional M-6 (Zona Sísmica C Y D), Construcción De Cisterna De 10 M3, Rehabilitación De Aulas, Const"	"Chichatla"	176	NA	"FAM 2022 13DPB0188T Ignacio Manuel Altamirano"	TRUE
"1903_Tlaxcoapan"	1902	"Tlaxcoapan"	"Espacios Educativos"	2022	"Rehabilitacion De Aulas."	"Doxey"	90	NA	"FAM POTENCIADO-MANTENIMIENTO 13DPR2542I Carlos A. Carrillo"	TRUE
"1910_Tolcayuca"	1909	"Tolcayuca"	"Espacios Educativos"	2022	"Construcción De Bodega-Almacen"	"Vicente Guerrero (San Javier)"	3282	NA	"FAMES-22 (REMANENTES) 13EPO0004Z Universidad Politecnica Metropolitana De Hidalgo"	TRUE
"1907_Tolcayuca"	1906	"Tolcayuca"	"Espacios Educativos"	2022	"Rehabilitacion De Plafon En Aulas Y Construccion De Pavimentacion En Vialidad."	"Vicente Guerrero (San Javier)"	3282	NA	"FAM POTENCIADO-MANTENIMIENTO 13EPO0004Z Universidad Politecnica Metropolitana De Hidalgo"	TRUE
"1908_Tolcayuca"	1907	"Tolcayuca"	"Espacios Educativos"	2022	"Rehabilitación General De Aulas Y Rehabilitación General De Sanitarios."	"Tolcayuca"	401	NA	"FAM POTENCIADO 13DTV0011F Telesecundaria 11"	TRUE
"1911_Tula de Allende"	1910	"Tula de Allende"	"Espacios Educativos"	2022	"Rehabilitación General De Un Módulo De 4 E.e., Que Comprende: 2 Aulas Didácticas, Laboratorio Y Área Administrativa, Construcción De Cisterna De Concreto De 10 M3 Y Obra Exterior.avance De Obra 100%"	"El Llano"	106	NA	"FAM 2022 13DTV0482W Telesecundaria 466"	TRUE
"1915_Tula de Allende"	1914	"Tula de Allende"	"Espacios Educativos"	2022	"Rehabilitación General En Aulas, Rehabilitación General En Sanitarios Y Obra Exterior"	"San Miguel Vindho"	580	NA	"FAM POTENCIADO-MANTENIMIENTO 13EPO0006X Universidad Politecnica De La Energia"	TRUE
"1918_Tulancingo de Bravo"	1917	"Tulancingo de Bravo"	"Espacios Educativos"	2022	"Construcción De Un Aula Didáctica De 1 E.e. Estructura Regional (Zona Sismica C Y D) 6.00 X 8.00 Mts, Construcción De Muro De Contención Y Obra Exterior"	"2 De Agosto [Colonia]"	124	NA	"FAM 2022 13DPB2757H Leona Vicario"	TRUE
"1929_Tulancingo de Bravo"	1928	"Tulancingo de Bravo"	"Espacios Educativos"	2022	"Construcción De Un Aula Didáctica De 1 E.e. Estructura Regional (Zona Sísmica C Y D) 6.00 X 8.00 Mts, Rehabilitación General De Servicios Sanitarios Y Obra Exterior. Avance De Obra 100%"	"Jaltepec"	223	NA	"FAM 2022 13DTV0063L Telesecundaria 278"	TRUE
"1926_Tulancingo de Bravo"	1925	"Tulancingo de Bravo"	"Espacios Educativos"	2022	"Construcción De Un Aula Didáctica De 1 E.e. Estructura Regional (Zona Sísmica C Y D) 6.00 X 8.00 Mts. Y Obra Exterior"	"Tepalzingo"	88	NA	"FAM 2022 13DTV0571P Telesecundaria 559"	TRUE
"1921_Tulancingo de Bravo"	1920	"Tulancingo de Bravo"	"Espacios Educativos"	2022	"Rehabilitación General De 4 Módulos, Demolición De Un Módulo, Construcción De Sanitarios M-8, Construcción De Cisterna De 10 M3 Y Obra Exterior.avance De Obra 100%"	"Santa Maria El Chico"	160	NA	"FAM 2022 13DPR2449C Tierra Y Libertad"	TRUE
"1934_Xochiatipan"	1933	"Xochiatipan"	"Espacios Educativos"	2022	"Rehabilitación De Aula Y Rehabilitación De Sanitarios."	"Cruzhica"	51	NA	"FAM POTENCIADO 13DPB0173R 18 De Marzo"	TRUE
"1935_Xochiatipan"	1934	"Xochiatipan"	"Espacios Educativos"	2022	"Rehabilitación General De Aulas Y Rehabilitación General De Sanitarios."	"Cruzhica"	33	NA	"FAM POTENCIADO 13DCC0277H Ignacio Allende"	TRUE
"1933_Xochiatipan"	1932	"Xochiatipan"	"Espacios Educativos"	2022	"Rehabilitación General De Aulas Y Rehabilitación General De Sanitarios."	"Acatipa"	41	NA	"FAM POTENCIADO 13DPB0168F Gral. Mariano Escobedo"	TRUE
"1936_Xochiatipan"	1935	"Xochiatipan"	"Espacios Educativos"	2022	"Rehabilitación General De Aulas."	"Tenexhueyac"	44	NA	"FAM POTENCIADO 13DPB2716H Lic. Benito Juarez"	TRUE
"1937_Zacualtipán de Ángeles"	1936	"Zacualtipán de Ángeles"	"Espacios Educativos"	2022	"Construcción De Módulo Administrativo Con Sanitarios En Estructura Regional Zona Sísmica C Y D"	"Jalapa"	49	NA	"FAMMD-22  (REMANENTES) 13EMS0080D Centro De Educacion Media Superior A Distancia Jalapa"	TRUE
"1938_Zacualtipán de Ángeles"	1937	"Zacualtipán de Ángeles"	"Espacios Educativos"	2022	"Impermeabilización De Edificios A, B Y C"	"Zacualtipan"	2254	NA	"FAMES-22 AMPLIACIÓN (REMANENTES) 13EUT0005V Universidad Tecnologica De La Sierra Hidalguense"	TRUE
"1942_Zapotlán de Juárez"	1941	"Zapotlán de Juárez"	"Espacios Educativos"	2022	"Construcción De Un Aula De 3 E.e. Adosada En Estructura U1-C, Taller De Industria Del Vestido De 6 E.e. En Estructura U1-C Y Obra Exterior"	"Zapotlan De Juarez"	408	NA	"FAM 2022 13DES0112Y Juan Guillermo Villasana Lopez"	TRUE
"1940_Zapotlán de Juárez"	1939	"Zapotlán de Juárez"	"Espacios Educativos"	2022	"Rehabilitacion General De Aula Y Rehabilitacion General De Sanitarios."	"San Pedro Huaquilpan"	228	NA	"FAM POTENCIADO-MANTENIMIENTO 13DPR2644F Ignacio Zaragoza"	TRUE
"1949_Zempoala"	1948	"Zempoala"	"Espacios Educativos"	2022	"Construcción De Un Aula Didáctica Adosada De 1 E.e. Estructura Regional (Zona Sísmica C Y D) 6.00 X 8.00 Mts Y Obra Exterior. Avance De Obra 100%"	"Jagüey De Tellez (Estacion Tellez)"	444	NA	"FAM 2022 13DPR0879F Sor Juana Ines De La Cruz"	TRUE
"1946_Zempoala"	1945	"Zempoala"	"Espacios Educativos"	2022	"Elaboracion De Trabajos De Canceleria Y Herreria En El Edificio De Nanotecnologia Y Transicion Aereo-Subterranea Para Acometida Electrica En Media Tension"	"Rancho Luna"	4598	NA	"FAMES-22 (REMANENTES) 13EPO0002A Universidad Politecnica De Pachuca"	TRUE
"1953_Zempoala"	1952	"Zempoala"	"Espacios Educativos"	2022	"Rehabilitación De Sanitarios Y Obra Exterior.avance De Obra 100%"	"Privadas Santa Matilde"	221	NA	"FAM 2022 13DJN1580O Maria Luisa Ross Landa"	TRUE
"1945_Zempoala"	1944	"Zempoala"	"Espacios Educativos"	2022	"Trabajos Complementarios En El Edificio De Nanotecnología."	"Rancho Luna"	4598	NA	"FAM POTENCIADO 13EPO0002A Universidad Politecnica De Pachuca"	TRUE
"1959_Zimapán"	1958	"Zimapán"	"Espacios Educativos"	2022	"Construcción De Taller De Computo De 1 E.e. En Estructura Regional (Zona Sísmica C Y D) Y Obra Exterior"	"Aguas Blancas"	105	NA	"FAMMD-22 13EMS0067J Centro De Educacion Media Superior A Distancia Aguas Blancas"	TRUE
"1960_Zimapán"	1959	"Zimapán"	"Espacios Educativos"	2022	"Construcción De Un Plantel De Nueva Creación (1er Etapa), Que Consiste: Construcción De Un Módulo De 4 Aulas Didácticas, Estructura Regional (Zona Sísmica C Y D) 6.00 X 8.00 Mts., Construcción De Un Módulo De Dirección Con Sanitarios 6.50 X 8.00 Mts. Y"	"Zimapan"	175	NA	"FAM 2022 13DPB0744Q Nueva Reforma"	TRUE
"1956_Zimapán"	1955	"Zimapán"	"Espacios Educativos"	2022	"Instalación De Red Eléctrica Exterior Y Construcción De Andadores"	"Aguas Blancas"	105	NA	"FAMMD-22  (REMANENTES) 13EMS0067J Centro De Educacion Media Superior A Distancia Aguas Blancas"	TRUE
"1482_Acatlán"	1481	"Acatlán"	"Espacios Educativos"	2023	"Construcción De Módulo De Sanitarios M-2, Construcción De Fosa Séptica, Construcción De Pozo De Absorción, Rehabilitación General De Módulo Atípico De Dos Aulas Y Bodega (Sustitución De Losa Por Multípanel) Y Obra Exterior, En La Primaria General Emiliano Zapata Con C.c.t. 13dpr2731a, Ubicada En La Localidad Barrio El Yolo, Municipio De Acatlán."	"Barrio El Yolo"	37	NA	"FAM 2023 13DPR2731A Emiliano Zapata"	TRUE
"1488_Acaxochitlán"	1487	"Acaxochitlán"	"Espacios Educativos"	2023	"Construcción De Barda Perimetral (Primera Etapa) Y Acceso Principal En La Primaria General Emiliano Zapata Con C.c.t. 13dpr0123k, Ubicada En La Localidad De Ejido Techachalco, Municipio De Acaxochitlán."	"Ejido Techachalco"	31	NA	"FAM 2023 13DPR0123K Emiliano Zapata"	TRUE
"1487_Acaxochitlán"	1486	"Acaxochitlán"	"Espacios Educativos"	2023	"Construcción De Barda Perimetral (Primera Etapa), Muro De Contención Y Acceso Principal En La Telesecundaria 766 Con C.c.t. 13dtv0766b, Ubicada En La Localidad De Tlamimilolpa Municipio De Acaxochitlan."	"Tlamimilolpa"	57	NA	"FAM 2023 13DTV0766B Telesecundaria 766"	TRUE
"1500_Actopan"	1499	"Actopan"	"Espacios Educativos"	2023	"Construcción De Barda Perimetral Y Pórtico De Acceso, En La Escuela Primaria Miguel Hidalgo Con C.c.t. 13dpr1511i, Ubicada En La Localidad De Bothi Baji, Municipio De Actopan."	"Bothi Baji"	36	NA	"FAM 2023 13DPR1511I Miguel Hidalgo"	TRUE
"1490_Actopan"	1489	"Actopan"	"Espacios Educativos"	2023	"Construcción De Techado En Cancha De Usos Múltiples, En El Colegio De Bachilleres Plantel Actopan, Con C.c.t. 13ecb0022g, Ubicada En La Localidad De El Daxtha, Municipio De Actopan."	"El Daxtha"	404	NA	"FAM 2023 13ECB0022G Colegio De Bachilleres Plantel Actopan"	TRUE
"1494_Actopan"	1493	"Actopan"	"Espacios Educativos"	2023	"Construcción De Techado En Cancha De Usos Múltiples, En La Telesecundaria 442 Con C.c.t. 13dtv0378k, Ubicada En La Localidad De Actopan, Municipio De Actopan."	"Actopan"	452	NA	"FAM 2023 13DTV0378K Telesecundaria 442"	TRUE
"1489_Actopan"	1488	"Actopan"	"Espacios Educativos"	2023	"Construcción De Techado En Cancha De Usos Múltiples, En La Telesecundaria 594 Con C.c.t. 13dtv0621g, Ubicada En La Localidad De El Boxtha, Municipio De Actopan."	"El Boxtha"	76	NA	"FAM 2023 13DTV0621G Telesecundaria 594"	TRUE
"1492_Actopan"	1491	"Actopan"	"Espacios Educativos"	2023	"Reestructuración Y Reforzamiento De Techumbre En Patio Cívico, En La Telesecundaria Leonardo Ramírez Hernández Con C.c.t. 13dtv0263j, Ubicada En La Localidad De La Estancia, Municipio De Actopan."	"La Estancia"	98	NA	"FAM 2023 13DTV0263J Leonardo Ramirez Hernandez"	TRUE
"1493_Actopan"	1492	"Actopan"	"Espacios Educativos"	2023	"Rehabilitacion De Modulo D De 7 E.e. En Estructura A-70 Para Adecuacion De Taller De Cómputo De 3 E.e. Y Laboratorio De Usos Multiples De 4 E.e., En El Centro De Estudios Centificos Y Tecnologicos Del Estado De Hidalgo Plantel Actopan Con C.c.t. 13etc0042j, Ubicado En La Localidad De Actopan Municipio De Actopan."	"Actopan"	230	NA	"FAM 2023 13ETC0042J Colegio De Estudios Cientificos Y Tecnologicos Del Estado De Hidalgo Plantel Actopan"	TRUE
"1505_Ajacuba"	1504	"Ajacuba"	"Espacios Educativos"	2023	"Conexión En Media Y Baja Tensión De Transformador, Rehabillitación Eléctrica General Y Rehabilitación Eléctrica General Y Rehabilitación De Taller De Bebidas Y Alimentos En El Centro De Estudios Científicos Y Tecnológicos Del Estado De Hidalgo Plantel Huejutla Con C.c.t. 13etk0017k, Ubicado En La Localidad De Parque De Poblamiento Solidaridad, Municipio De Huejutla De Reyes."	"Ignacio Zaragoza"	48	NA	"FAM 2023 13ETK0017T Telebachillerato Comunitario Ignacio Zaragoza"	TRUE
"1504_Ajacuba"	1503	"Ajacuba"	"Espacios Educativos"	2023	"Construcción De Aula Multisensorial De 2 E.e. Adosada, Estructura Regional (Zona Sismica C Y D) 12.00 X 8.00 Mts., Rehabilitación General De Instalación Eléctrica Y Obra Exterior, En El Cam 15 Con C.c.t. 13dml0015l, Ubicado En La Localidad De Ajacuba, Municipio De Ajacuba."	"Ajacuba"	30	NA	"FAM 2023 13DML0015L Centro De Atencion Multiple Num. 15"	TRUE
"1507_Alfajayucan"	1506	"Alfajayucan"	"Espacios Educativos"	2023	"Construcción De Un Aula Didáctica Adosada, En Estructura Regional Zona Sísmica C Y D Y Obra Exterior, En El Centro De Educación Media Superior A Distancia Plantel Alfajayucan Con C.c.t. 13ems0047w, Ubicada En La Localidad De Alfajayucan, Municipio De Alfajayucan."	"Alfajayucan"	219	NA	"FAM 2023 13EMS0047W Centro De Educacion Media Superior A Distancia Alfajayucan"	TRUE
"1509_Almoloya"	1508	"Almoloya"	"Espacios Educativos"	2023	"Demolición De Sanitarios Atípico, Construcción De Un Módulo De Sanitarios M-6 (Zona Sísmica C Y D) 6.50 X 5.30 Mts. Rehabilitación General De 1 Módulo De 4 Aulas, Estructura Hm, Con Sustitución De Cubierta De Lámina Multipanel, Construcción De Cisterna De Concreto De 5 M3 Y Obra Exterior, En La Primaria General Miguel Hidalgo Con C.c.t. 13dpr2162z, Ubicada En La Localidad De Rancho Nuevo, Municipio De Almoloya."	"Rancho Nuevo"	124	NA	"FAM 2023 13DPR2162Z Miguel Hidalgo"	TRUE
"1510_Apan"	1509	"Apan"	"Espacios Educativos"	2023	"Demolición De Módulo Atípico De 3 Niveles, Construcción De 1 Módulo De 3 Niveles, Estructura U3-C, De 10 E.e., Que Comprende P.b.: Módulo De Sanitarios De 2 E.e., Aula Didáctica De 3 E.e., Escaleras, Taller De Electricidad De 4 E.e., Primer Nivel: 2 Aulas Didácticas De 2.5 E.e., Escaleras, Laboratorio De Ofimática De 4 E.e.; Segundo Nivel: 2 Aulas Didácticas De 2.5 E.e., Escaleras, Laboratorio De Diseño Arquitectónico De 4 E.e. Y Obra Exterior, En La Secundaria General Miguel Hidalgo Con C.c.t. 13des0063f, Ubicada En La Localidad De Apan, Municipio De Apan."	"Apan"	552	NA	"FAM 2023 13DES0063F Miguel Hidalgo"	TRUE
"1517_Apan"	1516	"Apan"	"Espacios Educativos"	2023	"Demolición De Módulo Atípico Existente, Construcción De Un Módulo De 4 E.e., En Estructura U2-C, Que Comprende: Laboratorio De Computo De 4 E.e. En Planta Baja; 2 Aulas Didácticas De 2 E.e. C/U En Planta Alta, Escaleras Y Obra Exterior, En La Primaria Juan A. Hernández Con C.c.t. 13dpr2152t, Ubicada En La Localidad De Apan, Municipio De Apan."	"Apan"	216	NA	"FAM 2023 13DPR2152T Juan A. Hernandez"	TRUE
"1521_Atitalaquia"	1520	"Atitalaquia"	"Espacios Educativos"	2023	"Rehabilitación General De Dos Módulos De Aulas Didácticas Y Rehabilitación General De Dos Talleres Con Sustitución De Lámina Multipanel, En La Escuela Secundaria Técnica 13 Con C.c.t. 13dst0013q, Ubicada En La Localidad De Atitalaquia, Municipio De Atitalaquia."	"Atitalaquia"	628	NA	"FAM 2023 13DST0013Q Escuela Secundaria Tecnica 13"	TRUE
"1525_Atlapexco"	1524	"Atlapexco"	"Espacios Educativos"	2023	"Construcción De Barda Perimetral De 3.00 M Altura En El Plantel Cuauhtémoc Con C.c.t. 13dpb0405r Ubicado En La Localidad De Cochiscoatitla Del Municipio De Atlapexco, Estado De Hidalgo."	"Cochiscuatitla"	57	NA	"FAM 2023 13DPB0405R Cuauhtemoc"	TRUE
"1524_Atlapexco"	1523	"Atlapexco"	"Espacios Educativos"	2023	"Rehabilitación General De 4 Módulos; A, De 3 Aulas Didácticas Con Sustitución De Cubierta De Lámina Multipanel, Estructura Regional 6.00 X 8.00 Mts.; B, 2 Aulas Atípicas; C, Dirección Y Aula Didáctica, Estructura Regional Ligera 5.30 X 6.00 Mts.; D, Sanitarios, Estructura Regional 6.00 X 8.00 Mts., Y Obra Exterior En La Primaria General Héroes De Chapultepec Con C.c.t. 13dpr1320s, Ubicada En La Localidad De Tecolotitla, Municipio De Atlapexco."	"Tecolotitla"	91	NA	"FAM 2023 13DPR1320S Heroes De Chapultepec"	TRUE
"1526_Atotonilco de Tula"	1525	"Atotonilco de Tula"	"Espacios Educativos"	2023	"Construccion De Muro De Contencion Y Reforzamiento Estructural De Andadores De Entrepiso De Dos Modulos En La Escuela Primaria General Jaime Torres Bodet, Con C.c.t. 13dpr2978t, Ubicado En La Localidad De Paseos De La Pradera, Municipio De Atotonilco De Tula."	"Paseos De La Pradera"	331	NA	"FAM 2023 13DPR2978T Jaime Torres Bodet"	TRUE
"1540_Atotonilco de Tula"	1539	"Atotonilco de Tula"	"Espacios Educativos"	2023	"Construcción De Dos Aulas Didácticas, Estructura Regional (Zona Sismica C Y D) 6.00 X 8.00 Mts. C/U Y Obra Exterior, En El Preescolar General Celestin Freinet Con C.c.t. 13djn0848w, Ubicado En La Localidad De Real De Castilla, Municipio De Atotonilco De Tula."	"Real Castilla"	130	NA	"FAM 2023 13DJN0848W Celestin Freinet"	TRUE
"1538_Atotonilco de Tula"	1537	"Atotonilco de Tula"	"Espacios Educativos"	2023	"Construcción De Dos Aulas Didácticas, Estructura Regional (Zona Sismica C Y D) 6.00 X 8.00 Mts. C/U Y Obra Exterior, En La Primaria General Frida Kahlo Con C.c.t. 13dpr0779g, Ubicada En La Localidad De Real Castilla, Municipio De Atotonilco De Tula."	"Real Castilla"	260	NA	"FAM 2023 13DPR0779G Frida Kahlo"	TRUE
"1534_Atotonilco de Tula"	1533	"Atotonilco de Tula"	"Espacios Educativos"	2023	"Construcción De Dos Aulas Didácticas, Estructura U1-C De 2.5 E.e. C/U Y Obra Exterior, En La Secundaria Técnica 51 Con C.c.t. 13dst0037z, Ubicada En La Localidad De Conejos, Municipio De Atotonilco De Tula."	"Conejos"	532	NA	"FAM 2023 13DST0037Z Escuela Secundaria Tecnica 51"	TRUE
"1535_Atotonilco de Tula"	1534	"Atotonilco de Tula"	"Espacios Educativos"	2023	"Construcción De Techado En Cancha De Usos Múltiples En La Escuela Secundaria Técnica 73, Con C.c.t. 13dst0078z, Ubicada En La Localidad De Paseos De La Pradera, Municipio De Atotonilco De Tula."	"Paseos De La Pradera"	557	NA	"FAM 2023 13DST0078Z Escuela Secundaria Tecnica 73"	TRUE
"1536_Atotonilco de Tula"	1535	"Atotonilco de Tula"	"Espacios Educativos"	2023	"Construcción De Techado En Cancha De Usos Múltiples En La Telesecundaria 387 Con C.c.t. 13dtv0329b, Ubicada En La Localidad De San José Acoculco, Municipio De Atotonilco De Tula."	"San Jose Acoculco"	79	NA	"FAM 2023 13DTV0329B Telesecundaria 387"	TRUE
"1532_Atotonilco de Tula"	1531	"Atotonilco de Tula"	"Espacios Educativos"	2023	"Construcción De Techado En Cancha De Usos Múltiples, En La Telesecundaria 655 Con C.c.t. 13dtv0275o, Ubicada En La Localidad De El Pedregal, Municipio De Atotonilco De Tula."	"El Pedregal"	262	NA	"FAM 2023 13DTV0275O Telesecundaria 655"	TRUE
"1543_Atotonilco el Grande"	1542	"Atotonilco el Grande"	"Espacios Educativos"	2023	"Construcción De Techado En Cancha De Usos Múltiples, En La Primaria Nicolas Bravo Con C.c.t. 13dpr1988t, Ubicada En La Localidad De Apipilhuasco, Municipio De Atotonilco El Grande."	"Apipilhuasco"	144	NA	"FAM 2023 13DPR1988T Nicolas Bravo"	TRUE
"1541_Atotonilco el Grande"	1540	"Atotonilco el Grande"	"Espacios Educativos"	2023	"Rehabilitación General De Aula Didáctica, Estructura Regional Ligera De 6.00 X 6.00 Mts. Y Loseta En Aula Didáctica Atípica Y Obra Exterior, En El Preescolar General Revolución Educativa Con C.c.t. 13djn0803z, Ubicado En La Localidad De Apipilhuasco, Municipio De Atotonilco El Grande."	"Apipilhuasco"	12	NA	"FAM 2023 13DJN0803Z Revolucion Educativa"	TRUE
"1545_Atotonilco el Grande"	1544	"Atotonilco el Grande"	"Espacios Educativos"	2023	"Rehabilitación General De Módulo De Sanitarios, Estructura Regional 6.00 X 8.00 Mts. Y Obra Exterior, En La Primaria General Lic. Isaac Piña Pérez, Con C.c.t. 13dpr1785y, Ubicada En La Localidad De Atotonilco, Municipio De Atotonilco El Grande."	"Atotonilco El Grande"	332	NA	"FAM 2023 13DPR1785Y Lic. Isaac Piña Perez"	TRUE
"1547_Calnali"	1546	"Calnali"	"Espacios Educativos"	2023	"Construcción De Cisterna De 10 M3, Rehabilitación General De 3 Módulos De Aulas (A, B Y C), En Modulo A Con Sustitución De Cubierta De Lámina Multipanel Y Obra Exterior, En La Primaria General Emiliano Zapata Con C.c.t. 13dpr2130h, Ubicada En La Localidad De Pezmatlan, Municipio De Calnali."	"Pezmatlan"	77	NA	"FAM 2023 13DPR2130H Emiliano Zapata"	TRUE
"1550_Cardonal"	1549	"Cardonal"	"Espacios Educativos"	2023	"Construcción De Barda Perimetral Y Construcción De Pórtico De Acceso, En La Telesecundaria 101 Con C.c.t. 13dtv0101y, Ubicada En La Localidad De San Antonio Sabanillas, Municipio De Cardonal."	"San Antonio Sabanillas"	41	NA	"FAM 2023 13DTV0101Y Telesecundaria 101"	TRUE
"1555_Cardonal"	1554	"Cardonal"	"Espacios Educativos"	2023	"Construcción De Techado En Cancha De Usos Múltiples, En La Primaria Índigena Progreso Con C.c.t. 13dpb0224h Ubicada En La Localidad De El Sauz (Juxmaye), Municipio De Cardonal."	"El Sauz (Juxmaye)"	58	NA	"FAM 2023 13DPB0224H Progreso"	TRUE
"1552_Cardonal"	1551	"Cardonal"	"Espacios Educativos"	2023	"Construcción De Techado En Cancha De Usos Múltiples, En La Secundaria Tecnica 20 Con C.c.t. 13dst0020z, Ubicada En La Localidad De Miguel Tlazintla, Municipio De Cardonal."	"San Miguel Tlazintla"	103	NA	"FAM 2023 13DST0020Z Escuela Secundaria Tecnica 20"	TRUE
"1572_Chapulhuacán"	1571	"Chapulhuacán"	"Espacios Educativos"	2023	"Construcción De 1 Modulo De 3 Niveles, Estructura U3-C, De 9 E.e., Que Comprende P.b.: 4 Aulas Didácticas De 2 E.e. C/U, Escaleras; Primer Nivel: 4 Aulas Didácticas De 2 E.e. C/U, Escaleras; Segundo Nivel: 4 Aulas Didácticas De 2 E.e. C/U, Escaleras Y Obra Exterior, En La Primaria Benito Juárez Con C.c.t. 13dpr2456m, Ubicada En La Localidad De Chapulhuacán, Municipio De Chapulhuacán."	"Chapulhuacan"	452	NA	"FAM 2023 13DPR2456M Benito Juarez"	TRUE
"1571_Chapulhuacán"	1570	"Chapulhuacán"	"Espacios Educativos"	2023	"Construcción De Módulo De Sanitarios M-4, Estructura Regional (Zona Sismica C Y D), Construcción De Cisterna De Concreto De 5 M3, Construcción De Fosa Séptica, Pozo De Absorción, Rehabilitación General Y Sustitución De Lámina A Cubierta De Lámina Multipanel De Un Aula Y Obra Exterior, En La Primaria Manuel Ávila Camacho Con C.c.t. 13dpr1141g, Ubicada En La Localidad De Soledad Del Coyol, Municipio De Chapulhuacán."	"Soledad Del Coyol"	55	NA	"FAM 2023 13DPR1141G Manuel Avila Camacho"	TRUE
"1576_Chapulhuacán"	1575	"Chapulhuacán"	"Espacios Educativos"	2023	"Construcción De Módulo De Sanitarios M-4, Estructura Regional (Zona Sísmica C Y D), Construcción De Cisterna De 10 M3, Construcción De Fosa Séptica, Pozo De Absorción Y Obra Exterior, En La Telesecundaria 748 Con C.c.t. 13dtv0748m, Ubicada En La Localidad De La Mesa, Municipio De Chapulhuacán."	"La Mesa"	55	NA	"FAM 2023 13DTV0748M Telesecundaria 748"	TRUE
"1570_Chapulhuacán"	1569	"Chapulhuacán"	"Espacios Educativos"	2023	"Construcción De Tres Aulas Didácticas De 2 E.e. En Planta Alta, Módulo De Escaleras, En Estructura U2-C Y Obra Exterior, En El Centro De Educación Media Superior A Distancia Plantel Chapulhuacán Con C.c.t. 13ems0086y, Ubicada En La Localidad De Chapulhuacán, Municipio De Chapulhuacán."	"Chapulhuacan"	201	NA	"FAM 2023 13EMS0086Y Centro De Educacion Media Superior A Distancia Chapulhuacan"	TRUE
"1560_Chapulhuacán"	1559	"Chapulhuacán"	"Espacios Educativos"	2023	"Construcción De Un Aula Didáctica De 1 E.e. Estructura Regional (Zona Sísmica C Y D) 6.00 X 5.30 Mts., Y Obra Exterior, En El Preescolar Leona Vicario Con C.c.t. 13dcc0102s, Ubicado En La Localidad De Tetlalpan, Municipio De Chapulhuacan."	"Tetlalpan"	34	NA	"FAM 2023 13DCC0102S Leona Vicario"	TRUE
"1574_Chapulhuacán"	1573	"Chapulhuacán"	"Espacios Educativos"	2023	"Construcción De Un Aula Didáctica, Estructura Regional 6.00 X 5.30 Mts. Obra Exerior, En El Jardín De Niños Topiltzin Con C.c.t. 13djn1342n, Ubicado En La Localidad De Chapulhuacán, Municipio De Chapulhuacán."	"Chapulhuacan"	78	NA	"FAM 2023 13DJN1342N Topiltzin"	TRUE
"1564_Chapulhuacán"	1563	"Chapulhuacán"	"Espacios Educativos"	2023	"Demolición De Módulo De Sanitarios Atípicos, Construcción De Módulo De Sanitarios M-4, Estructura Regional (Zona Sísmica C Y D), Construcción De Fosa Séptica Y Pozo De Absorción Y Obra Exterior, En La Telesecundaria 702 Con C.c.t. 13dtv0702r, Ubicada En La Localidad De Palomas, Municipio De Chapulhuacán."	"Palomas"	19	NA	"FAM 2023 13DTV0702R Telesecundaria 702"	TRUE
"1568_Chapulhuacán"	1567	"Chapulhuacán"	"Espacios Educativos"	2023	"Desmantelamiento De Aula Prefabricada, Construcción De Un Aula, Estructura Regional (Zona Sísmica C Y D) De 6.00 X 8.00 Mts., Y Obra Exterior, En La Telesecundaria 767 Con C.c.t. 13dtv0767a, Ubicada En La Localidad De La Loma, Municipio De Chapulhuacan."	"La Loma"	27	NA	"FAM 2023 13DTV0767A Telesecundaria 767"	TRUE
"1559_Chapulhuacán"	1558	"Chapulhuacán"	"Espacios Educativos"	2023	"Rehabilitación De Un Aula Didáctica Adosada, Estructura Regional Ligera, Con Sustitución De Cubierta De Lámina Multipanel Y Obra Exterior, En La Primaria General Josefa Ortiz De Domínguez Con C.c.t. 13dpr1901y, Ubicada En La Localidad De El Coyol, Municipio De Chapulhuacan."	"El Coyol"	78	NA	"FAM 2023 13DPR1901Y Josefa Ortiz De Dominguez"	TRUE
"1566_Chapulhuacán"	1565	"Chapulhuacán"	"Espacios Educativos"	2023	"Rehabilitación General De Un Modulo De 3 E.e. (Dirección Anexo Con Sanitarios Y Dos Aulas Didácticas), Estructura Regional, Rehabilitación General Un Modulo De Dos Aulas Didácticas Estructura Regional Y Obra Exterior, En La Telesecundaria 26 Con C.c.t. 13dtv0026h, Ubicada En La Localidad De Santa Ana De Allende, Municipio De Chapulhuacán."	"Santa Ana De Allende"	200	NA	"FAM 2023 13DTV0026H Telesecundaria 26"	TRUE
"1565_Chapulhuacán"	1564	"Chapulhuacán"	"Espacios Educativos"	2023	"Rehabilitación General De Un Módulo Atípico De Un Aula De Cómputo Y Anexo; Demolición Y Construcción De Cisterna De 10 M3, En La Primaria Justo Sierra Con C.c.t. 13dpr1936n, Ubicada En La Localidad De Palomas, Municipio De Chapulhuacan."	"Palomas"	28	NA	"FAM 2023 13DPR1936N Justo Sierra"	TRUE
"1575_Chapulhuacán"	1574	"Chapulhuacán"	"Espacios Educativos"	2023	"Rehabilitación General De Un Módulo Estructura Hm De 8 E.e., Que Contempla 4 Aulas, Con Sustitución De Lámina A Lamina Multipanel, Reforzamiento De Muro De Contención Y Obra Exterior, En La Primaria Revolucion Con C.c.t. 13dpr2180p, Ubicada En La Localidad De San Rafael, Municipio De Chapulhuacan."	"San Rafael"	79	NA	"FAM 2023 13DPR2180P Revolucion"	TRUE
"1584_Chilcuautla"	1583	"Chilcuautla"	"Espacios Educativos"	2023	"Construcción De Area Administrativa De 4 E.e. En Estructura U2-C Y Obra Exterior En El Centro De Estudios Cientificos Y Tecnologicos Del Estado De Hidalgo Plantel Chilcuautla Con C.c.t. 13etc0029p Ubicado En La Localidad De Tunititlan Municipio De Chilcuautla."	"Tunititlan"	245	NA	"FAM 2023 13ETC0029P Colegio De Estudios Cientificos Y Tecnologicos Del Estado De Hidalgo Plantel Chilcuautla"	TRUE
"1586_Chilcuautla"	1585	"Chilcuautla"	"Espacios Educativos"	2023	"Construcción De Muro De Contención Con Estabilización De Talud (Zampeado), En La Telesecundaria No. 109 Con C.c.t. 13dtv0438i, Ubicada En La Localidad De El Bethi, Municipio De Chilcuautla."	"El Bethi"	72	NA	"FAM 2023 13DTV0438I Telesecundaria 109"	TRUE
"1578_Chilcuautla"	1577	"Chilcuautla"	"Espacios Educativos"	2023	"Construcción De Techado En Cancha De Usos Múltiples, En El Telebachillerato Comunitario Plantel El Bethi, Con C.c.t. 13etk0036h Ubicado En La Localidad De El Bethi, Municipio De Chilcuautla."	"El Bethi"	36	NA	"FAM 2023 13ETK0036H Telebachillerato Comunitario El Bethi"	TRUE
"1582_Chilcuautla"	1581	"Chilcuautla"	"Espacios Educativos"	2023	"Rehabilitación General De Un Taller De Diseño Arquitectónico, Estructura Atípica, En La Escuela Secundaria Francisco González Bocanegra Con C.c.t. 13des0002s, Ubicada En La Localidad De Santa Ana Batha, Municipio De Chilcuautla."	"Santa Ana Batha"	405	NA	"FAM 2023 13DES0002S Francisco Gonzalez Bocanegra"	TRUE
"1596_Francisco I. Madero"	1595	"Francisco I. Madero"	"Espacios Educativos"	2023	"Construcción De Aula Didactica, Estructura Regional (Zona Sismica C Y D) 6.00 X 8.00 Mts., Rehabilitación General De Módulo De Sanitarios En Estructura U1-C De 2 E.e., Rehabilitación General De Módulo Atípico Existente (Aula Didactica Y Dirección) Y Obra Exterior, En La Primaria General Javier Rojo Gómez Con C.c.t. 13dpr2077c Ubicada En La Localidad De La Mora, Municipio De Francisco I. Madero."	"La Mora"	61	NA	"FAM 2023 13DPR2077C Javier Rojo Gomez"	TRUE
"1597_Francisco I. Madero"	1596	"Francisco I. Madero"	"Espacios Educativos"	2023	"Construcción De Techado En Cancha De Usos Múltiples, En La Telesecundaria 471 Con C.c.t. 13dtv0512z, Ubicada En La Localidad De Lázaro Cárdenas (El Mexe) [Colonia] Municipio De Francisco I. Madero."	"Lazaro Cardenas (El Mexe) [Colonia]"	133	NA	"FAM 2023 13DTV0512Z Telesecundaria 471"	TRUE
"1602_Huautla"	1601	"Huautla"	"Espacios Educativos"	2023	"Construcción De Taller De Cómputo De 2 E.e. Marco Rígido, En Estructura Regional, Zona Sísmica C Y D Y Obra Exterior, En El Centro De Educación Media Superior A Distancia Plantel Acatepec Con C.c.t. 13ems0072v, Ubicada En La Localidad De Acatepec, Municipio De Huautla."	"Acatepec"	88	NA	"FAM 2023 13EMS0072V Centro De Educacion Media Superior A Distancia Acatepec"	TRUE
"1606_Huehuetla"	1605	"Huehuetla"	"Espacios Educativos"	2023	"Construcción De Muro De Contención En El Plantel Telesecundaria 591 Con C.c.t. 13dtv0596y Ubicado En La Localidad San Gregorio, Municipio De Huehuetla, Estado De Hidalgo."	"San Gregorio"	54	NA	"FAM 2023 13DTV0596Y Telesecundaria 591"	TRUE
"1614_Huejutla de Reyes"	1613	"Huejutla de Reyes"	"Espacios Educativos"	2023	"Construccion De Fachada Principal Y Portico De Acceso (Primera Etapa) En La Escuela Normal De Las Huastecas (Endh) Con C.c.t. 13dnl0001h, Ubicado En La Localidad De Huejutla, Municipio De Huejutla De Reyes, Del Estado De Hidalgo."	"Huejutla De Reyes"	786	NA	"FAM 2023 13DNL0001H Normal De Las Huastecas"	TRUE
"1626_Huejutla de Reyes"	1625	"Huejutla de Reyes"	"Espacios Educativos"	2023	"Construcción De Muro De Contención, Rehabilitación General De 2 Módulos De Aulas Didácticas Y Obra Exterior, En El Preescolar General José Toribio Hernández Flores Con C.c.t. 13djn1042q, Ubicado En La Localidad De Huejutla De Reyes, Municipio De Huejutla De Reyes."	"Huejutla De Reyes"	81	NA	"FAM 2023 13DJN1042Q Jose Toribio Hernandez Flores"	TRUE
"1628_Huejutla de Reyes"	1627	"Huejutla de Reyes"	"Espacios Educativos"	2023	"Construcción De Primera Etapa De Auditorio En La Universidad Tecnológica De La Huasteca Hidalguense, Con C.c.t. 13eut0004w, Ubicada En La Localidad De Chalahuiyapa, Municipio De Huejutla."	"Universidad Tecnologica De La Huasteca Hidalguense"	3282	NA	"FAM 2023 13EUT0004W Universidad Tecnologica De La Huasteca Hidalguense"	TRUE
"1623_Huejutla de Reyes"	1622	"Huejutla de Reyes"	"Espacios Educativos"	2023	"Construcción De Techado En Cancha De Usos Múltiples En La Escuela Primaria Indigena Adolfo Espinosa Angeles, Con C.c.t. 13dpb2714j, Ubicada En La Localidad De Huehuetla, Municipio De Huejutla De Reyes."	"Huehuetla"	74	NA	"FAM 2023 13DPB2714J Adolfo Espinosa Angeles"	TRUE
"1624_Huejutla de Reyes"	1623	"Huejutla de Reyes"	"Espacios Educativos"	2023	"Demolicion De Modulo De Sanitarios Atipicos Y Construccion De Sanitarios En Estructura U1-C, Obra Exterior Y Rehabilitacion Electrica General (Al Alcance), En La Universidad Pedagogica Nacional Hidalgo, Sede Huejutla, Con C.ct. 13dup0002m, Ubicada En La Localidad De Chililico, Municipio De Huejutla."	"Chililico"	520	NA	"FAM 2023 13DUP0002M Universidad Pedagogica Nacional-Hidalgo Unidad 131 Sede Regional Huejutla"	TRUE
"1609_Huejutla de Reyes"	1608	"Huejutla de Reyes"	"Espacios Educativos"	2023	"Demolición De Dos Módulos Estructura Regional 6.00 X 8.00 Mts. (Uno Con Dos Aulas Didácticas Otro Con Un Aula Didáctica, Dirección Y Módulo De Sanitarios) Para Sustituirlas Por Un Módulo De Cuatro Entre Ejes Que Albergará Tres Aulas Didácticas, Dirección Y Un Módulo De Sanitarios, Estructura Regional (Zona Sísmica C Y D) 6.00 X 8.00 Mts. Y Obra Exterior, En La Telesecundaria 174 Con C.c.t. 13dtv0191g, Ubicada En La Localidad De Chalahuiyapa, Municipio De Huejutla De Reyes."	"Chalahuiyapa"	52	NA	"FAM 2023 13DTV0191G Telesecundaria 174"	TRUE
"1621_Huejutla de Reyes"	1620	"Huejutla de Reyes"	"Espacios Educativos"	2023	"Demolición De Un Módulo De Dos Aulas Didácticas Y Espacio De Usos Múltiples, Atípico, Construcción De 1 Módulo De Dos Aulas, Estructura Regional (Zona Sísmica C Y D) 6.00 X 8.00 Mts., Rehabilitación De Módulo De Sanitarios 5.30 X 6.00 Mts, Y Obra Exterior, En Sustitución, En La Primaria Indígena Emiliano Zapata Con C.c.t. 13dpb0641u, Ubicada En La Localidad De Candelaria, Municipio De Huejutla De Reyes."	"Candelaria"	106	NA	"FAM 2023 13DPB0641U Emiliano Zapata"	TRUE
"1607_Huejutla de Reyes"	1606	"Huejutla de Reyes"	"Espacios Educativos"	2023	"Demolición Y Construcción De Tres Tramos De Barda Perimetral, En La Secundaria General Héroe Antonio Reyes Con C.c.t. 13des0009l, Ubicada En La Localidad De Huejutla De Reyes, Municipio De Huejutla De Reyes."	"Huejutla De Reyes"	780	NA	"FAM 2023 13DES0009L Heroe Antonio Reyes"	TRUE
"1611_Huejutla de Reyes"	1610	"Huejutla de Reyes"	"Espacios Educativos"	2023	"Edificio De Docencia Ud2 (Conclusión), En La Universidad Politécnica De Huejutla Con C.c.t. 13epo0005y, Ubicada En La Localidad De Parque De Poblamiento Solidaridad, Municipio De Huejutla De Reyes."	"Parque De Poblamiento Solidaridad"	980	NA	"FAM 2023 13EPO0005Y Universidad Politecnica De Huejutla"	TRUE
"1610_Huejutla de Reyes"	1609	"Huejutla de Reyes"	"Espacios Educativos"	2023	"Rehabilitación De Edificios E,F,G,H, Sustitución De Red Eléctrica Exterior Y Obras De Mitigación En El Plantel Cobaeh Tehuetlan, Con C.c.t. 13ecb0044s Ubicado En La Localidad De Tehuetlan Municipio De Huejutla De Reyes, Estado De Hidalgo."	"Tehuetlan"	331	NA	"FAM 2023 13ECB0044S Colegio De Bachilleres Plantel Tehuetlan"	TRUE
"1627_Huejutla de Reyes"	1626	"Huejutla de Reyes"	"Espacios Educativos"	2023	"Rehabilitación De Área Administrativa De 7 E.e. En Estructura U1-C Y Rehabilitación De Sala Audiovisual De 5 E.e. En Estructura U2-C, En El Centro De Estudios Científicos Y Tecnológicos Del Estado De Hidalgo Plantel Huejutla Con C.c.t. 13etc0017k Ubicado En La Localidad De Huejutla De Reyes Municipio Huejutla De Reyes."	"Parque De Poblamiento Solidaridad"	1467	NA	"FAM 2023 13ETC0017K Colegio De Estudios Cientificos Y Tecnologicos Del Estado De Hidalgo Plantel Huejutla"	TRUE
"1633_Huichapan"	1632	"Huichapan"	"Espacios Educativos"	2023	"Conclusión De Obra Del Laboratorio De Ingenieria En Innovación Agrícola Sustentable Y Arquitectura En El Instituto Tecnológico Superior De Huichapan Con C.c.t. 13eit0002c, Ubicada En La Localidad De El Saucillo, Municipio De Huichapan."	"El Saucillo"	2230	NA	"FAM 2023 13EIT0002C Instituto Tecnologico Superior De Huichapan"	TRUE
"1634_Huichapan"	1633	"Huichapan"	"Espacios Educativos"	2023	"Construcción De Techado En Cancha De Usos Múltiples, En La Primaria General Cuitlahuac Con C.c.t. 13dpr2340m, Ubicada En La Localidad De Maxthá, Municipio De Huichapan."	"Maxtha"	61	NA	"FAM 2023 13DPR2340M Cuitlahuac"	TRUE
"1658_Ixmiquilpan"	1657	"Ixmiquilpan"	"Espacios Educativos"	2023	"Construccion De 3 Aulas Didacticas En Estructura U2-C Segundo Nivel, Escaleras Y Obra Exterior En La Secundaria General Justo Sierra Con C.c.t. 13des0010a, Ubicada En La Localidad De Ixmiquilpan, Municipio De Ixmiquilpan."	"Ixmiquilpan"	556	NA	"FAM 2023 13DES0010A Justo Sierra"	TRUE
"1663_Ixmiquilpan"	1662	"Ixmiquilpan"	"Espacios Educativos"	2023	"Construcción De Aula Didactica Adosada Estructura Regional 6.00 X 8.00; Construccion De Sanitarios M-4, Rehabilitacion General De Instalacion Electrica Y Obra Exterior, En La Telesecundaria 242 Con C.c.t. 13dtv0227e Ubicada En La Localidad De La Lagunita Municipio De Ixmiquilpan."	"La Lagunita"	50	NA	"FAM 2023 13DTV0227E Telesecundaria 242"	TRUE
"1656_Ixmiquilpan"	1655	"Ixmiquilpan"	"Espacios Educativos"	2023	"Construcción De Fosa Y Pozo De Absorción, En La Primaria Cuauhtémoc Con C.c.t. 13dpb0212c, Ubicada En La Localidad De Cuesta Colorada, Municipio De Ixmiquilpan."	"Cuesta Colorada"	73	NA	"FAM 2023 13DPB0212C Cuauhtemoc"	TRUE
"1662_Ixmiquilpan"	1661	"Ixmiquilpan"	"Espacios Educativos"	2023	"Construcción De Modulo De Sanitarios M-6, Estructura Regional (Zona Sísmica C Y D) Y Obra Exterior, En La Primaria General Benito Juárez Con C.c.t. 13dpr2330f Ubicada En La Localidad De Orizabita, Municipio De Ixmiquilpan."	"Orizabita"	130	NA	"FAM 2023 13DPR2330F Benito Juarez"	TRUE
"1651_Ixmiquilpan"	1650	"Ixmiquilpan"	"Espacios Educativos"	2023	"Construcción De Techado En Cancha De Usos Múltiples En La Escuela Primaria Benito Juárez, Con C.c.t. 13dpb2709y, Ubicada En La Localidad De El Nogal, Municipio De Ixmiquilpan."	"El Nogal"	30	NA	"FAM 2023 13DPB2709Y Benito Juarez"	TRUE
"1644_Ixmiquilpan"	1643	"Ixmiquilpan"	"Espacios Educativos"	2023	"Construcción De Un Aula De Usos Múltiples, Estructura Regional (Zona Sísmica C Y D) De 2 E.e. De 8.00 X 12.00 Mts. Y Obra Exterior, En El Preescolar Fernando Montes De Oca Con C.c.t. 13dcc0828t, Ubicado En La Localidad De La Loma Julián Villagrán, Municipio De Ixmiquilpan."	"La Loma Julian Villagran"	34	NA	"FAM 2023 13DCC0828T Fernando Montes De Oca"	TRUE
"1666_Ixmiquilpan"	1665	"Ixmiquilpan"	"Espacios Educativos"	2023	"Construcción De Un Aula Didáctica Adosada, Estructura Regional (Zona Sísmica C Y D) 6.00 X 8.00 Mts., Y Obra Exterior, En La Primaria Vicente Guerrero Con C.c.t. 13dpr2813k, Ubicada En La Localidad De Botenguedho, Municipio De Ixmiquilpan."	"Botenguedho"	223	NA	"FAM 2023 13DPR2813K Vicente Guerrero"	TRUE
"1646_Ixmiquilpan"	1645	"Ixmiquilpan"	"Espacios Educativos"	2023	"Demolición De Módulo Atípico De 2 Niveles, Construcción De Un Módulo De 5 E.e., Estructura U2-C, Que Comprende: Dos Aulas Didácticas De 2 E.e. C/U En Planta Baja, 2 Aulas Didácticas De 2 E.e. C/U En Planta Alta, Escaleras De 1 E.e. Y Obra Exterior, En La Primaria General Rafael Vega Sánchez Con C.c.t. 13dpr2332d, Ubicada En La Localidad De Dios Padre, Municipio De Ixmiquilpan."	"Dios Padre"	200	NA	"FAM 2023 13DPR2332D Rafael Vega Sanchez"	TRUE
"1650_Ixmiquilpan"	1649	"Ixmiquilpan"	"Espacios Educativos"	2023	"Reestructuración Y Reforzamiento De Techumbre De 12.00 X 15.00 Mts. En Plaza Cívica, En El Preescolar Indígena Niños Héroes Con C.c.t. 13dcc0607i, Ubicado En La Localidad De El Espíritu, Municipio De Ixmiquilpan."	"El Espiritu"	25	NA	"FAM 2023 13DCC0607I Niños Heroes"	TRUE
"1640_Ixmiquilpan"	1639	"Ixmiquilpan"	"Espacios Educativos"	2023	"Reestructuración Y Reforzamiento De Techumbre De 15.00 X 30 Mts. En Plaza Cívica, En La Primaria 5 De Mayo Con C.c.t. 13dpr2331e, Ubicada En La Localidad De El Espiritu, Municipio De Ixmiquilpan."	"El Espiritu"	79	NA	"FAM 2023 13DPR2331E Cinco De Mayo"	TRUE
"1660_Ixmiquilpan"	1659	"Ixmiquilpan"	"Espacios Educativos"	2023	"Reestructuración Y Reforzamiento De Techumbre De 15.85 X 30 Mts En Plaza Cívica, En La Telesecundaria No. 240 Con C.c.t. 13dtv0265h, Ubicada En La Localidad De El Espiritu, Municipio De Ixmiquilpan."	"El Espiritu"	38	NA	"FAM 2023 13DTV0265H Telesecundaria 240"	TRUE
"1648_Ixmiquilpan"	1647	"Ixmiquilpan"	"Espacios Educativos"	2023	"Rehabilitación General De 2 Módulos De Dos Aulas Didácticas Cada Uno, Estructura Regional 6.00 X 8.00 Mts., Rehabilitación De Modulo Átipico, Con Dirección, Biblioteca, Aula De Cómputo Y Obra Exterior, El La Primaria Indígena Ignacio Manuel Altamirano Con C.c.t. 13dpb0424f, Ubicada En La Localidad De La Palma, Municipio De Ixmiquilpan."	"La Palma"	29	NA	"FAM 2023 13DPB0424F Ignacio Manuel Altamirano"	TRUE
"1645_Ixmiquilpan"	1644	"Ixmiquilpan"	"Espacios Educativos"	2023	"Rehabilitación General De 3 Módulos, Primer Módulo De Un Aula Estructura Regional Ligera, Segundo Módulo Atípico De 2 Aulas Con Módulo De Sanitarios, Tercer Módulo Atípico De Sanitarios Y Obra Exterior, En El Preescolar Indígena Niños Héroes Con C.c.t. 13dcc0151a, Ubicado En La Localidad De El Alberto, Municipio De Ixmiquilpan."	"El Alberto"	18	NA	"FAM 2023 13DCC0151A Niños Heroes"	TRUE
"1642_Ixmiquilpan"	1641	"Ixmiquilpan"	"Espacios Educativos"	2023	"Rehabilitación General De Techado De Plaza Cívica, Rehabilitación General De Instalación Eléctrica Y Obra Exterior, En La Primaria Indígena Nicolás Bravo Con C.c.t. 13dpb0655x, Ubicada En La Localidad De El Alberto, Municipio De Ixmiquilpan."	"El Alberto"	58	NA	"FAM 2023 13DPB0655X Nicolas Bravo"	TRUE
"1652_Ixmiquilpan"	1651	"Ixmiquilpan"	"Espacios Educativos"	2023	"Rehabilitación General De Un Módulo Atípico De 4 Aulas Didácticas Y Dirección, En La Escuela Primaria Netzahualcóyotl Con C.c.t. 13dpb0652z, Ubicada En La Localidad De Boxhuada, Municipio De Ixmiquilpan."	"Boxhuada"	36	NA	"FAM 2023 13DPB0652Z Netzahualcoyotl"	TRUE
"1638_Ixmiquilpan"	1637	"Ixmiquilpan"	"Espacios Educativos"	2023	"Rehabilitación General De Un Módulo Estructura Hm De 18 E.e., Que Contempla 5 Aulas Y Una Dirección, Con Sustitución De Losa Catalana Por Cubierta De Lámina Multipanel Y Obra Exterior, En La Primaria Cinco De Mayo Con C.c.t. 13dpr2321y, Ubicada En La Localidad De Ixmiquilpan, Municipio De Ixmiquilpan."	"Ixmiquilpan"	115	NA	"FAM 2023 13DPR2321Y Cinco De Mayo"	TRUE
"1670_Jacala de Ledezma"	1669	"Jacala de Ledezma"	"Espacios Educativos"	2023	"Rehabilitacion General De Instalación Eléctrica Y Obra Exterior, En La Telesecundaria No. 545 Con C.c.t. 13dtv0522g, Ubicada En La Localidad De Agua Fría Grande, Municipio De Jacala De Ledezma."	"Agua Fria Grande"	13	NA	"FAM 2023 13DTV0522G Telesecundaria 545"	TRUE
"1673_Jacala de Ledezma"	1672	"Jacala de Ledezma"	"Espacios Educativos"	2023	"Rehabilitación General De 1 Aula Didáctica Atípica, Impermeabilización De Losa De Concreto De Otra Aula Didáctica Atípica, En La Primaria General Venustiano Carranza Con C.c.t. 13dpr0982s, Ubicada En La Localidad De Vado Hondo, Municipio De Jacala De Ledezma."	"Vado Hondo"	19	NA	"FAM 2023 13DPR0982S Venustiano Carranza"	TRUE
"1669_Jacala de Ledezma"	1668	"Jacala de Ledezma"	"Espacios Educativos"	2023	"Rehabilitación General De 1 Modulo De Sanitarios, Estructura Regional Y Obra Exterior, En La Telesecundaria 275 Con C.c.t. 13dtv0034q, Ubicada En La Localidad De La Palma, Municipio De Jacala De Ledezma."	"La Palma"	25	NA	"FAM 2023 13DTV0034Q Telesecundaria 275"	TRUE
"1680_Metepec"	1679	"Metepec"	"Espacios Educativos"	2023	"Construcción De Un Módulo De Sanitarios M-2, Rehabilitación General De Un Módulo De Dos Aulas, Estructura Regional Ligera 6.00 X 8.00 Mts., Demolición De Un Módulo Atípico Que Contempla Dos Aulas Didácticas Y Casa Del Maestro, Construcción De Cisterna De 5 M3, Fosa Séptica, Pozo De Absorción Y Obra Exterior, En La Primaria General Ciencias Y Artes Con C.c.t. 13dpr2292t, Ubicada En La Localidad De Cañada De Flores, Municipio De Metepec."	"Cañada De Flores"	29	NA	"FAM 2023 13DPR2292T Ciencias Y Artes"	TRUE
"1703_Mineral de la Reforma"	1702	"Mineral de la Reforma"	"Espacios Educativos"	2023	"Adecuación De Espacio Para Laboratorio De Agrobiotecnología Y Rehabilitación De Módulo Para Servicio Administrativo Y Obra Exterior En La Universidad Tecnologica De Mineral De La Reforma Con C.c.t. 13eut0012e, Ubicada En La Localidad De Ex-Hacienda De Chavarria, Municipio De Mineral De La Reforma."	"Ex-Hacienda De Chavarria"	524	NA	"FAM 2023 13EUT0012E Universidad Tecnologica De Mineral De La Reforma"	TRUE
"1705_Mineral de la Reforma"	1704	"Mineral de la Reforma"	"Espacios Educativos"	2023	"Construcción De 2 Aulas Didácticas De 2 E.e. C/U, Estructura U1-C Y Obra Exterior, En La Primaria General Octavio Paz Con C.c.t. 13dpr0814w, Ubicada En La Localidad De Privada De Virreyes, Municipio De Mineral De La Reforma."	"Praderas De Virreyes"	371	NA	"FAM 2023 13DPR0814W Octavio Paz"	TRUE
"1700_Mineral de la Reforma"	1699	"Mineral de la Reforma"	"Espacios Educativos"	2023	"Construcción De 2 Aulas Didácticas En Planta Alta De 2 E.e. C/U, Estructura U2-C Y Obra Exterior, En La Primaria General Centro Escolar Teocalli Con C.c.t. 13dpr0834j, Ubicada En La Localidad De Paseos De Chavarria, Municipio Mineral De La Reforma."	"Paseos De Chavarria"	309	NA	"FAM 2023 13DPR0834J Centro Escolar Teocalli"	TRUE
"1698_Mineral de la Reforma"	1697	"Mineral de la Reforma"	"Espacios Educativos"	2023	"Construcción De Un Aula Didáctica Adosada, Estructura Regional (Zona Sismica C Y D) 6.00 X 8.00 Mts Y Obra Exterior, En La Primaria General Itzamna Con C.c.t. 13dpr2929k, Ubicada En La Localidad De Los Tuzos, Municipio De Mineral De La Reforma."	"Los Tuzos"	269	NA	"FAM 2023 13DPR2929K Itzamna"	TRUE
"1693_Mineral de la Reforma"	1692	"Mineral de la Reforma"	"Espacios Educativos"	2023	"Demolición Y Construcción De Módulo De Dos Aulas Didácticas En Sustitución, Estructura Regional (Zona Sísmica C Y D) 6.00 X 8.00 Mts. Y Obra Exterior En El Preescolar General Carolina Agazzi Con C.c.t. 13djn0928h, Ubicado En La Localidad De San Fernando, Municipio De Mineral De La Reforma."	"San Fernando"	49	NA	"FAM 2023 13DJN0928H Carolina Agazzi"	TRUE
"1711_Mixquiahuala de Juárez"	1710	"Mixquiahuala de Juárez"	"Espacios Educativos"	2023	"Mantenimiento De Paneles Solares E Impermeabilización De Edificio Administrativo En El Instituto Tecnológico Superior Del Occidente Del Estado De Hidalgo, Con C.c.t. 13eit0001d, Ubicada En La Localidad Cinta Larga, Municipio De Mixquiahuala."	"Cinta Larga Seccion 22"	2611	NA	"FAM 2023 13EIT0001D Instituto Tecnologico Superior Del Occidente Del Estado De Hidalgo"	TRUE
"1738_Pachuca de Soto"	1737	"Pachuca de Soto"	"Espacios Educativos"	2023	"Construcción De Techado En Cancha De Usos Múltiples, En El Preescolar General Irena Sendler Con C.c.t. 13djn0850k, Ubicado En La Localidad De Pachuca (Paseos De La Plata) Municipio De Pachuca De Soto."	"Pachuca De Soto"	82	NA	"FAM 2023 13DJN0850K Irena Sendler"	TRUE
"1754_Pachuca de Soto"	1753	"Pachuca de Soto"	"Espacios Educativos"	2023	"Construcción De Techado En Cancha De Usos Múltiples, En La Escuela Primaria Luis Donaldo Colosio Murrieta Con C.c.t. 13dpr0783t, Ubicada En Santa Gertrudis, Municipio De Pachuca De Soto."	"Santa Gertrudis"	160	NA	"FAM 2023 13DPR0783T Luis Donaldo Colosio Murrieta"	TRUE
"1729_Pachuca de Soto"	1728	"Pachuca de Soto"	"Espacios Educativos"	2023	"Construcción De Techado En Cancha De Usos Múltiples, En La Primaria General Elisa Acuña Rossetti Con C.c.t. 13dpr2951m, Ubicada En La Localidad De Pachuca, Municipio De Pachuca De Soto."	"Pachuca De Soto"	163	NA	"FAM 2023 13DPR2951M Elisa Acuña Rossetti"	TRUE
"1723_Pachuca de Soto"	1722	"Pachuca de Soto"	"Espacios Educativos"	2023	"Construcción De Techado En Cancha De Usos Múltiples, En La Secundaria General Leona Vicario Con C.c.t. 13des0122e, Ubicada En La Localidad De Pachuca (Bosques Del Peñar), Municipio De Pachuca De Soto."	"Pachuca De Soto"	250	NA	"FAM 2023 13DES0122E Leona Vicario"	TRUE
"1744_Pachuca de Soto"	1743	"Pachuca de Soto"	"Espacios Educativos"	2023	"Construcción De Un Aula Didáctica De 1 E.e. Estructura Regional (Zona Sísmica C Y D) De 6.00 X 5.30 Mts. Y Obra Exterior, En La Escuela De Educación Preescolar General Con C.c.t. 13djn0718c, Ubicado En La Localidad De Santa Gertrudis, Municipio De Pachuca De Soto."	"Santa Gertrudis"	34	NA	"FAM 2023 13DJN0718C Carolina Agazzi"	TRUE
"1734_Pachuca de Soto"	1733	"Pachuca de Soto"	"Espacios Educativos"	2023	"Demolición De Barda Perimetral, Construcción De Muro De Contención Y Barda Perimetral, En El Preescolar Profra. Ma. Isabel Salazar Pérez Con C.c.t. 13djn0793j Ubicado En La Localidad De Pachuca De Soto, Municipio De Pachuca De Soto."	"Pachuca De Soto"	124	NA	"FAM 2023 13DJN0793J Profra. Ma. Isabel Salazar Perez"	TRUE
"1736_Pachuca de Soto"	1735	"Pachuca de Soto"	"Espacios Educativos"	2023	"Demolición De Modulo Atípico De Dos Niveles, Construcción De Un Modulo De Dos Niveles, Estructura U2-C De 1.2 E.e., Escalera Y Obra Exterior En La Primaria General Ignacio Zaragoza Con C.c.t. 13dpr0341y, Ubicada En La Localidad De Pachuca, Municipio De Pachuca De Soto."	"Pachuca De Soto"	274	NA	"FAM 2023 13DPR0341Y Ignacio Zaragoza"	TRUE
"1752_Pachuca de Soto"	1751	"Pachuca de Soto"	"Espacios Educativos"	2023	"Demolición De Un Módulo De Dos Niveles Atípico (Comedor, Biblioteca Y Sala De Cómputo), Demolición De Un Módulo Denominado Cuarto De Cubículos, Rehabilitación General De Un Módulo Atípico De 3 E.e. Con Sustitución De Cubierta Por Lamina Multipanel Y Obra Exterior, En La Primaria Josefa Ortiz De Domínguez Con C.c.t. 13dpr1050p, Ubicada En La Localidad De Santiago Tlapacoya, Municipio De Pachuca De Soto."	"Santiago Tlapacoya"	337	NA	"FAM 2023 13DPR1050P Josefa Ortiz De Dominguez"	TRUE
"1724_Pachuca de Soto"	1723	"Pachuca de Soto"	"Espacios Educativos"	2023	"Rehabilitación De Losa E Impermeabilización De Edificio Administrativo (Primera Etapa), En El Plantel Escuela Normal Superior Publica Del Estado De Hidalgo (Ensupeh), Con C.c.t. 13dnl0006c, Ubicado En La Localidad De Pachuca De Soto, Del Estado De Hidalgo."	"Pachuca De Soto"	939	NA	"FAM 2023 13DNL0006C Escuela Normal Superior Publica Del Estado De Hidalgo"	TRUE
"1720_Pachuca de Soto"	1719	"Pachuca de Soto"	"Espacios Educativos"	2023	"Rehabilitación General De Un Modulo De Aulas Y Obra Exterior, En La Primaria General Gonzalo Menindez Díaz Con C.c.t. 13dpr1867h, Ubicada En La Localidad De Pachuca, Municipio De Pachuca De Soto."	"Pachuca De Soto"	89	NA	"FAM 2023 13DPR1867H Gonzalo Menindez Diaz"	TRUE
"1726_Pachuca de Soto"	1725	"Pachuca de Soto"	"Espacios Educativos"	2023	"Rehabilitación General, En La Primaria General Vicente Guerrero Con C.c.t. 13dpr1868g, Ubicada En La Localidad De Pachuca, Municipio De Pachuca De Soto."	"Pachuca De Soto"	395	NA	"FAM 2023 13DPR1868G Vicente Guerrero"	TRUE
"1757_Pisaflores"	1756	"Pisaflores"	"Espacios Educativos"	2023	"Construcción De Muro De Contención En El Plantel Cemsad Chalahuite Con C.c.t. 13ems0019z Ubicado En La Localidad De Chalahuite, Municipio De Pisaflores, Estado De Hidalgo."	"Chalahuite"	91	NA	"FAM 2023 13EMS0019Z Centro De Educacion Media Superior A Distancia Chalahuite"	TRUE
"1755_Pisaflores"	1754	"Pisaflores"	"Espacios Educativos"	2023	"Rehabilitación General De Un Modulo De Dos Aulas Didácticas Estructura Regional 6.00 X 8.00 Mts., Rehabilitación General De Un Módulo De Un Aula Didáctica Estructura Regional 6.00 X 8.00 Mts., Rehabilitación General De Un Módulo De Sanitarios M-4, Rehabilitación General De Un Módulo Atípico De Dos Aulas Didácticas Y Obra Exterior, En La Primaria Jaime Nuno Con C.c.t. 13dpr0072u, Ubicada En La Localidad De La Escondida De San Rafael, Municipio De Pisaflores."	"Escondida De San Rafael"	96	NA	"FAM 2023 13DPR0072U Jaime Nuno"	TRUE
"1763_Progreso de Obregón"	1762	"Progreso de Obregón"	"Espacios Educativos"	2023	"Construcción De Taller De Circuitos Eléctricos De 5 E.e., Estructura U2-C Y Obra Exterior, En La Secundaria General Adolfo López Mateos Con C.c.t. 13des0022f, Ubicada En La Localidad De Progreso, Municipio De Progreso De Obregón."	"Progreso De Obregon"	472	NA	"FAM 2023 13DES0022F Lic. Adolfo Lopez Mateos"	TRUE
"1765_Progreso de Obregón"	1764	"Progreso de Obregón"	"Espacios Educativos"	2023	"Construcción De Techumbre De Cancha De Usos Múltiples (Primera Etapa) Y Mantenimiento Menor De Auditorio En La Escuela Normal Del Valle Del Mezquital Con C.c.t. 13dnl0003f, Ubicado En La Localidad De El Xamu Municipio De Progreso De Obregón, Del Estado De Hidalgo."	"El Xamu"	587	NA	"FAM 2023 13DNL0003F Normal Valle Del Mezquital"	TRUE
"1772_San Agustín Tlaxiaca"	1771	"San Agustín Tlaxiaca"	"Espacios Educativos"	2023	"Rehabilitación General De Modulo Atípico (Biblioteca); Renivelación De Losa E Impermeabilización De Modulo Atípico Que Alberga Dos Aulas Didácticas; Impermeabilización De Tres Módulos Estructura Regional De 2 E.e. C/U Y 3 E.e. Respectivamente, En La Primaria General Vicente Guerrero Con C.c.t. 13dpr0386u, Ubicada En La Localidad De Ixcuinquitlapilco, Municipio De San Agustin Tlaxiaca."	"Ixcuinquitlapilco"	242	NA	"FAM 2023 13DPR0386U Vicente Guerrero"	TRUE
"1778_San Bartolo Tutotepec"	1777	"San Bartolo Tutotepec"	"Espacios Educativos"	2023	"Construcción De Dos Aulas Didácticas De 2 E.e. Adosadas, En Estructura Tipo Sierra Y Obra Exterior, En El Centro De Educacion Media Superior A Distancia Plantel San Miguel Con C.c.t. 13ems0021o, Ubicada En La Localidad De San Miguel, Municipio De San Bartolo Tutotepec."	"San Miguel"	66	NA	"FAM 2023 13EMS0021O Centro De Educacion Media Superior A Distancia San Miguel"	TRUE
"1776_San Bartolo Tutotepec"	1775	"San Bartolo Tutotepec"	"Espacios Educativos"	2023	"Construcción De Muro De Contención En El Plantel La Primavera Con C.c.t. 13dcc0076k Ubicada En La Localidad De Xochitlan, Municipio De San Bartolo Tutotepec, Estado De Hidalgo."	"Xuchitlan"	14	NA	"FAM 2023 13DCC0076K La Primavera"	TRUE
"1779_San Felipe Orizatlán"	1778	"San Felipe Orizatlán"	"Espacios Educativos"	2023	"Construcción De Muro De Contención En La Parte Posterior Del Plantel En Colindancia Con Arroyo Que Sufrio Deslave, En El Preescolar Indígena Guadalupe Victoria Con C.c.t. 13dcc0782o, Ubicado En La Localidad De Huitzitzilingo, Municipio De San Felipe Orizatlán."	"Huitzitzilingo"	113	NA	"FAM 2023 13DCC0782O Guadalupe Victoria"	TRUE
"1780_San Salvador"	1779	"San Salvador"	"Espacios Educativos"	2023	"Demolición Y Construcción De Barda Perimetral, En La Primaria General Francisco González Bocanegra Con C.c.t. 13dpr0440y, Ubicada En La Localidad De La Lagunilla, Municipio De San Salvador."	"Lagunilla"	158	NA	"FAM 2023 13DPR0440Y Francisco Gonzalez Bocanegra"	TRUE
"1791_Santiago Tulantepec de Lugo Guerrero"	1790	"Santiago Tulantepec de Lugo Guerrero"	"Espacios Educativos"	2023	"Construccion De Bodega - Almacen Y Obra Exterior En La Universidad Tecnologica De Tulancingo Con C.c.t. 13eut0002y, Ubicada En La Localidad De Emiliano Zapata, Municipio De Santiago Tulantepec."	"Emiliano Zapata"	2534	NA	"FAM 2023 13EUT0002Y Universidad Tecnologica De Tulancingo"	TRUE
"1792_Santiago Tulantepec de Lugo Guerrero"	1791	"Santiago Tulantepec de Lugo Guerrero"	"Espacios Educativos"	2023	"Construcción De Techado En Cancha De Usos Múltiples, En La Secundaria General Gabriel Vargas Bernal Con C.c.t. 13des0120g, Ubicada En La Localidad De Unidades Habitacionales, Municipio De Santiago Tulantepec De Lugo Guerrero."	"Unidades Habitacionales"	745	NA	"FAM 2023 13DES0120G Gabriel Vargas Bernal"	TRUE
"1789_Santiago Tulantepec de Lugo Guerrero"	1788	"Santiago Tulantepec de Lugo Guerrero"	"Espacios Educativos"	2023	"Construcción De Un Aula Didáctica, Estructura Regional (Zona Sísmica C Y D) 6.00 X 8.00 Mts. Y Obra Exterior, En La Primaria General Juan Escutia Con C.c.t. 13dpr0920f, Ubicada En La Localidad De Santiago Tulantepec (Colonia Felipe Ángeles), Municipio De Santiago Tulantepec."	"Felipe Angeles [Colonia]"	357	NA	"FAM 2023 13DPR0920F Juan Escutia"	TRUE
"1795_Santiago Tulantepec de Lugo Guerrero"	1794	"Santiago Tulantepec de Lugo Guerrero"	"Espacios Educativos"	2023	"Demolición De Módulo De Sanitarios Atípicos En Mal Estado, Extracción De Cisterna Y Fosa Séptica Atípicas, Construcción De Modulo De Sanitarios M-6, Estructura Regional (Zona Sísmica C Y D) 5.30 X 6.50 Mts. Y Obra Exterior, En La Primaria General Tierra Y Libertad Con C.c.t. 13dpr0133r, Ubicada En La Localidad De Emiliano Zapata, Municipio De Santiago Tulantepec De Lugo Guerrero."	"Emiliano Zapata"	251	NA	"FAM 2023 13DPR0133R Tierra Y Libertad"	TRUE
"1787_Santiago de Anaya"	1786	"Santiago de Anaya"	"Espacios Educativos"	2023	"Construcción De Barda Perimetral, Construcción De Dos Bases Para Tinacos Y Rehabilitación De Explanada Principal, En La Secundaria Técnica 42 Con C.c.t. 13dst0044j, Ubicada En La Localidad De Yolotepec, Municipio De Santiago De Anaya."	"Yolotepec"	154	NA	"FAM 2023 13DST0044J Escuela Secundaria Tecnica 42"	TRUE
"1788_Santiago de Anaya"	1787	"Santiago de Anaya"	"Espacios Educativos"	2023	"Construcción De Techado En Cancha De Usos Múltiples, En El Colegio De Bachilleres Plantel Santiago De Anaya, Con C.c.t. 13ecb0034l Ubicado En La Localidad De Santiago De Anaya, Municipio De Santiago De Anaya."	"Santiago De Anaya"	202	NA	"FAM 2023 13ECB0034L Colegio De Bachilleres Plantel Santiago De Anaya"	TRUE
"1786_Santiago de Anaya"	1785	"Santiago de Anaya"	"Espacios Educativos"	2023	"Construcción De Techado En Cancha De Usos Múltiples, En La Telesecundaria 639, Con C.c.t. 13dtv0655x, Ubicado En La Localidad De Patria Nueva, Municipio De Santiago De Anaya."	"Patria Nueva"	100	NA	"FAM 2023 13DTV0655X Telesecundaria 639"	TRUE
"1785_Santiago de Anaya"	1784	"Santiago de Anaya"	"Espacios Educativos"	2023	"Demolición De Módulo Atípico Existente, Construcción De 2 Aulas Didácticas, Estructura Regional (Zona Sísmica C Y D) 6.00 X 8.00 Mts., Rehabilitación General De Cisterna Y Obra Exterior, En La Primaria General Amado Nervo Con C.c.t. 13dpr0465g, Ubicada En La Localidad De Yolotepec, Municipio De Santiago De Anaya."	"Yolotepec"	282	NA	"FAM 2023 13DPR0465G Amado Nervo"	TRUE
"1800_Tasquillo"	1799	"Tasquillo"	"Espacios Educativos"	2023	"Construccion De Fosa Séptica, Construcción De Pozo De Absorción Y Obra Exterior, En La Primaria General Dr. Jose María Luis Mora, Con C.c.t. 13dpr0491e, Ubicada En La Localidad De Danghu, En El Municipio De Tasquillo."	"Danghu"	108	NA	"FAM 2023 13DPR0491E Dr. Jose Ma. Luis Mora"	TRUE
"1799_Tasquillo"	1798	"Tasquillo"	"Espacios Educativos"	2023	"Construcción De Barda Perimetral, Rehabilitación General De Módulo De Sanitarios, Estructura Regional 6.00 X 8.00 Mts., Rehabilitación De Un Módulo De 5 E.e., Estructura Regional (3 Aulas, Dirección Y Sanitarios) Y Obra Exterior, En La Telesecundaria 537 Con C.c.t. 13dtv0553z, Ubicada En La Localidad De Bondhi, Municipio De Tasquillo."	"Bondhi"	228	NA	"FAM 2023 13DTV0553Z Telesecundaria 537"	TRUE
"1809_Tecozautla"	1808	"Tecozautla"	"Espacios Educativos"	2023	"Construcción De Módulo De Sanitarios M-2, Construcción De Cisterna De Concreto De 5 M3, Construcción De Fosa Séptica, Pozo De Absorción Y Obra Exterior, En La Primaria General Independencia Y Libertad, Con C.c.t. 13dpr2669o, Ubicada En La Localidad De Tenzabhi, Municipio De Tecozautla."	"Tenzabhi"	38	NA	"FAM 2023 13DPR2669O Independencia Y Libertad"	TRUE
"1804_Tecozautla"	1803	"Tecozautla"	"Espacios Educativos"	2023	"Construcción De Módulo De Sanitarios M-4, Estructura Regional (Zona Sísmica C Y D), Construcción De Cisterna De Concreto De 10 M3, Fosa Séptica, Pozo De Absorción Y Obra Exterior, En La Telesecundaria 661 Con C.c.t. 13dtv0661h, Ubicada En La Localidad De Uxdejhé, Municipio De Tecozautla."	"Uxdejhe"	62	NA	"FAM 2023 13DTV0661H Telesecundaria 661"	TRUE
"1802_Tecozautla"	1801	"Tecozautla"	"Espacios Educativos"	2023	"Construcción De Un Aula Didáctica Adosada, Estructura Regional (Zona Sísmica C Y D) 6.00 X 8.00 Mts., Rehabilitación General De Modulo Atípico Existente (Dirección) Con Sustitución De Sanitario Y Obra Exterior, En La Primaria General Lic. Javier Rojo Gómez Con C.c.t. 13dpr1865j, En La Localidad De Tecozautla, Municipio De Tecozautla."	"Tecozautla"	507	NA	"FAM 2023 13DPR1865J Lic. Javier Rojo Gomez"	TRUE
"1805_Tecozautla"	1804	"Tecozautla"	"Espacios Educativos"	2023	"Demolición De Módulo Atípico De Sanitarios Existentes, Construcción De Un Aula Didáctica Estructura Regional (Zona Sísmica C Y D) 6.00 X 8.00 Mts., Construcción De Módulo De Sanitarios M-4 Estructura Regional (Zona Sísmica C Y D), Construcción De Fosa Séptica, Pozo De Absorción Y Obra Exterior, En El Preescolar Indígena Fernando Montes De Oca, Con C.c.t. 13dcc0575g, Ubicado En La Localidad De San Pedro, Municipio De Tecozautla."	"San Pedro"	20	NA	"FAM 2023 13DCC0575G Fernando Montes De Oca"	TRUE
"1801_Tecozautla"	1800	"Tecozautla"	"Espacios Educativos"	2023	"Rehabilitación General De Taller De Estructuras Metálicas, Estructura T-71 De 6 E.e.; Rehabilitación General De Laboratorio De Informática, Estructura U1-C De 5 E.e. Y Obra Exterior, En La Secundaria General Hermanos Flores Magón Con C.c.t. 13des0017u, Ubicada En La Localidad De Tecozautla, Municipio De Tecozautla."	"Tecozautla"	668	NA	"FAM 2023 13DES0017U Hermanos Flores Magon"	TRUE
"1813_Tenango de Doria"	1812	"Tenango de Doria"	"Espacios Educativos"	2023	"Construcción De Un Aula Didactica, Estructura Regional (Zona Sísmica C Y D) 6.00 X 8.00 Mts. Y Obra Exterior, En El Preescolar Indigena Jose Vasconcelos Con C.c.t. 13dcc0251z, Ubicado En La Localidad De San Nicolas, Municipio De Tenango De Doria."	"San Nicolas"	76	NA	"FAM 2023 13DCC0251Z Jose Vasconcelos"	TRUE
"1821_Tenango de Doria"	1820	"Tenango de Doria"	"Espacios Educativos"	2023	"Demolición Y Construcción De Muro De Contención Y Barda Perimetral, Demolición De Módulo De Sanitarios M-4 Y Construcción De Módulo De Sanitarios M-2 En Sustitución Y Obra Exterior, En El Preescolar Cascada Infantil Con C.c.t. 13dcc0333j, Ubicado En La Localidad De El Casiu, Municipio De Tenango De Doria."	"El Casiu"	10	NA	"FAM 2023 13DCC0333J Cascada Infantil"	TRUE
"1812_Tenango de Doria"	1811	"Tenango de Doria"	"Espacios Educativos"	2023	"Impermeabilización De Módulo Académico Y Administrativo, En La Universidad Intercultural Del Estado De Hidalgo., Con C.c.t. 13eiu0001c, Ubicada En La Localidad El Desdavi, Municipio De Tenango De Doria Hidalgo."	"El Desdavi"	611	NA	"FAM 2023 13EIU0001C Universidad Intercultural Del Estado De Hidalgo"	TRUE
"1820_Tenango de Doria"	1819	"Tenango de Doria"	"Espacios Educativos"	2023	"Rehabilitación General De Modulo A De 4 Aulas Didácticas Estructura Regional 6.00 X 8.00 Mts., Rehabilitación General De Modulo De Laboratorio De Ciencias, Pórtico Y Aula Didáctica, Rehabilitación General De Modulo De Sanitarios 6.00 X 8.00 Mts., Estructura Regional Con Sustitución De Losa De Concreto Por Lamina Multipanel, Construcción De Base De Tinacos Y Obra Exterior, En La Secundaria Técnica 11 Con C.c.t. 13dst0011s, Ubicada En La Localidad De Tenango De Doria, Municipio De Tenango De Doria."	"Tenango De Doria"	226	NA	"FAM 2023 13DST0011S Escuela Secundaria Tecnica 11"	TRUE
"1824_Tepeapulco"	1823	"Tepeapulco"	"Espacios Educativos"	2023	"Construcción De Salón De Usos Múltiples De 1 E.e. Estructura Regional 6.00 X 8.00 Mts. Rehabilitación De Un Módulo De 4 E.e. Estructura Regional Con Sustitución De Cubierta De Lámina A Lámina Multipanel Y Obra Exterior, En La Primaria General Narciso Mendoza Con C.c.t. 13dpr0563h, Ubicada En La Localidad De San Bartolomé De Tepetates Municipio De Tepeapulco."	"San Bartolome Tepetates"	66	NA	"FAM 2023 13DPR0563H Narciso Mendoza"	TRUE
"1825_Tepehuacán de Guerrero"	1824	"Tepehuacán de Guerrero"	"Espacios Educativos"	2023	"Construcción De Muro De Contención En El Plantel Bertrand Rusell Con C.c.t. 13djn0967j Ubicado En La Localidad De Texcapa Municipio De Tepehuacán De Guerrero, Estado De Hidalgo."	"Texcapa"	101	NA	"FAM 2023 13DJN0967J Bertrand Russell"	TRUE
"1828_Tepehuacán de Guerrero"	1827	"Tepehuacán de Guerrero"	"Espacios Educativos"	2023	"Construcción De Muro De Contención, Construcción De Cisterna De Concreto De 10 M3, Rehabilitación General De Un Módulo De 2 Aulas Y Un Módulo De Sanitarios, Con Demolición De La Segunda Aula Por Daños Estructurales, Cancelación De Fosa Séptica Existente Y Construcción De Fosa Séptica Y Pozo De Absorción, Rehabilitación De Firme En Cancha De Usos Múltiples Y Obra Exterior En La Primaria General Vicente Guerrero Con C.c.t. 13dpr0569b, Ubicada En La Localidad De Tepehuacan De Guerrero, Municipio De Tepehuacan De Guerrero."	"Tepehuacan De Guerrero"	168	NA	"FAM 2023 13DPR0569B Vicente Guerrero"	TRUE
"1826_Tepehuacán de Guerrero"	1825	"Tepehuacán de Guerrero"	"Espacios Educativos"	2023	"Demolición Y Construcción De Muro De Contención Y Sustitución, En La Primaria General Niños Heroes Con C.c.t. 13dpr2913j, Ubicada En La Localidad De Soyuco, Municipio De Tepehuacan De Guerrero."	"Soyuco"	48	NA	"FAM 2023 13DPR2913J Niños Heroes"	TRUE
"1829_Tepehuacán de Guerrero"	1828	"Tepehuacán de Guerrero"	"Espacios Educativos"	2023	"Rehabilitacion De Modulo A, B Y Obra Exterior En El Plantel Gregorio Torres Quintero Con C.c.t. 13dpr0571q Ubicado En La Localidad De Acuimantla, Municipio De Tepehuacan De Guerrero, Estado De Hidalgo."	"Acuimantla"	100	NA	"FAM 2023 13DPR0571Q Gregorio Torres Quintero"	TRUE
"1827_Tepehuacán de Guerrero"	1826	"Tepehuacán de Guerrero"	"Espacios Educativos"	2023	"Rehabilitación General De 5 Módulos De Aulas; A, 4 Aulas Didácticas, Estructura Regional 6.00 X 8.00 Mts.; B, Un Módulo De Sanitarios 6.00 X 8.00 Mts. Y Aula Didáctica, Estructura Regional; C, Un Aula Didáctica Atípica; D, Un Aula Didáctica Atípica; E, Rehabilitación De Un Aula Didáctica Atípica Y Rehabilitación Eléctrica General, En La Primaria General Héroes De Chapultepec Con C.c.t. 13dpr1071b, Ubicada En La Localidad De Cuatolol, Municipio De Tepehuacan De Guerrero."	"Cuatolol"	230	NA	"FAM 2023 13DPR1071B Heroes De Chapultepec"	TRUE
"1841_Tepeji del Río de Ocampo"	1840	"Tepeji del Río de Ocampo"	"Espacios Educativos"	2023	"Construcción De Techado En Cancha De Usos Múltiples, En La Primaria Progreso Campesino Con C.c.t. 13dpr0602t, Ubicada En La Localidad De Tinajas, Municipio De Tepeji Del Rio De Ocampo."	"Tinajas"	219	NA	"FAM 2023 13DPR0602T Progreso Campesino"	TRUE
"1840_Tepeji del Río de Ocampo"	1839	"Tepeji del Río de Ocampo"	"Espacios Educativos"	2023	"Construcción De Techado En Cancha De Usos Múltiples, En La Telesecundaria 255 Con C.t.t. 13dtv0270t, Ubicada En La Localidad De San Ildefonso, Municipio De Tepeji Del Rio De Ocampo."	"San Ildefonso"	105	NA	"FAM 2023 13DTV0270T Telesecundaria 255"	TRUE
"1839_Tepeji del Río de Ocampo"	1838	"Tepeji del Río de Ocampo"	"Espacios Educativos"	2023	"Construcción De Un Aula Didáctica Adosada Estructura Regional (Zona Sísmica C Y D) 6.00 X 8.00 Mts. Y Obra Exterior, En La Primaria María Morelos Y Pavón Con C.c.t. 13dpr1361s, Ubicada En La Localidad De Tepeji Del Rio, Municipio De Tepeji Del Rio."	"Tepeji Del Rio De Ocampo"	190	NA	"FAM 2023 13DPR1361S Jose Ma. Morelos Y Pavon"	TRUE
"1843_Tepeji del Río de Ocampo"	1842	"Tepeji del Río de Ocampo"	"Espacios Educativos"	2023	"Rehabilitación General Con Sustitución De Cubierta De Lámina Galvanizada A Cubierta De Lámina Multipanel, De Un Módulo Est. A-70 De 6 E.e. Y Obra Exterior En La Primaria General Emiliano Zapata Con C.c.t. 13dpr0593b, Ubicada En La Localidad De San Buenaventura En El Municipio De Tepeji Del Rio De Ocampo."	"San Buenaventura"	304	NA	"FAM 2023 13DPR0593B Emiliano Zapata"	TRUE
"1842_Tepeji del Río de Ocampo"	1841	"Tepeji del Río de Ocampo"	"Espacios Educativos"	2023	"Rehabilitación General Con Sustitución De Losa De Concreto A Cubierta De Lamina Multipanel En Modulo Atípico De Dos Aulas Y Biblioteca, Rehabilitación General Con Sustitución De Losa De Concreto A Cubierta De Lamina Multipanel De Un Modulo De Sanitarios Y Anexo, Estructura A-70 De 4 E.e., Construcción De Base De Tinacos Y Obra Exterior, En La Primaria María Ángeles Con C.c.t. 13dpr1189z, Ubicada En La Localidad De Tepeji Del Rio De Ocampo, Municipio De Tepeji Del Rio De Ocampo."	"Tepeji Del Rio De Ocampo"	329	NA	"FAM 2023 13DPR1189Z Maria Angeles"	TRUE
"1834_Tepeji del Río de Ocampo"	1833	"Tepeji del Río de Ocampo"	"Espacios Educativos"	2023	"Rehabilitación General De Módulo De Sanitarios, En La Secundaria Técnica No. 12 Con C.c.t. 13dst0012r, Ubicada En La Colonia Tianguistengo (La Romera), En El Municipio De Tepeji Del Rio De Ocampo."	"Tianguistengo (La Romera)"	431	NA	"FAM 2023 13DST0012R Escuela Secundaria Tecnica 12"	TRUE
"1844_Tepetitlán"	1843	"Tepetitlán"	"Espacios Educativos"	2023	"Construccion De Un Modulo De 2 Aulas Didácticas En Estructura Regional (Zona Sísmica C Y D) 6.00 X 8.00 Mts. C/U Y Obra Extrerior, En La Primaria General Felipe Ángeles Con C.c.t. 13dpr1125p, Ubicada En La Localidad De Santa María Daxtho, Municipio De Tepetitlán."	"Santa Maria Daxtho"	25	NA	"FAM 2023 13DPR1125P Felipe Angeles"	TRUE
"1845_Tezontepec de Aldama"	1844	"Tezontepec de Aldama"	"Espacios Educativos"	2023	"Acometida Y Conexión En Media Tensión, Acondicionamiento De Red En Baja Tensión, Instalación De Sistema Fotovoltaico Interconectado A La Red Y Adecuación De Instalaciones En Unidad De Docencia En La Unidad Académica De Tezontepec De Aldama Con C.c.t. 13eut0010g, Ubicada En La Localidad La Chiripa (Rancho) Municipio De Tezontepec De Aldama."	"La Chiripa [Rancho]"	290	NA	"FAM 2023 13EUT0010G Unidad Academica De Tezontepec De Aldama"	TRUE
"1847_Tezontepec de Aldama"	1846	"Tezontepec de Aldama"	"Espacios Educativos"	2023	"Construcción De Taller De Conservación De Alimentos, En Estructura U1-C De 6 E.e., Rehabilitación General De Un Módulo, Estructura U1-C De 6 E.e., Para Habilitar Un Taller De Circuitos Eléctricos Y Obra Exterior, En La Secundaria General Cuauhtémoc Con C.c.t. 13des0096x, Ubicada En La Localidad De Presas, Municipio De Tezontepec De Aldama."	"Presas"	543	NA	"FAM 2023 13DES0096X Cuauhtemoc"	TRUE
"1849_Tezontepec de Aldama"	1848	"Tezontepec de Aldama"	"Espacios Educativos"	2023	"Construcción De Techado En Cancha De Usos Múltiples, En La Telesecundaria 113 Con C.c.t. 13dtv0113c, Ubicada En La Localidad De Mangas, Municipio De Tezontepec De Aldama."	"Mangas"	339	NA	"FAM 2023 13DTV0113C Telesecundaria 113"	TRUE
"1851_Tezontepec de Aldama"	1850	"Tezontepec de Aldama"	"Espacios Educativos"	2023	"Rehabilitación De Techado De Plaza Cívica, En El Jardín De Niños Vicente Suarez Con C.c.t. 13djn0078y, Ubicado En La Localidad De Mangas, Municipio De Tezontepec De Aldama."	"Mangas"	78	NA	"FAM 2023 13DJN0078Y Vicente Suarez"	TRUE
"1855_Tezontepec de Aldama"	1854	"Tezontepec de Aldama"	"Espacios Educativos"	2023	"Rehabilitación General De Dos Módulos, Estructura U2-C De 13 E.e. C/U, Rehabilitación General De Un Modulo Estructura U1-C De 4 E.e. Y Obra Exterior En La Secundaria General Quetzalcóatl Con C.c.t. 13des0075k, Ubicada En La Localidad De Huitel, Municipio De Tezontepec De Aldama."	"Huitel"	294	NA	"FAM 2023 13DES0075K Quetzalcoatl"	TRUE
"1848_Tezontepec de Aldama"	1847	"Tezontepec de Aldama"	"Espacios Educativos"	2023	"Restructuración Y Reforzamiento De Techumbre De 24.55 X 33.35 Mts., En Plaza Civica En La Telesecundaria 710 Con C.c.t. 13dtv0710z Ubicada En La Localidad De Santiago Acayutlan Municipio De Tezontepec De Aldama."	"Santiago Acayutlan"	85	NA	"FAM 2023 13DTV0710Z Telesecundaria 710"	TRUE
"1856_Tianguistengo"	1855	"Tianguistengo"	"Espacios Educativos"	2023	"Remodelacion De Area Administrativa En La Escuela Normal De La Sierra Hidalguense Con C.c.t. 13dnl0002g, Ubicado En La Localidad De Tianguistengo Municipio De Tianguistengo, Del Estado De Hidalgo."	"Tianguistengo"	468	NA	"FAM 2023 13DNL0002G Normal Sierra Hidalguense"	TRUE
"1879_Tizayuca"	1878	"Tizayuca"	"Espacios Educativos"	2023	"Construcción De Techado En Cancha De Usos Múltiples, En La Primaria General Revolución Mexicana Con C.c.t. 13dpr0793z, Ubicada En La Localidad De Tizayuca, Municipio De Tizayuca."	"Tizayuca"	156	NA	"FAM 2023 13DPR0793Z Revolucion Mexicana"	TRUE
"1884_Tizayuca"	1883	"Tizayuca"	"Espacios Educativos"	2023	"Construcción De Un Modulo De 9 E.e., Estructura U2-C Que Albergará: Pb: 4 Aulas Didácticas De 2 E.e. C/U. Pa: 4 Aulas Didacticas De 2 E.e. C/U, Escaleras, Costrucción De Barda En Reposición Y Obra Exterior, En La Primaria General Cuauhtémoc, Con C.c.t. 13dpr2544g, Ubicada En La Localidad De Tizayuca, Municipio De Tizayuca."	"Tizayuca"	295	NA	"FAM 2023 13DPR2544G Cuauhtemoc"	TRUE
"1885_Tlahuelilpan"	1884	"Tlahuelilpan"	"Espacios Educativos"	2023	"Rehabilitación General De Un Taller De Informática En La Secundaria General Netzahualcóyotl Con C.c.t. 13des0029z, Ubicada En La Localidad De Tlahuelilpan, Municipio De Tlahuelilpan."	"Tlahuelilpan"	461	NA	"FAM 2023 13DES0029Z Netzahualcoyotl"	TRUE
"1887_Tlahuiltepa"	1886	"Tlahuiltepa"	"Espacios Educativos"	2023	"Construcción De 1 Aula Didáctica, Estructura Regional (Zona Sísmica C Y D) 6.00 X 8.00 Mts., Construcción De Un Modulo De Sanitarios M-2, Construcción De Cisterna De Concreto De 5 M3 Y Obra Exterior, En La Telesecundaria 634 Con C.c.t. 13dtv0650b, Ubicada En La Localidad De Xuchiatipa, Municipio De Tlahuiltepa."	"Xuchiatipa"	31	NA	"FAM 2023 13DTV0650B Telesecundaria 634"	TRUE
"1894_Tlahuiltepa"	1893	"Tlahuiltepa"	"Espacios Educativos"	2023	"Construcción De Muro De Contención, Impermeabilización De 3 Módulos Y Rehabilitación Eléctrica General, En La Telesecundaria 291 Con C.c.t. 13dtv0062m, Ubicada En La Localidad De Tlahuiltepa, Municipio De Tlahuiltepa."	"Tlahuiltepa"	36	NA	"FAM 2023 13DTV0062M Telesecundaria 291"	TRUE
"1890_Tlahuiltepa"	1889	"Tlahuiltepa"	"Espacios Educativos"	2023	"Rehabilitación General De Un Aula Didáctica, Estructura Regional 6.00 X 8.00 Mts.; Rehabilitación General De Un Modulo De Estructura Hm De Dos Aulas Didácticas 6.00 X 8.00 Mts. Con Sustitución De Cubierta De Lamina Multipanel Y Obra Exterior, En La Primaria General Paz Y Educación Con C.c.t. 13dpr0667c, Ubicada En La Localidad De Boca De León, Municipio De Tlahuiltepa."	"Boca De Leon"	28	NA	"FAM 2023 13DPR0667C Paz Y Educacion"	TRUE
"1899_Tlanchinol"	1898	"Tlanchinol"	"Espacios Educativos"	2023	"Construcción De Muro De Contención En El Plantel Justo Sierra Con C.c.t. 13dpr0686r Ubicado En La Localidad De Tlanchinol Municipio De Tlanchinol, Estado De Hidalgo."	"Tlanchinol"	457	NA	"FAM 2023 13DPR0686R Justo Sierra"	TRUE
"1900_Tlanchinol"	1899	"Tlanchinol"	"Espacios Educativos"	2023	"Construcción De Muro De Contención En El Plantel Telesecundaria 699 Con C.c.t. 13dtv0699u Ubicada En La Localidad De San Salvador, Municipio De Tlanchinol, Estado De Hidalgo."	"San Salvador"	37	NA	"FAM 2023 13DTV0699U Telesecundaria 699"	TRUE
"1897_Tlanchinol"	1896	"Tlanchinol"	"Espacios Educativos"	2023	"Construcción De Muro De Contención En El Preescolar Luis Donaldo Colosio Murrieta Con C.c.t. 13djn1243n Ubicado En La Localidad De Hueyapa, Municipio De Tlanchinol."	"Hueyapa"	54	NA	"FAM 2023 13DJN1243N Luis Donaldo Colosio Murrieta"	TRUE
"1901_Tlanchinol"	1900	"Tlanchinol"	"Espacios Educativos"	2023	"Construcción De Un Aula Didáctica, Estructura Regional (Zona Sísmica C Y D) 6.00 X 8.00 Mts. Y Obra Exterior En El Preescolar Indígena Lic. Benito Juárez Con C.c.t. 13dcc0677d, Ubicado En La Localidad De Chichatla, Municipio De Tlanchinol."	"Chichatla"	101	NA	"FAM 2023 13DCC0677D Lic. Benito Juarez"	TRUE
"1902_Tlanchinol"	1901	"Tlanchinol"	"Espacios Educativos"	2023	"Demolición Y Construcción De Muro De Contención Y Barda Perimetral, En La Secundaria General Jesús Reyes Heroles Con C.c.t. 13des0045q, En La Localidad De Tlanchinol, Municipio De Tlanchinol."	"Tlanchinol"	396	NA	"FAM 2023 13DES0045Q Jesus Reyes Heroles"	TRUE
"1904_Tlaxcoapan"	1903	"Tlaxcoapan"	"Espacios Educativos"	2023	"Construcción De Barda Perimetral De 3.00 M Altura Y Cercado Perimetral Con Malla Ciclónica De Altura Hasta 2m, En El Plantel Centro De Estudios Medio Superior A Distancia (Cemsad) Con Clave C.c.t. 13ems0060q, Ubicado En La Localidad De Doxey En El Municipio De Tlaxcoapan, Estado De Hidalgo."	"Doxey"	57	NA	"FAM 2023 13EMS0060Q Centro De Educacion Media Superior A Distancia Doxey"	TRUE
"1905_Tlaxcoapan"	1904	"Tlaxcoapan"	"Espacios Educativos"	2023	"Rehabilitación General Con Sustitución De Losa De Concreto A Cubierta De Lámina Multipanel De Un Módulo Est. 70 De 10 E.e., Rehabilitación General De Módulo De Sanitarios, Construcción De Base De Tinacos Y Obra Exterior, En La Primaria General Javier Rojo Gómez, Con C.c.t. 13dpr2450s, Ubicada En La Localidad De Tlaxcoapan, Municipio De Tlaxcoapan."	"Tlaxcoapan"	316	NA	"FAM 2023 13DPR2450S Javier Rojo Gomez"	TRUE
"1906_Tolcayuca"	1905	"Tolcayuca"	"Espacios Educativos"	2023	"Construcción De Primera Etapa De Auditorio, En La Universidad Politécnica Metropolitana De Hidalgo Con C.c.t. 13epo0004z, Ubicada En La Localidad De Tolcayuca, Municipio De Tolcayuca."	"Vicente Guerrero (San Javier)"	3282	NA	"FAM 2023 13EPO0004Z Universidad Politecnica Metropolitana De Hidalgo"	TRUE
"1912_Tula de Allende"	1911	"Tula de Allende"	"Espacios Educativos"	2023	"Construcción De Muro De Contención, Construcción De Barda Perimetral Y Obra Exterior, En La Telesecundaria No. 672 Con C.c.t. 13dtv0672n, Ubicada En La Localidad De El Llano, Municipio De Tula De Allende."	"El Llano"	134	NA	"FAM 2023 13DTV0672N Telesecundaria 672"	TRUE
"1913_Tula de Allende"	1912	"Tula de Allende"	"Espacios Educativos"	2023	"Construcción De Unidad De Docencia De Dos Niveles Tipo Ut´S, Primera Etapa, En La Universidad Tecnológica De Tula Tepeji Con C.c.t. 13eut0001z, Ubicada De La Localidad El Carmen, Municipio De Tula De Allende."	"Sesenta Y Dos [Colonia]"	5310	NA	"FAM 2023 13EUT0001Z Universidad Tecnologica Tula-Tepeji"	TRUE
"1914_Tula de Allende"	1913	"Tula de Allende"	"Espacios Educativos"	2023	"Rehabilitación General En Edificios A,B, Obra De Mitigación Y Obra Exterior, En El Plantel Escuela Secundaria Técnica No. 52 Con C.c.t. 13dst0053r Ubicado En La Localidad De Tula De Allende En El Municipio De Tula De Allende En El Estado De Hidalgo."	"Tula De Allende"	670	NA	"FAM 2023 13DST0053R Escuela Secundaria Tecnica 52"	TRUE
"1919_Tulancingo de Bravo"	1918	"Tulancingo de Bravo"	"Espacios Educativos"	2023	"Construcción De 2 Aulas Didácticas De 2.5 E.e. Estructura U2-C En Planta Alta, Terminación De Módulo De Escaleras Y Obra Exterior, En El Colegio De Bachilleres Del Estado De Hidalgo Plantel Tulancingo Con C.c.t. 13ecb0033m, Ubicado En La Localidad Santiago Caltengo, Municipio De Tulancingo."	"Santiago Caltengo (Buenos Aires)"	334	NA	"FAM 2023 13ECB0033M Colegio De Bachilleres Plantel Tulancingo"	TRUE
"1920_Tulancingo de Bravo"	1919	"Tulancingo de Bravo"	"Espacios Educativos"	2023	"Construcción De Techado En Cancha De Usos Múltiples, En La Primaria General Manuel Fernando Soto Con C.c.t. 13dpr1434u, Ubicada En La Localidad De San Nicolas El Chico (Rancho), Municipio De Tulancingo De Bravo."	"San Nicolas El Chico [Rancho]"	166	NA	"FAM 2023 13DPR1434U Manuel Fernando Soto"	TRUE
"1931_Tulancingo de Bravo"	1930	"Tulancingo de Bravo"	"Espacios Educativos"	2023	"Construcción De Techado En Cancha De Usos Múltiples, En La Primaria General Tierra Y Libertad Con C.c.t. 13dpr2449c, Ubicada En La Localidad De Santa Maria El Chico, Municipio De Tulancingo De Bravo."	"Santa Maria El Chico"	160	NA	"FAM 2023 13DPR2449C Tierra Y Libertad"	TRUE
"1927_Tulancingo de Bravo"	1926	"Tulancingo de Bravo"	"Espacios Educativos"	2023	"Construcción De Un Aula De Usos Múltiples De 2 E.e., Estructura Regional 6.00 X 8.00 Mts.; Rehabilitación General De Modulo De 4 Aulas, Estructura A-70 Y Obra Exterior, En La Primaria Adolfo Lopez Mateos Con C.c.t. 13dpr0078o, Ubicada En La Localidad De Tulancingo, Municipio De Tulancingo De Bravo."	"Tulancingo"	51	NA	"FAM 2023 13DPR0078O Adolfo Lopez Mateos"	TRUE
"1930_Tulancingo de Bravo"	1929	"Tulancingo de Bravo"	"Espacios Educativos"	2023	"Demolicion Y Reconstruccion De Losa De Azotea, Del Modulo De Escaleras Y Construccion De Bardeado Perimetral (Al Alcance). En La Universidad Pedagógica Nacional Hidalgo, Sede Tulancingo, Con C.c.t. 13dup0004k, Ubicada En La Localidad De San Miguel Tutotepec, Municipio De Tulancingo."	"Rincones De La Hacienda"	330	NA	"FAM 2023 13DUP0004K Universidad Pedagogica Nacional-Hidalgo Unidad 131 Sede Regional Tulancingo"	TRUE
"1922_Tulancingo de Bravo"	1921	"Tulancingo de Bravo"	"Espacios Educativos"	2023	"Rehabilitación General De Módulo De 3 E.e., Estructura Regional 6.00 X 8.00 Mts., En El Preescolar Salvador Díaz Mirón Con C.c.t. 13djn1310v, Ubicado En La Localidad De Fraccionamiento Del Magisterio Tulancinguense, Municipio De Tulancingo De Bravo."	"Fraccionamiento Del Magisterio Tulancinguense"	35	NA	"FAM 2023 13DJN1310V Salvador Diaz Miron"	TRUE
"1939_Zacualtipán de Ángeles"	1938	"Zacualtipán de Ángeles"	"Espacios Educativos"	2023	"Construcción De Área Administrativa De 2 E.e., Aula Didáctica De 1 E.e., En Estructura Regional, Zona Sísmica C Y D Y Obra Exterior, En El Centro De Educación Media Superior A Distancia Plantel Jalapa Con C.c.t. 13ems0080d Ubicado En La Localidad De Jalapa, Municipio De Zacualtipan De Angeles."	"Jalapa"	49	NA	"FAM 2023 13EMS0080D Centro De Educacion Media Superior A Distancia Jalapa"	TRUE
"1944_Zapotlán de Juárez"	1943	"Zapotlán de Juárez"	"Espacios Educativos"	2023	"Construcción De Un Aula Didáctica, Estructura Regional (Zona Sísmica C Y D) 6.00 X 8.00 Mts. Y Obra Exterior, En La Primaria General Ignacio Zaragoza Con C.c.t. 13dpr2644f, Ubicada En La Localidad De San Pedro Huaquilpan, Municipio De Zapotlán De Juárez."	"San Pedro Huaquilpan"	228	NA	"FAM 2023 13DPR2644F Ignacio Zaragoza"	TRUE
"1952_Zempoala"	1951	"Zempoala"	"Espacios Educativos"	2023	"Construcción De Techado En Cancha De Usos Múltiples, En La Primaria General Lazaro Cardenas Con C.c.t. 13dpr2791p, Ubicada En La Localidad De El Barrio Casas Coloradas, Municipio De Zempoala."	"El Barrio Casas Coloradas"	78	NA	"FAM 2023 13DPR2791P Lazaro Cardenas"	TRUE
"1954_Zempoala"	1953	"Zempoala"	"Espacios Educativos"	2023	"Construcción De Un Aula Didáctica Adosada, Estructura U1-C De 3 E.e.; Terminación De Módulo De Sanitarios De 2 E.e., Estructura U1-C Y Obra Exterior, En La Secundaria Técnica 69 Con C.c.t. 13dst0074d, Ubicada En La Localidad De Privadas De Santa Matilde, Municipio De Zempoala."	"Privadas Santa Matilde"	617	NA	"FAM 2023 13DST0074D Escuela Secundaria Tecnica 69"	TRUE
"1958_Zimapán"	1957	"Zimapán"	"Espacios Educativos"	2023	"Construcción De Aula Didáctica De 1 E.e., En Estructura Regional Zona Sísmica C Y D Y Obra Exterior, En El Centro De Educación Media Superior A Distancia Plantel Aguas Blancas Con C.c.t. 13ems0067j, Ubicado En La Localidad Aguas Blancas, Municipio De Zimapán."	"Aguas Blancas"	105	NA	"FAM 2023 13EMS0067J Centro De Educacion Media Superior A Distancia Aguas Blancas"	TRUE
"1963_Zimapán"	1962	"Zimapán"	"Espacios Educativos"	2023	"Construcción De Techado En Cancha De Usos Múltiples, En Escuela Primaria Indigena Nueva Reforma, Con C.c.t. 13dpb0744q, Ubicada En La Localidad De Zimapan, Municipio De Zimapan."	"Zimapan"	175	NA	"FAM 2023 13DPB0744Q Nueva Reforma"	TRUE
"1962_Zimapán"	1961	"Zimapán"	"Espacios Educativos"	2023	"Construcción De Techado En Cancha De Usos Múltiples, En La Primaria General Ignacio Allende Con C.c.t. 13dpr0258y, Ubicada En La Localidad De Xajha, Municipio De Zimapan."	"Xajha"	98	NA	"FAM 2023 13DPB0258Y Ignacio Allende"	TRUE
"1964_Zimapán"	1963	"Zimapán"	"Espacios Educativos"	2023	"Demolición De Un Modulo Atípico De 3 Aulas, Demolición De Un Modulo Atípico De Un Aula Y Sanitarios, Construcción De Un Modulo Estructura U2-C De 5 E.e. Que Albergaran 2 Aulas De 2.5 E.e. C/U En P.b. Y Dos Aulas De 2 E.e. C/U En P.a., Escaleras Y Obra Exterior En La Secundaria General Felipe Ángeles Con C.c.t. 13des0059t, Ubicada En La Localidad De Zimapán, Municipio De Zimapán."	"Zimapan"	460	NA	"FAM 2023 13DES0059T Felipe Angeles"	TRUE
"1483_Acatlán"	1482	"Acatlán"	"Espacios Educativos"	2024	"Construcción De Un Aula Didáctica, Estructura Regional (Zona Sísmica C Y D) 6.00 X 8.00 Mts. Y Obra Exterior., En La Primaria General 21 De Marzo, Con C.c.t. 13dpr2426s, Ubicada En La Localidad De 28 De Mayo (Santa Rosa) (Colonia), Municipio De Acatlán."	"28 De Mayo (Santa Rosa) [Colonia]"	316	NA	"FAM 2024 13DPR2426S 21 De Marzo"	TRUE
"1512_Apan"	1511	"Apan"	"Espacios Educativos"	2024	"Construcción De Un Taller De Preparación Y Conservación De Alimentos Adosado De 5 E.e., Estructura U1-C Y Obra Exterior, En La Secundaria General Jesús Romero Flores, Con C.c.t. 13des0076j, Ubicada En La Localidad De Las Peñitas, Municipio De Apan."	"Las Peñitas"	713	NA	"FAM 2024 13DES0076J Jesus Romero Flores"	TRUE
"1520_Atitalaquia"	1519	"Atitalaquia"	"Espacios Educativos"	2024	"Construcción De Muro De Contención Y Construcción De Barda Perimetral, En El Centro De Atención Múltiple No. 24 Con C.c.t. 13dml0024t, Ubicado En La Localidad De Atitalaquia, Municipio De Atitalaquia"	"Atitalaquia"	66	NA	"FAM 2024 13DML0024T Centro De Atencion Multiple Num. 24"	TRUE
"1518_Atitalaquia"	1517	"Atitalaquia"	"Espacios Educativos"	2024	"Construcción De Módulo De 4 Aulas Didácticas De 2.5 E.e. C/U, En Estructura U2-C En El Primer Nivel Módulo De Escaleras Y Obra Exterior, En La Secundaria Técnica No. 67 Con C.c.t. 13dst0072f Ubicada En La Localidad De Atitalaquia, Municipio De Atitalaquia."	"Atitalaquia"	208	NA	"FAM 2024 13DST0072F Escuela Secundaria Tecnica 67"	TRUE
"1519_Atitalaquia"	1518	"Atitalaquia"	"Espacios Educativos"	2024	"Impermeabilización De Módulo Atípico Y Obra Exterior, En La Primaria General Benito Juárez Con C.c.t. 13dpr2447e, Ubicada En La Localidad De Atitalaquia, Municipio De Atitalaquia."	"Atitalaquia"	483	NA	"FAM 2024 13DPR2447E Benito Juarez"	TRUE
"1537_Atotonilco de Tula"	1536	"Atotonilco de Tula"	"Espacios Educativos"	2024	"Construcción De Un Módulo De 3 E.e., Estructura Regional (Zona Sísmica C Y D), Que Alberga Un Aula De Usos Múltiples De 2 E.e. Y Un Aula Didáctica De 1 E.e. Y Obra Exterior, En La Telesecundaria 656 Con C.c.t. 13dtv0314z, Ubicada En La Localidad De Praderas Del Potrero, Municipio De Atotonilco De Tula."	"Praderas Del Potrero"	64	NA	"FAM 2024 13DTV0314Z Telesecundaria 656"	TRUE
"1531_Atotonilco de Tula"	1530	"Atotonilco de Tula"	"Espacios Educativos"	2024	"Reestructuración De Techado De Patio Cívico, En La Primaria General Jaime Torres Bodet, Con C.c.t. 13dpr2978t, Ubicada En La Localidad De Paseos De La Pradera, Municipio De Atotonilco De Tula."	"Paseos De La Pradera"	331	NA	"FAM 2024 13DPR2978T Jaime Torres Bodet"	TRUE
"1529_Atotonilco de Tula"	1528	"Atotonilco de Tula"	"Espacios Educativos"	2024	"Rehabilitación Y Ampliación De Módulo De Sanitarios Atípicos Y Obra Exterior En El Preescolar General Fray Juan De Zumárraga Con C.c.t. 13djn0448z, Ubicado En La Localidad De Conejos, Municipio De Atotonilco De Tula"	"Conejos"	70	NA	"FAM 2024 13DJN0448Z Fray Juan De Zumarraga"	TRUE
"1546_Calnali"	1545	"Calnali"	"Espacios Educativos"	2024	"Rehabilitación De Impermeabilizante En Modulo “B” De 10 E.e. En El Colegio De Estudios Científicos Y Tecnológicos Del Estado De Hidalgo Plantel Calnali, Con C.c.t. 13etc0010r, Ubicado En La Localidad De Calnali Municipio De Calnali"	"Calnali"	506	NA	"FAM 2024 13ETC0010R Colegio De Estudios Cientificos Y Tecnologicos Del Estado De Hidalgo Plantel Calnali"	TRUE
"1553_Cardonal"	1552	"Cardonal"	"Espacios Educativos"	2024	"Demolición De Modulo Atípico De Dos Aulas Didácticas Y Bodega, Construcción De Modulo De Dos Aulas, Estructura Regional (Zona Sísmica C Y D) 6.00 X 8.00 Mts. C/U En Sustitución Y Obra Exterior, En La Primaria Indígena Valentín Gómez Farias Con C.c.t. 13dpb0614x, Ubicada En La Localidad De San Miguel Jigui, Municipio De Cardonal."	"San Miguel Jigui"	64	NA	"FAM 2024 13DPB0614X Valentin Gomez Farias"	TRUE
"1557_Cardonal"	1556	"Cardonal"	"Espacios Educativos"	2024	"Rehabilitación General Con Sustitución De Cubierta De Lamina Multipanel De Módulo De 6 E.e. Estructura Hm, Rehabilitación General De Módulo Atípico De 4 E.e. Que Alberga Dos Aulas Didácticas De 2 E.e. C/U Y Obra Exterior En La Primaría General Vasco De Quiroga Con C.c.t. 13dpr2086k, Ubicada En La Localidad De San Cristóbal, Municipio De Cardonal"	"San Cristobal"	87	NA	"FAM 2024 13DPR2086K Vasco De Quiroga"	TRUE
"1556_Cardonal"	1555	"Cardonal"	"Espacios Educativos"	2024	"Rehabilitación General De Un Módulo De Sanitarios Tipo M-4, Construcción De Cisterna De Concreto De 10 M3, Dotación De Biodigestor De 7500 Lts. Y Obra Exterior, En La Primaria Indígena Benito Juárez Con C.c.t. 13dpb0073s, Ubicada En La Localidad De Durango Daboxtha, Municipio De Cardonal."	"Durango Daboxtha"	44	NA	"FAM 2024 13DPB0073S Benito Juarez"	TRUE
"1561_Chapulhuacán"	1560	"Chapulhuacán"	"Espacios Educativos"	2024	"Construcción De Módulo De Sanitarios M-4, Construcción De Fosa Séptica Y Pozo De Absorción Y Obra Exterior, En La Primaria General Guillermo Prieto, Con C.c.t. 13dpr1899z, Ubicada En La Localidad De El Barrio (Barrio Del Carmen), Municipio De Chapulhuacán."	"El Barrio (Barrio Del Carmen)"	37	NA	"FAM 2024 13DPR1899Z Guillermo Prieto"	TRUE
"1577_Chapulhuacán"	1576	"Chapulhuacán"	"Espacios Educativos"	2024	"Demolición De Un Aula Didáctica, Estructura Regional 6.00 X 8.00 Mts. Desmantelamiento De Techado De Patio Cívico, Construcción De Aula Didáctica, Estructura Regional 6.00 X 8.00 Mts, Construcción De Muro De Contención Y Obra Exterior, En El Preescolar Francisco González Bocanegra, Con C.c.t. 13djn0014n, Ubicado En La Localidad De Santa Ana De Allende, Municipio De Chapulhuacán."	"Santa Ana De Allende"	56	NA	"FAM 2024 13DJN0014N Francisco Gonzalez Bocanegra"	TRUE
"1587_Cuautepec de Hinojosa"	1586	"Cuautepec de Hinojosa"	"Espacios Educativos"	2024	"Construcción De Un Aula Didáctica, Estructura Regional (Zona Sísmica C Y D) 6.00 X 8.00 Mts. Y Obra Exterior, En La Primaria General Cristóbal Colón Con C.c.t. 13dpr1875q, Ubicada En La Localidad De Santa Elena Paliseca Municipio De Cuautepec De Hinojosa."	"Santa Elena Paliseca"	404	NA	"FAM 2024 13DPR1875Q Cristobal Colon"	TRUE
"1588_Cuautepec de Hinojosa"	1587	"Cuautepec de Hinojosa"	"Espacios Educativos"	2024	"Construcción De Un Aula Didáctica, Estructura Regional (Zona Sísmica C Y D) 6.00 X 8.00 Mts. Y Obra Exterior, En La Primaria General Lic. Benito Juárez Con C.c.t. 13dpr0241z, Ubicada En La Localidad De Cuautepec, Municipio De Cuautepec De Hinojosa."	"Cuautepec"	252	NA	"FAM 2024 13DPR0241Z Lic. Benito Juarez"	TRUE
"1589_Cuautepec de Hinojosa"	1588	"Cuautepec de Hinojosa"	"Espacios Educativos"	2024	"Construcción De Un Módulo De Sanitarios M-4, Estructura Regional (Zona Sísmica C Y D) Y Obra Exterior, En La Primaria General Lauro Aguirre, Con C.c.t. 13dpr1418c, Ubicado En La Localidad De Las Animas, Municipio De Cuautepec De Hinojosa."	"Las Animas"	42	NA	"FAM 2024 13DPR1418C Lauro Aguirre"	TRUE
"1595_Francisco I. Madero"	1594	"Francisco I. Madero"	"Espacios Educativos"	2024	"Construcción De Un Módulo De 2 E.e. (Laboratorio Taller Y Aula De Medios), Estructura Regional (Zona Sísmica C Y D) 6.00 X 8.00 Mts. C/U Y Obra Exterior, En La Telesecundaria 471, Con C.c.t. 13dtv0512z, Ubicada En La Localidad De Lázaro Cárdenas (El Mexe) (Colonia), Municipio De Francisco I Madero."	"Lazaro Cardenas (El Mexe) [Colonia]"	133	NA	"FAM 2024 13DTV0512Z Telesecundaria 471"	TRUE
"1600_Huasca de Ocampo"	1599	"Huasca de Ocampo"	"Espacios Educativos"	2024	"Construcción De Un Aula Didáctica (Zona Sísmica C Y D) 5.30 X 6.00 Mts. Y Obra Exterior, En El Preescolar General Yoloxochitl, Con C.c.t. 13djn0362u, Ubicado En La Localidad De San Miguel Regla, Municipio De Huasca De Ocampo."	"San Miguel Regla"	59	NA	"FAM 2024 13DJN0362U Yoloxochitl"	TRUE
"1617_Huejutla de Reyes"	1616	"Huejutla de Reyes"	"Espacios Educativos"	2024	"Construcción De Un Aula Didáctica Adosada, Estructura Regional 6.00 X 8.00 Mts., Construcción De Rampas De Acceso Y Obra Exterior, En La Primaria General Niños Héroes, Con C.c.t. 13dpr1910f, Ubicada En La Localidad De Huejutla De Reyes, Municipio De Huejutla De Reyes."	"Huejutla De Reyes"	247	NA	"FAM 2024 13DPR1910F Niños Heroes"	TRUE
"1618_Huejutla de Reyes"	1617	"Huejutla de Reyes"	"Espacios Educativos"	2024	"Rehabilitación General De 4 Módulos, Construcción De Cisterna De Concreto De 10 M3 Y Obra Exterior, En La Primaria General Benito Juárez, Con C.c.t. 13dpr2245i, Ubicada En La Localidad De Huejutla De Reyes, Municipio De Huejutla De Reyes."	"Huejutla De Reyes"	270	NA	"FAM 2024 13DPR2245I Benito Juarez"	TRUE
"1613_Huejutla de Reyes"	1612	"Huejutla de Reyes"	"Espacios Educativos"	2024	"Rehabilitación General De Un Módulo De 8 E.e., (4 Aulas Didácticas De 2 E.e. C/U), Estructura A-70, Construcción De Un Tramo De Barda Perimetral, En La Primaria General Benito Juárez, Con C.c.t. 13dpr2187i, Ubicada En La Localidad De Huejutla De Reyes, Municipio De Huejutla De Reyes."	"Huejutla De Reyes"	390	NA	"FAM 2024 13DPR2187I Benito Juarez"	TRUE
"1631_Huichapan"	1630	"Huichapan"	"Espacios Educativos"	2024	"Construcción De Un Módulo De Sanitarios, Estructura U1-C De 2 E.e., Rehabilitación General De Módulos Y Obra Exterior, En La Secundaria General Moisés Sáenz Con C.c.t. 13des0064e, Ubicada En La Localidad De Huichapan, Municipio De Huichapan."	"Huichapan"	617	NA	"FAM 2024 13DES0064E Moises Saenz"	TRUE
"1637_Huichapan"	1636	"Huichapan"	"Espacios Educativos"	2024	"Reestructuración De Techado En Plaza Cívica, En La Primaria General Benito Juárez Con C.c.t. 13dpr2358l, Ubicada En La Localidad De San José Atlan, Municipio De Huichapan."	"San Jose Atlan"	374	NA	"FAM 2024 13DPR2358L Benito Juarez"	TRUE
"1635_Huichapan"	1634	"Huichapan"	"Espacios Educativos"	2024	"Rehabilitación De Módulo De Sanitarios, Estructura Y Obra Exterior, En El Preescolar Profr. Paz Lozano Con C.c.t. 13djn0288c, Ubicado En La Localidad De Huichapan, Municipio De Huichapan"	"Huichapan"	196	NA	"FAM 2024 13DJN0288C Profr. Paz Lozano"	TRUE
"1655_Ixmiquilpan"	1654	"Ixmiquilpan"	"Espacios Educativos"	2024	"Rehabilitación General De Un Módulo Sanitarios, Estructura Regional 6.00 X 8.00, Readaptación De Taller De Conservación De Alimentos, Estructura U1-C De 5 E.e., Rehabilitación De Un Laboratorio De Computo, Estructura U1-C De 4 E.e., Rehabilitación De Un Módulo De 4 Aulas Didácticas, Estructura U1 -C De 2.5 E.e. C/U Y Obra Exterior, En La Secundaria General Ermilo Abreu Gómez, Con C.c.t. 13des0073m, Ubicada En La Localidad De Ixmiquilpan, Municipio De Ixmiquilpan."	"Ixmiquilpan"	556	NA	"FAM 2024 13DES0073M Ermilo Abreu Gomez"	TRUE
"1675_Jacala de Ledezma"	1674	"Jacala de Ledezma"	"Espacios Educativos"	2024	"Demolición De Un Módulo Atípico De 3 Aulas Didácticas, Construcción De Muro De Contención, Construcción De 3 Aulas Didácticas, Estructura Regional 6.00 X 8.00 Mts. Y Obra Exterior, En La Primaria General El Pensador Mexicano Con C.c.t. 13dpr1047b, Ubicada En La Localidad De Jacala, Municipio De Jacala De Ledezma."	"Jacala"	285	NA	"FAM 2024 13DPR1047B El Pensador Mexicano"	TRUE
"1679_La Misión"	1678	"La Misión"	"Espacios Educativos"	2024	"Demolición De Sanitarios Atípicos Y Depósito De Agua, Desmantelamiento De Techado En Patio Cívico, Construcción De Un Módulo De Sanitarios M-4, Estructura Regional Y Obra Exterior, En La Primaria General Veinte De Noviembre, Con C.c.t. 13dpr0190i, Ubicada En La Localidad De La Culebra, Municipio De La Misión."	"La Culebra"	26	NA	"FAM 2024 13DPR0190I Veinte De Noviembre"	TRUE
"1681_Metztitlán"	1680	"Metztitlán"	"Espacios Educativos"	2024	"Rehabilitación General De Un Módulo De 3 E.e. De 3.00 X 12.00 Mts., Estructura A-70 Para Taller De Conservación De Alimentos, En La Escuela Secundaria Técnica 5, Con C.c.t. 13dst0005h, Ubicada En La Localidad De Metztitlán, Municipio De Metztitlán."	"Metztitlan"	393	NA	"FAM 2024 13DST0005H Escuela Secundaria Tecnica 5"	TRUE
"1688_Mineral de la Reforma"	1687	"Mineral de la Reforma"	"Espacios Educativos"	2024	"Construcción De Taller De Diseño Arquitectónico De 4 E.e., Estructura U1-C, Rehabilitación General De Taller De Carpintería De 5 E.e., Estructura U1-C, Rehabilitación General De Módulo De 9 E.e. Estructura U1-C, Rehabilitación General De Módulo De Sanitarios De 2 E.e., Estructura U1-C, Rehabilitación Eléctrica General Y Obra Exterior, En La Secundaria General No.8, Maestros De México Con C.c.t. 13des0070p, Ubicada En Unidad Mineral 11 De Julio, Municipio De Mineral De La Reforma."	"Unidad Minera 11 De Julio"	777	NA	"FAM 2024 13DES0070P Maestros De Mexico"	TRUE
"1701_Mineral de la Reforma"	1700	"Mineral de la Reforma"	"Espacios Educativos"	2024	"Construcción De Un Aula Adosada, Estructura Regional (Zona Sísmica C Y D) 6.00 X 8.00 Mts. Y Obra Exterior, En La Primaria General Ramón G. Bonfil Con C.c.t. 13dpr0130u, Ubicada En La Localidad De La Reforma Municipio De Mineral De La Reforma."	"La Reforma"	179	NA	"FAM 2024 13DPR0130U Ramon G. Bonfil"	TRUE
"1702_Mineral de la Reforma"	1701	"Mineral de la Reforma"	"Espacios Educativos"	2024	"Rehabilitación Eléctrica Exterior (Alimentadores), En La Primaria General Benito Juárez, Con C.c.t. 13dpr2950n, Ubicada En La Localidad De El Saucillo Fraccionamiento, Municipio De Mineral De La Reforma."	"El Saucillo Fraccionamiento"	402	NA	"FAM 2024 13DPR2950N Benito Juarez"	TRUE
"1713_Mixquiahuala de Juárez"	1712	"Mixquiahuala de Juárez"	"Espacios Educativos"	2024	"Reestructuración De Techado En Plaza Cívica, En El Preescolar General Valentín Gómez Farías Con C.c.t. 13djn0269o, Ubicado En La Localidad De Mixquiahuala, Municipio De Mixquiahuala."	"Mixquiahuala De Juarez"	46	NA	"FAM 2024 13DJN0269O Valentin Gomez Farias"	TRUE
"1712_Mixquiahuala de Juárez"	1711	"Mixquiahuala de Juárez"	"Espacios Educativos"	2024	"Rehabilitación General De 1 Módulo De Sanitarios Atípico Y Obra Exterior, En La Primaria General Hogar Y Patria Con C.c.t. 13dpr0214b, Ubicada En La Localidad De Mixquiahuala (Colonia Morelos, El Nueve), Municipio De Mixquiahuala."	"Morelos (El Nueve) [Colonia]"	185	NA	"FAM 2024 13DPR0214B Hogar Y Patria"	TRUE
"1722_Pachuca de Soto"	1721	"Pachuca de Soto"	"Espacios Educativos"	2024	"Construcción De Obras Complementarias, En La Secundaria Técnica Salomón Nazar Ruiz Con C.c.t. 13dst0071g, Ubicada En La Localidad De Pachuca De Soto, Municipio De Pachuca De Soto."	"Pachuca De Soto"	473	NA	"FAM 2024 13DST0071G Salomon Nazar Ruiz"	TRUE
"1743_Pachuca de Soto"	1742	"Pachuca de Soto"	"Espacios Educativos"	2024	"Construcción De Un Módulo De Sanitarios M-4, Estructura Regional (Zona Sísmica C Y D), Construcción De Cisterna De Concreto De 10 M3 Y Obra Exterior, En La Primaria General 20 De Noviembre Con C.c.t. 13dpr2900f, Ubicada En La Localidad De Pachuca De Soto, Municipio De Pachuca De Soto."	"Pachuca De Soto"	154	NA	"FAM 2024 13DPR2900F 20 De Noviembre"	TRUE
"1721_Pachuca de Soto"	1720	"Pachuca de Soto"	"Espacios Educativos"	2024	"Construcción De Un Módulo De Sanitarios M-6, Estructura Regional (Zona Sísmica C Y D) 6.00 X 5.30 Mts. Y Obra Exterior, En La Primaria General Adolfo López Mateos, Con C.c.t. 13dpr2763t, Ubicada En La Localidad De Pachuca De Soto, Municipio De Pachuca De Soto."	"Pachuca De Soto"	175	NA	"FAM 2024 13DPR2763T Adolfo Lopez Mateos"	TRUE
"1747_Pachuca de Soto"	1746	"Pachuca de Soto"	"Espacios Educativos"	2024	"Demolición Y Construcción De Barda Perimetral, En La Primaria General Guadalupe Victoria, Con C.c.t. 13dpr0085y, Ubicada En La Localidad De Pachuca De Soto, Municipio De Pachuca De Soto."	"Pachuca De Soto"	222	NA	"FAM 2024 13DPR0085Y Guadalupe Victoria"	TRUE
"1737_Pachuca de Soto"	1736	"Pachuca de Soto"	"Espacios Educativos"	2024	"Rehabilitación De Un Módulo De Sanitarios, Estructura U1-C Y Rehabilitación Eléctrica General Exterior, En La Secundaria General Manuel Fernando Soto Pastrana Con C.c.t. 13des0101s, Ubicada En La Localidad De Pachuca De Soto, Municipio De Pachuca De Soto."	"Pachuca De Soto"	247	NA	"FAM 2024 13DES0101S Manuel Fernando Soto Pastrana"	TRUE
"1740_Pachuca de Soto"	1739	"Pachuca de Soto"	"Espacios Educativos"	2024	"Rehabilitación General De 1 Módulo De Sanitarios Estructura Regional 6.00 X 8.00 Mts. Y Rehabilitación Con Cambio De Impermeabilizante De 4 Módulos Estructura Regional, En La Escuela Primaria General Cuitláhuac Con C.c.t. 13dpr1932r, En La Localidad De Pachuca De Soto, Municipio De Pachuca De Soto."	"Pachuca De Soto"	243	NA	"FAM 2024 13DPR1932R Cuitlahuac"	TRUE
"1730_Pachuca de Soto"	1729	"Pachuca de Soto"	"Espacios Educativos"	2024	"Rehabilitación General De Un Módulo Atípico De Un Aula Didáctica Con Sustitución De Losa Por Cubierta De Lámina Multipanel Y Obra Exterior, En La Primaria General Ignacio Zaragoza Con C.c.t. 13dpr0354b, Ubicada En La Localidad De Huixmi, Municipio De Pachuca De Soto."	"El Huixmi"	269	NA	"FAM 2024 13DPR0354B Ignacio Zaragoza"	TRUE
"1725_Pachuca de Soto"	1724	"Pachuca de Soto"	"Espacios Educativos"	2024	"Sustitución De Cancelería De Un Módulo De 3 Aulas, Estructura Regional 6.00 X 8.00 Mts C/U, Rehabilitación Eléctrica General (Alimentadores) Y Obra Exterior, En La Primaria General Libertadores De América Con C.c.t. 13dpr0687q, Ubicada En La Localidad De Pachuca, Municipio De Pachuca De Soto."	"Pachuca De Soto"	311	NA	"FAM 2024 13DPR0687Q Libertadores De America"	TRUE
"1767_Progreso de Obregón"	1766	"Progreso de Obregón"	"Espacios Educativos"	2024	"Construcción De Laboratorio De Diseño Arquitectónico De 4 E.e. Y Construcción De Taller De Turismo De 6 E.e. Adosados, Estructura U1-C. Construcción De Laboratorio De Contabilidad De 4 E.e., Estructura U1-C Y Obra Exterior, En La Secundaria Técnica 63, Con C.c.t. 13dst0063y, Ubicada En La Localidad De Los Olivos, Municipio De Progreso De Obregón."	"Los Olivos"	334	NA	"FAM 2024 13DST0063Y Escuela Secundaria Tecnica 63"	TRUE
"1775_San Agustín Tlaxiaca"	1774	"San Agustín Tlaxiaca"	"Espacios Educativos"	2024	"Construcción De Un Aula Didáctica Adosada, Estructura Regional 6.00 X 8.00 Mts Y Obra Exterior, En La Primaria General Efrén Rebolledo Con C.c.t. 13dpr1529h, En La Localidad De Oriental De Zapata, Municipio De San Agustín Tlaxiaca"	"Oriental De Zapata"	206	NA	"FAM 2024 13DPR1529H Efren Rebolledo"	TRUE
"1771_San Agustín Tlaxiaca"	1770	"San Agustín Tlaxiaca"	"Espacios Educativos"	2024	"Construcción De Un Aula Didáctica, Estructura Regional (Zona Sísmica C Y D) 6.00 X 8.00 Mts. Y Obra Exterior En La Primaria General María Isabel Ordaz Camacho Con C.c.t. 13dpr1037v, Ubicada En La Localidad De Nueva Tlaxiaca, Municipio De San Agustín Tlaxiaca."	"Nueva Tlaxiaca"	315	NA	"FAM 2024 13DPR1037V Maria Isabel Ordaz Camacho"	TRUE
"1783_San Salvador"	1782	"San Salvador"	"Espacios Educativos"	2024	"Rehabilitación De Módulo De Sanitarios Anexo Con Dirección, Estructura Regional 6.00 X 8.00 Mts. Y Obra Exterior, En La Primaria General Miguel Hidalgo, Con. C.c.t. 13dpr1241f, Ubicada En La Localidad De Caxuxi, Municipio De San Salvador."	"Caxuxi"	323	NA	"FAM 2024 13DPR1241F Miguel Hidalgo"	TRUE
"1782_San Salvador"	1781	"San Salvador"	"Espacios Educativos"	2024	"Rehabilitación General De Un Módulo De Sanitarios Anexo Con Dirección, En Un Módulo De 4 E.e., Estructura Regional 6.00 X 8.00 Mts Y Obra Exterior, En El Preescolar General México, Con C.c.t. 13djn0090t, Ubicada En La Localidad De San Antonio Zaragoza, Municipio De San Salvador."	"San Antonio Zaragoza"	75	NA	"FAM 2024 13DJN0090T Mexico"	TRUE
"1798_Tasquillo"	1797	"Tasquillo"	"Espacios Educativos"	2024	"Rehabilitación General De Dos Módulos De 5 E.e. C/U, Estructura Hm, Con Sustitución De Cubierta Por Lamina Multipanel Y Obra Exterior, En El Preescolar General Vicente Suárez, Con C.c.t. 13djn0109a, Ubicado En La Localidad De Tasquillo, Municipio De Tasquillo."	"Tasquillo"	97	NA	"FAM 2024 13DJN0109A Vicente Suarez"	TRUE
"1806_Tecozautla"	1805	"Tecozautla"	"Espacios Educativos"	2024	"Construcción De Un Aula Didáctica, Estructura Regional (Zona Sísmica C Y D) 6.00 X 8.00 Mts. Y Obra Exterior, En La Primaria General Veinte De Noviembre, Con C.c.t. 13dpr0514z, Ubicada En La Localidad De Pañhe, Municipio De Tecozautla."	"Pañhe"	356	NA	"FAM 2024 13DPR0514Z Veinte De Noviembre"	TRUE
"1811_Tecozautla"	1810	"Tecozautla"	"Espacios Educativos"	2024	"Demolición De Módulo Atípico De Dos Niveles, Construcción De Un Módulo De Sanitarios M-10, Estructura Regional (Zona Sísmica C Y D) 6.50 X 8.00 Mts., Construcción De Cisterna De Concreto De 10 M3, Reposición De Barda Perimetral Y Obra Exterior, En La Primaria General Lic. Benito Juárez, Con C.c.t. 13dpr1197i, Ubicada En La Localidad De La Mesilla, Municipio De Tecozautla."	"La Mesilla"	197	NA	"FAM 2024 13DPR1197I Lic. Benito Juarez"	TRUE
"1822_Tenango de Doria"	1821	"Tenango de Doria"	"Espacios Educativos"	2024	"Modulo B “Edificación De Modulo De Docencia” (Dos Niveles 11 Aulas – Núcleo De Baños) Primera Etapa, En La Universidad Intercultural Del Estado De Hidalgo, Con C.c.t. 13eiu0001c, Ubicado En La Localidad De El Desdaví, Municipio De Tenango De Doria."	"El Desdavi"	611	NA	"FAM 2024 13EIU0001C Universidad Intercultural Del Estado De Hidalgo"	TRUE
"1838_Tepeji del Río de Ocampo"	1837	"Tepeji del Río de Ocampo"	"Espacios Educativos"	2024	"Construcción De Un Aula Didáctica, Estructura Regional (Zona Sísmica C Y D) 6.00 X 8.00 Mts. Y Obra Exterior, En La Primaria General Benito Juárez, Con C.c.t. 13dpr1462q, Ubicada En La Localidad De Santiago Tlaltepoxco, Municipio De Tepeji Del Rio De Ocampo."	"Santiago Tlaltepoxco"	153	NA	"FAM 2024 13DPR1462Q Benito Juarez"	TRUE
"1833_Tepeji del Río de Ocampo"	1832	"Tepeji del Río de Ocampo"	"Espacios Educativos"	2024	"Demolición De Barda Perimetral Existente Y Construcción De Barda En Reposición En La Telesecundaria 330, Con C.c.t. 13dtv0163k, Ubicada En La Localidad De Santiago Tlapanaloya, Municipio De Tepeji Del Rio De Ocampo."	"Santiago Tlapanaloya"	89	NA	"FAM 2024 13DTV0163K Telesecundaria 330"	TRUE
"1846_Tezontepec de Aldama"	1845	"Tezontepec de Aldama"	"Espacios Educativos"	2024	"Reestructuración De Techado De Plaza Cívica, En La Primaria General Juan Aldama Con C.c.t. 13dpr1441d, Ubicada En La Localidad De Tezontepec, Municipio De Tezontepec De Aldama"	"Tezontepec De Aldama"	712	NA	"FAM 2024 13DPR1441D Juan Aldama"	TRUE
"1863_Tizayuca"	1862	"Tizayuca"	"Espacios Educativos"	2024	"Construcción De Barda Perimetral, En El Prescolar General Francisco Gabilondo Soler Cri Cri Con C.c.t. 13djn158l, Ubicado En La Localidad De Pachuca, Municipio De Pachuca De Soto."	"Emiliano Zapata"	91	NA	"FAM 2024 13DJN1583L Rodolfo Neri Vela"	TRUE
"1882_Tizayuca"	1881	"Tizayuca"	"Espacios Educativos"	2024	"Construcción De Dirección, Estructura Regional, (Zona Sísmica C Y D) 6.00 X 8.00 Mts., Ampliación De Módulo De Sanitarios, Estructura Regional (Zona Sísmica C Y D) 6.50 X 8.00 Mts. Y Obra Exterior, En La Primaria General Matilde Montoya Lafragua, Con C.c.t. 13dpr0806n, Ubicada En La Localidad De Emiliano Zapata, Municipio De Tizayuca."	"Emiliano Zapata"	220	NA	"FAM 2024 13DPR0806N Matilde Montoya Lafragua"	TRUE
"1859_Tizayuca"	1858	"Tizayuca"	"Espacios Educativos"	2024	"Construcción De Laboratorio De Computo De 4 E.e., Estructura U1-C Y Obra Exterior, En La Secundaria General Antonio Cuadrini D'palma, Con C.c.t. 13des0115v, Ubicado En La Localidad De Don Antonio, Municipio De Tizayuca."	"Don Antonio"	483	NA	"FAM 2024 13DES0115V Antonio Cuadrini D' Palma"	TRUE
"1860_Tizayuca"	1859	"Tizayuca"	"Espacios Educativos"	2024	"Construcción De Un Aula Didáctica De 3 E.e. Adosada, Estructura U1-C Y Obra Exterior, En La Secundaria General Profr. Arnulfo Pacheco Cruz, Con C.c.t. 13des0108l, Ubicada En La Localidad De El Cid, Municipio De Tizayuca."	"El Cid"	609	NA	"FAM 2024 13DES0108L Profr. Arnulfo Pacheco Cruz"	TRUE
"1861_Tizayuca"	1860	"Tizayuca"	"Espacios Educativos"	2024	"Construcción De Un Aula Didáctica, Estructura Regional (Zona Sísmica C Y D) 6.00 X 8.00 Mts. Y Obra Exterior, En La Telesecundaria 189 Con C.c.t. 13dtv0219w, Ubicada En La Localidad De Tepojaco, Municipio De Tizayuca"	"Tepojaco"	510	NA	"FAM 2024 13DTV0219W Telesecundaria 189"	TRUE
"1866_Tizayuca"	1865	"Tizayuca"	"Espacios Educativos"	2024	"Reestructuración De Techado De Plaza Cívica, En La Primaria General Juan De Dios Rodríguez Heredia, Con C.c.t. 13dpr0146v, Ubicada En La Localidad De El Cid, Municipio De Tizayuca."	"El Cid"	245	NA	"FAM 2024 13DPR0146V Juan De Dios Rodriguez Heredia"	TRUE
"1881_Tizayuca"	1880	"Tizayuca"	"Espacios Educativos"	2024	"Rehabilitación De 2 Módulos Sanitarios, Estructura Atípica De 2 E.e. C/U Y Obra Exterior, En La Primaria General Niños Héroes, Con C.c.t. 13dpr2957g, Ubicada En La Localidad Los Héroes Tizayuca, Municipio De Tizayuca."	"Los Heroes Tizayuca"	700	NA	"FAM 2024 13DPR2957G Niños Heroes"	TRUE
"1877_Tizayuca"	1876	"Tizayuca"	"Espacios Educativos"	2024	"Rehabilitación General De Un Módulo De Sanitarios Atípico, Rehabilitación General De Un Módulo De Dirección Atípica Y Obra Exterior, En La Primaria General Sor Juana Inés De La Cruz, Con C.c.t. 13dpr2977u, Ubicada En La Localidad De Tizayuca, Municipio De Tizayuca."	"Tizayuca"	199	NA	"FAM 2024 13DPR2977U Sor Juana Ines De La Cruz"	TRUE
"1896_Tlanalapa"	1895	"Tlanalapa"	"Espacios Educativos"	2024	"Construcción De Un Módulo De Sanitarios M-8, Estructura Regional (Zona Sísmica C Y D) 6.50 X 8.00 Mts. Y Obra Exterior, En La Primaria General Cuauhtémoc, Con C.c.t. 13dpr2393r, Ubicada En La Localidad De Tlanalapa, Municipio De Tlanalapa."	"Tlanalapa"	287	NA	"FAM 2024 13DPR2393R Cuauhtemoc"	TRUE
"1895_Tlanalapa"	1894	"Tlanalapa"	"Espacios Educativos"	2024	"Rehabilitación General De Módulo A De 4 E. E., Que Alberga Dos Aulas Didácticas, Dirección Y Sanitarios, Pórtico De Acceso Y Reestructuración De Techado De Plaza Cívica, En El Jardín De Niños Profra. Juana Luna Samperio Con C.c.t. 13djn0091s, Ubicada En La Localidad De Tlanalapa, Municipio De Tlanalapa."	"Tlanalapa"	51	NA	"FAM 2024 13DJN0091S Profra. Juana Luna Samperio"	TRUE
"1909_Tolcayuca"	1908	"Tolcayuca"	"Espacios Educativos"	2024	"Rehabilitación General De Servicios Sanitarios, Estructura Atípica, En La Primaria General Elisa Acuña Rossetti, Con C.c.t. 13dpr0809k, Ubicada En La Localidad Bosques De Ibiza, Municipio De Tolcayuca."	"Bosques De Ibiza"	361	NA	"FAM 2024 13DPR0809K Elisa Acuña Rossetti"	TRUE
"1928_Tulancingo de Bravo"	1927	"Tulancingo de Bravo"	"Espacios Educativos"	2024	"Construcción De Un Aula Didáctica, Estructura Regional (Zona Sísmica C Y D) 6.00 X 8.00 Mts, Construcción De Dos Muros De Contención Y Obra Exterior, En La Primaria Indígena Tierra Y Libertad Con C.c.t. 13dpb0714w, Ubicada En La Localidad De Viveros De La Loma, Municipio De Tulancingo De Bravo."	"Viveros De La Loma"	169	NA	"FAM 2024 13DPB0714W Tierra Y Libertad"	TRUE
"1924_Tulancingo de Bravo"	1923	"Tulancingo de Bravo"	"Espacios Educativos"	2024	"Demolición De Módulo Atípico Y Construcción De Un Módulo De 4 E.e., Estructura Regional (Zona Sísmica C Y D) 6.00 X 8.00 Mts. Y Obra Exterior, En La Primaria General Juan Escutia, Con C.c.t. 13dpr2863s, Ubicada En La Localidad De Tulancingo, Municipio De Tulancingo De Bravo."	"Tulancingo"	271	NA	"FAM 2024 13DPR2863S Juan Escutia"	TRUE
"1925_Tulancingo de Bravo"	1924	"Tulancingo de Bravo"	"Espacios Educativos"	2024	"Rehabilitación General De Un Módulo De 5 Aulas Didácticas Atípicas Y Obra Exterior En La Primaria General Lázaro Cárdenas Con C.c.t. 13dpr2629n, Ubicada En La Localidad De Jaltepec, Municipio De Tulancingo De Bravo"	"Jaltepec"	512	NA	"FAM 2024 13DPR2629N Lazaro Cardenas"	TRUE
"1941_Zapotlán de Juárez"	1940	"Zapotlán de Juárez"	"Espacios Educativos"	2024	"Construcción De Un Aula Didáctica Adosada De 3 E.e., Estructura U1-C, Construcción De Fosa Séptica Y Pozo De Absorción Y Obra Exterior, En La Secundaria General Juan Guillermo Villasana López, Con C.c.t 13des0112y, Ubicada En La Localidad De Zapotlán De Juárez, Municipio De Zapotlán De Juárez"	"Zapotlan De Juarez"	408	NA	"FAM 2024 13DES0112Y Juan Guillermo Villasana Lopez"	TRUE
"1951_Zempoala"	1950	"Zempoala"	"Espacios Educativos"	2024	"Construcción De Un Módulo De 2 Aulas Didácticas, En Estructura Regional (Zona Sísmica C Y D) 6.00 X 8.00 Mts. Cada Una Y Obra Exterior, En La Telesecundaria 17 Con C.c.t. 13dtv0393c, Ubicada En La Localidad De Nueva Esperanza, Municipio De Zempoala."	"Nueva Esperanza"	221	NA	"FAM 2024 13DTV0393C Telesecundaria 17"	TRUE
"1955_Zempoala"	1954	"Zempoala"	"Espacios Educativos"	2024	"Rehabilitación General De Un Módulo De Sanitarios Anexo Con Dirección, En Un Módulo De 4 E.e. Estructura Regional 6.00 X 8.00 Mts. En La Telesecundaria 136 Con C.c.t. 13dtv0132r, Ubicada En La Localidad De San Gabriel Azteca, Municipio De Zempoala"	"San Gabriel Azteca"	119	NA	"FAM 2024 13DTV0132R Telesecundaria 136"	TRUE
"1948_Zempoala"	1947	"Zempoala"	"Espacios Educativos"	2024	"Renivelación E Impermeabilización De Losa, En Tres Módulos, Estructura Atípica, En La Primaria General Ignacio Allende Con C.c.t. 13dpr0872m, Ubicada En La Localidad De Francisco Villa Municipio De Zempoala"	"Francisco Villa"	97	NA	"FAM 2024 13DPR0872M Ignacio Allende"	TRUE
"1961_Zimapán"	1960	"Zimapán"	"Espacios Educativos"	2024	"Construcción De Un Módulo De 5 E.e., En Estructura U2-C Que Contempla: Dos Aulas Didácticas De 2 E.e., C/U, Escalera Y Obra Exterior, La Primaria Indígena Nueva Reforma Con C.c.t. 13dpb0744q, Ubicada En La Localidad De Zimapán, Municipio De Zimapán."	"Zimapan"	175	NA	"FAM 2024 13DPB0744Q Nueva Reforma"	TRUE
"1957_Zimapán"	1956	"Zimapán"	"Espacios Educativos"	2024	"Rehabilitación General De Un Módulo De 2 Aulas Didácticas, Dirección Con Sanitarios, Estructura Regional, Con Sustitución De Losa De Concreto Por Lamina Multipanel Y Obra Exterior, En El Preescolar General Rosaura Zapata, Con C.c.t. 13djn0108b, Ubicado En La Localidad De Zimapán, Municipio De Zimapán."	"Zimapan"	172	NA	"FAM 2024 13DJN0108B Rosaura Zapata"	TRUE
"275_Omitlán de Juárez"	275	"Omitlán de Juárez"	"Infraestructura Hídrica"	2022	"Inversión de 6.3 mdp se llevó a cabo la reparación y mantenimiento de equipos de bombeo, para el abastecimiento de agua potable de los 15 municipios que presta el servicio CAASIM"	"Varias"	NA	"CAASIM"	"Considera los trabajos de reparación y mantenimiento de equipos de bombeo en varias localidades del Estado."	TRUE
"275_El Arenal"	275	"El Arenal"	"Infraestructura Hídrica"	2022	"Inversión de 6.3 mdp se llevó a cabo la reparación y mantenimiento de equipos de bombeo, para el abastecimiento de agua potable de los 15 municipios que presta el servicio CAASIM"	"Varias"	NA	"CAASIM"	"Considera los trabajos de reparación y mantenimiento de equipos de bombeo en varias localidades del Estado."	TRUE
"275_Pachuca de Soto"	275	"Pachuca de Soto"	"Infraestructura Hídrica"	2022	"Inversión de 6.3 mdp se llevó a cabo la reparación y mantenimiento de equipos de bombeo, para el abastecimiento de agua potable de los 15 municipios que presta el servicio CAASIM"	"Varias"	NA	"CAASIM"	"Considera los trabajos de reparación y mantenimiento de equipos de bombeo en varias localidades del Estado."	TRUE
"275_Zempoala"	275	"Zempoala"	"Infraestructura Hídrica"	2022	"Inversión de 6.3 mdp se llevó a cabo la reparación y mantenimiento de equipos de bombeo, para el abastecimiento de agua potable de los 15 municipios que presta el servicio CAASIM"	"Varias"	NA	"CAASIM"	"Considera los trabajos de reparación y mantenimiento de equipos de bombeo en varias localidades del Estado."	TRUE
"275_Epazoyucan"	275	"Epazoyucan"	"Infraestructura Hídrica"	2022	"Inversión de 6.3 mdp se llevó a cabo la reparación y mantenimiento de equipos de bombeo, para el abastecimiento de agua potable de los 15 municipios que presta el servicio CAASIM"	"Varias"	NA	"CAASIM"	"Considera los trabajos de reparación y mantenimiento de equipos de bombeo en varias localidades del Estado."	TRUE
"275_Mineral de la Reforma"	275	"Mineral de la Reforma"	"Infraestructura Hídrica"	2022	"Inversión de 6.3 mdp se llevó a cabo la reparación y mantenimiento de equipos de bombeo, para el abastecimiento de agua potable de los 15 municipios que presta el servicio CAASIM"	"Varias"	NA	"CAASIM"	"Considera los trabajos de reparación y mantenimiento de equipos de bombeo en varias localidades del Estado."	TRUE
"275_Mineral del Monte"	275	"Mineral del Monte"	"Infraestructura Hídrica"	2022	"Inversión de 6.3 mdp se llevó a cabo la reparación y mantenimiento de equipos de bombeo, para el abastecimiento de agua potable de los 15 municipios que presta el servicio CAASIM"	"Varias"	NA	"CAASIM"	"Considera los trabajos de reparación y mantenimiento de equipos de bombeo en varias localidades del Estado."	TRUE
"275_Villa de Tezontepec"	275	"Villa de Tezontepec"	"Infraestructura Hídrica"	2022	"Inversión de 6.3 mdp se llevó a cabo la reparación y mantenimiento de equipos de bombeo, para el abastecimiento de agua potable de los 15 municipios que presta el servicio CAASIM"	"Varias"	NA	"CAASIM"	"Considera los trabajos de reparación y mantenimiento de equipos de bombeo en varias localidades del Estado."	TRUE
"275_Tepeapulco"	275	"Tepeapulco"	"Infraestructura Hídrica"	2022	"Inversión de 6.3 mdp se llevó a cabo la reparación y mantenimiento de equipos de bombeo, para el abastecimiento de agua potable de los 15 municipios que presta el servicio CAASIM"	"Varias"	NA	"CAASIM"	"Considera los trabajos de reparación y mantenimiento de equipos de bombeo en varias localidades del Estado."	TRUE
"275_Singuilucan"	275	"Singuilucan"	"Infraestructura Hídrica"	2022	"Inversión de 6.3 mdp se llevó a cabo la reparación y mantenimiento de equipos de bombeo, para el abastecimiento de agua potable de los 15 municipios que presta el servicio CAASIM"	"Varias"	NA	"CAASIM"	"Considera los trabajos de reparación y mantenimiento de equipos de bombeo en varias localidades del Estado."	TRUE
"275_San Agustín Tlaxiaca"	275	"San Agustín Tlaxiaca"	"Infraestructura Hídrica"	2022	"Inversión de 6.3 mdp se llevó a cabo la reparación y mantenimiento de equipos de bombeo, para el abastecimiento de agua potable de los 15 municipios que presta el servicio CAASIM"	"Varias"	NA	"CAASIM"	"Considera los trabajos de reparación y mantenimiento de equipos de bombeo en varias localidades del Estado."	TRUE
"275_Tlanalapa"	275	"Tlanalapa"	"Infraestructura Hídrica"	2022	"Inversión de 6.3 mdp se llevó a cabo la reparación y mantenimiento de equipos de bombeo, para el abastecimiento de agua potable de los 15 municipios que presta el servicio CAASIM"	"Varias"	NA	"CAASIM"	"Considera los trabajos de reparación y mantenimiento de equipos de bombeo en varias localidades del Estado."	TRUE
"275_Zapotlán de Juárez"	275	"Zapotlán de Juárez"	"Infraestructura Hídrica"	2022	"Inversión de 6.3 mdp se llevó a cabo la reparación y mantenimiento de equipos de bombeo, para el abastecimiento de agua potable de los 15 municipios que presta el servicio CAASIM"	"Varias"	NA	"CAASIM"	"Considera los trabajos de reparación y mantenimiento de equipos de bombeo en varias localidades del Estado."	TRUE
"275_Mineral del Chico"	275	"Mineral del Chico"	"Infraestructura Hídrica"	2022	"Inversión de 6.3 mdp se llevó a cabo la reparación y mantenimiento de equipos de bombeo, para el abastecimiento de agua potable de los 15 municipios que presta el servicio CAASIM"	"Varias"	NA	"CAASIM"	"Considera los trabajos de reparación y mantenimiento de equipos de bombeo en varias localidades del Estado."	TRUE
"275_Tolcayuca"	275	"Tolcayuca"	"Infraestructura Hídrica"	2022	"Inversión de 6.3 mdp se llevó a cabo la reparación y mantenimiento de equipos de bombeo, para el abastecimiento de agua potable de los 15 municipios que presta el servicio CAASIM"	"Varias"	NA	"CAASIM"	"Considera los trabajos de reparación y mantenimiento de equipos de bombeo en varias localidades del Estado."	TRUE
"931_El Arenal"	931	"El Arenal"	"Infraestructura Hídrica"	2024	"Telemetría y control en zona de cobertura de la CAASIM"	"Varias"	NA	"CAASIM"	"Se ejecutan acciones para la ejecución de obras en Infraestructura hídrica."	TRUE
"931_Mineral del Monte"	931	"Mineral del Monte"	"Infraestructura Hídrica"	2024	"Telemetría y control en zona de cobertura de la CAASIM"	"Varias"	NA	"CAASIM"	"Se ejecutan acciones para la ejecución de obras en Infraestructura hídrica."	TRUE
"931_Epazoyucan"	931	"Epazoyucan"	"Infraestructura Hídrica"	2024	"Telemetría y control en zona de cobertura de la CAASIM"	"Varias"	NA	"CAASIM"	"Se ejecutan acciones para la ejecución de obras en Infraestructura hídrica."	TRUE
"931_Tlanalapa"	931	"Tlanalapa"	"Infraestructura Hídrica"	2024	"Telemetría y control en zona de cobertura de la CAASIM"	"Varias"	NA	"CAASIM"	"Se ejecutan acciones para la ejecución de obras en Infraestructura hídrica."	TRUE
"931_Mineral de la Reforma"	931	"Mineral de la Reforma"	"Infraestructura Hídrica"	2024	"Telemetría y control en zona de cobertura de la CAASIM"	"Varias"	NA	"CAASIM"	"Se ejecutan acciones para la ejecución de obras en Infraestructura hídrica."	TRUE
"931_San Agustín Tlaxiaca"	931	"San Agustín Tlaxiaca"	"Infraestructura Hídrica"	2024	"Telemetría y control en zona de cobertura de la CAASIM"	"Varias"	NA	"CAASIM"	"Se ejecutan acciones para la ejecución de obras en Infraestructura hídrica."	TRUE
"931_Tepeapulco"	931	"Tepeapulco"	"Infraestructura Hídrica"	2024	"Telemetría y control en zona de cobertura de la CAASIM"	"Varias"	NA	"CAASIM"	"Se ejecutan acciones para la ejecución de obras en Infraestructura hídrica."	TRUE
"931_Singuilucan"	931	"Singuilucan"	"Infraestructura Hídrica"	2024	"Telemetría y control en zona de cobertura de la CAASIM"	"Varias"	NA	"CAASIM"	"Se ejecutan acciones para la ejecución de obras en Infraestructura hídrica."	TRUE
"931_Mineral del Chico"	931	"Mineral del Chico"	"Infraestructura Hídrica"	2024	"Telemetría y control en zona de cobertura de la CAASIM"	"Varias"	NA	"CAASIM"	"Se ejecutan acciones para la ejecución de obras en Infraestructura hídrica."	TRUE
"931_Pachuca de Soto"	931	"Pachuca de Soto"	"Infraestructura Hídrica"	2024	"Telemetría y control en zona de cobertura de la CAASIM"	"Varias"	NA	"CAASIM"	"Se ejecutan acciones para la ejecución de obras en Infraestructura hídrica."	TRUE
"931_Zempoala"	931	"Zempoala"	"Infraestructura Hídrica"	2024	"Telemetría y control en zona de cobertura de la CAASIM"	"Varias"	NA	"CAASIM"	"Se ejecutan acciones para la ejecución de obras en Infraestructura hídrica."	TRUE
"931_Villa de Tezontepec"	931	"Villa de Tezontepec"	"Infraestructura Hídrica"	2024	"Telemetría y control en zona de cobertura de la CAASIM"	"Varias"	NA	"CAASIM"	"Se ejecutan acciones para la ejecución de obras en Infraestructura hídrica."	TRUE
"931_Zapotlán de Juárez"	931	"Zapotlán de Juárez"	"Infraestructura Hídrica"	2024	"Telemetría y control en zona de cobertura de la CAASIM"	"Varias"	NA	"CAASIM"	"Se ejecutan acciones para la ejecución de obras en Infraestructura hídrica."	TRUE
"932_El Arenal"	932	"El Arenal"	"Infraestructura Hídrica"	2024	"Adquisición de equipos de bombeo para la zona de influencia de la CAASIM."	"Varias"	NA	"CAASIM"	"Considera la adquisición de equipos de bombeo en el municipio de Pachuca de Soto."	TRUE
"932_Tepeapulco"	932	"Tepeapulco"	"Infraestructura Hídrica"	2024	"Adquisición de equipos de bombeo para la zona de influencia de la CAASIM."	"Varias"	NA	"CAASIM"	"Considera la adquisición de equipos de bombeo en el municipio de Pachuca de Soto."	TRUE
"932_Epazoyucan"	932	"Epazoyucan"	"Infraestructura Hídrica"	2024	"Adquisición de equipos de bombeo para la zona de influencia de la CAASIM."	"Varias"	NA	"CAASIM"	"Considera la adquisición de equipos de bombeo en el municipio de Pachuca de Soto."	TRUE
"932_San Agustín Tlaxiaca"	932	"San Agustín Tlaxiaca"	"Infraestructura Hídrica"	2024	"Adquisición de equipos de bombeo para la zona de influencia de la CAASIM."	"Varias"	NA	"CAASIM"	"Considera la adquisición de equipos de bombeo en el municipio de Pachuca de Soto."	TRUE
"932_Tlanalapa"	932	"Tlanalapa"	"Infraestructura Hídrica"	2024	"Adquisición de equipos de bombeo para la zona de influencia de la CAASIM."	"Varias"	NA	"CAASIM"	"Considera la adquisición de equipos de bombeo en el municipio de Pachuca de Soto."	TRUE
"932_Zapotlán de Juárez"	932	"Zapotlán de Juárez"	"Infraestructura Hídrica"	2024	"Adquisición de equipos de bombeo para la zona de influencia de la CAASIM."	"Varias"	NA	"CAASIM"	"Considera la adquisición de equipos de bombeo en el municipio de Pachuca de Soto."	TRUE
"932_Mineral del Chico"	932	"Mineral del Chico"	"Infraestructura Hídrica"	2024	"Adquisición de equipos de bombeo para la zona de influencia de la CAASIM."	"Varias"	NA	"CAASIM"	"Considera la adquisición de equipos de bombeo en el municipio de Pachuca de Soto."	TRUE
"932_Villa de Tezontepec"	932	"Villa de Tezontepec"	"Infraestructura Hídrica"	2024	"Adquisición de equipos de bombeo para la zona de influencia de la CAASIM."	"Varias"	NA	"CAASIM"	"Considera la adquisición de equipos de bombeo en el municipio de Pachuca de Soto."	TRUE
"932_Singuilucan"	932	"Singuilucan"	"Infraestructura Hídrica"	2024	"Adquisición de equipos de bombeo para la zona de influencia de la CAASIM."	"Varias"	NA	"CAASIM"	"Considera la adquisición de equipos de bombeo en el municipio de Pachuca de Soto."	TRUE
"932_Zempoala"	932	"Zempoala"	"Infraestructura Hídrica"	2024	"Adquisición de equipos de bombeo para la zona de influencia de la CAASIM."	"Varias"	NA	"CAASIM"	"Considera la adquisición de equipos de bombeo en el municipio de Pachuca de Soto."	TRUE
"932_Mineral del Monte"	932	"Mineral del Monte"	"Infraestructura Hídrica"	2024	"Adquisición de equipos de bombeo para la zona de influencia de la CAASIM."	"Varias"	NA	"CAASIM"	"Considera la adquisición de equipos de bombeo en el municipio de Pachuca de Soto."	TRUE
"932_Mineral de la Reforma"	932	"Mineral de la Reforma"	"Infraestructura Hídrica"	2024	"Adquisición de equipos de bombeo para la zona de influencia de la CAASIM."	"Varias"	NA	"CAASIM"	"Considera la adquisición de equipos de bombeo en el municipio de Pachuca de Soto."	TRUE
"932_Pachuca de Soto"	932	"Pachuca de Soto"	"Infraestructura Hídrica"	2024	"Adquisición de equipos de bombeo para la zona de influencia de la CAASIM."	"Varias"	NA	"CAASIM"	"Considera la adquisición de equipos de bombeo en el municipio de Pachuca de Soto."	TRUE
"933_Epazoyucan"	933	"Epazoyucan"	"Infraestructura Hídrica"	2024	"Contrucción, ampliación y rehabilitación de obra civil, en la zona de influencia de la CAASIM en los bienes inmuebles no propiedad de la CAASIM-2024"	"Varias"	NA	"CAASIM"	"Se ejecutan acciones para la ejecución de obras en Infraestructura hídrica."	TRUE
"933_Mineral del Chico"	933	"Mineral del Chico"	"Infraestructura Hídrica"	2024	"Contrucción, ampliación y rehabilitación de obra civil, en la zona de influencia de la CAASIM en los bienes inmuebles no propiedad de la CAASIM-2024"	"Varias"	NA	"CAASIM"	"Se ejecutan acciones para la ejecución de obras en Infraestructura hídrica."	TRUE
"933_Mineral de la Reforma"	933	"Mineral de la Reforma"	"Infraestructura Hídrica"	2024	"Contrucción, ampliación y rehabilitación de obra civil, en la zona de influencia de la CAASIM en los bienes inmuebles no propiedad de la CAASIM-2024"	"Varias"	NA	"CAASIM"	"Se ejecutan acciones para la ejecución de obras en Infraestructura hídrica."	TRUE
"933_San Agustín Tlaxiaca"	933	"San Agustín Tlaxiaca"	"Infraestructura Hídrica"	2024	"Contrucción, ampliación y rehabilitación de obra civil, en la zona de influencia de la CAASIM en los bienes inmuebles no propiedad de la CAASIM-2024"	"Varias"	NA	"CAASIM"	"Se ejecutan acciones para la ejecución de obras en Infraestructura hídrica."	TRUE
"933_El Arenal"	933	"El Arenal"	"Infraestructura Hídrica"	2024	"Contrucción, ampliación y rehabilitación de obra civil, en la zona de influencia de la CAASIM en los bienes inmuebles no propiedad de la CAASIM-2024"	"Varias"	NA	"CAASIM"	"Se ejecutan acciones para la ejecución de obras en Infraestructura hídrica."	TRUE
"933_Singuilucan"	933	"Singuilucan"	"Infraestructura Hídrica"	2024	"Contrucción, ampliación y rehabilitación de obra civil, en la zona de influencia de la CAASIM en los bienes inmuebles no propiedad de la CAASIM-2024"	"Varias"	NA	"CAASIM"	"Se ejecutan acciones para la ejecución de obras en Infraestructura hídrica."	TRUE
"933_Zempoala"	933	"Zempoala"	"Infraestructura Hídrica"	2024	"Contrucción, ampliación y rehabilitación de obra civil, en la zona de influencia de la CAASIM en los bienes inmuebles no propiedad de la CAASIM-2024"	"Varias"	NA	"CAASIM"	"Se ejecutan acciones para la ejecución de obras en Infraestructura hídrica."	TRUE
"933_Zapotlán de Juárez"	933	"Zapotlán de Juárez"	"Infraestructura Hídrica"	2024	"Contrucción, ampliación y rehabilitación de obra civil, en la zona de influencia de la CAASIM en los bienes inmuebles no propiedad de la CAASIM-2024"	"Varias"	NA	"CAASIM"	"Se ejecutan acciones para la ejecución de obras en Infraestructura hídrica."	TRUE
"933_Pachuca de Soto"	933	"Pachuca de Soto"	"Infraestructura Hídrica"	2024	"Contrucción, ampliación y rehabilitación de obra civil, en la zona de influencia de la CAASIM en los bienes inmuebles no propiedad de la CAASIM-2024"	"Varias"	NA	"CAASIM"	"Se ejecutan acciones para la ejecución de obras en Infraestructura hídrica."	TRUE
"933_Tepeapulco"	933	"Tepeapulco"	"Infraestructura Hídrica"	2024	"Contrucción, ampliación y rehabilitación de obra civil, en la zona de influencia de la CAASIM en los bienes inmuebles no propiedad de la CAASIM-2024"	"Varias"	NA	"CAASIM"	"Se ejecutan acciones para la ejecución de obras en Infraestructura hídrica."	TRUE
"933_Tlanalapa"	933	"Tlanalapa"	"Infraestructura Hídrica"	2024	"Contrucción, ampliación y rehabilitación de obra civil, en la zona de influencia de la CAASIM en los bienes inmuebles no propiedad de la CAASIM-2024"	"Varias"	NA	"CAASIM"	"Se ejecutan acciones para la ejecución de obras en Infraestructura hídrica."	TRUE
"933_Mineral del Monte"	933	"Mineral del Monte"	"Infraestructura Hídrica"	2024	"Contrucción, ampliación y rehabilitación de obra civil, en la zona de influencia de la CAASIM en los bienes inmuebles no propiedad de la CAASIM-2024"	"Varias"	NA	"CAASIM"	"Se ejecutan acciones para la ejecución de obras en Infraestructura hídrica."	TRUE
"933_Villa de Tezontepec"	933	"Villa de Tezontepec"	"Infraestructura Hídrica"	2024	"Contrucción, ampliación y rehabilitación de obra civil, en la zona de influencia de la CAASIM en los bienes inmuebles no propiedad de la CAASIM-2024"	"Varias"	NA	"CAASIM"	"Se ejecutan acciones para la ejecución de obras en Infraestructura hídrica."	TRUE
"1214_Pachuca de Soto"	1214	"Pachuca de Soto"	"Infraestructura Hídrica"	2022	"Inversión de 3 mdp en la adquisición de 5 equipos de bombeo de Tizayuca, Téllez y Pachuca."	"Varias"	NA	"CAASIM"	"Considera la adquisición de equipos de bombeo en Tizayuca y Pachuca."	TRUE
"1214_Tizayuca"	1214	"Tizayuca"	"Infraestructura Hídrica"	2022	"Inversión de 3 mdp en la adquisición de 5 equipos de bombeo de Tizayuca, Téllez y Pachuca."	"Varias"	NA	"CAASIM"	"Considera la adquisición de equipos de bombeo en Tizayuca y Pachuca."	TRUE
"1081_Singuilucan"	1081	"Singuilucan"	"Infraestructura Hídrica"	2024	"Línea de Tanque Tlazala a Tanque Olvera Etapa 1"	"Tlazala"	13554	"CAASIM"	"Considera los trabajos de instalación de tubería, rellenos con material producto de excavación, prueba de la tubería en la comunidad."	TRUE
"1142_Tepeapulco"	1142	"Tepeapulco"	"Infraestructura Hídrica"	2023	"Resposición de pozo Corralillos 1 Tepeapulco"	"Tepeapulco"	NA	"CAASIM"	"Considera los trabajos para la rehabilitación y equipamiento de pozo en el municipio deTepeapulco"	TRUE
"1145_Tepeapulco"	1145	"Tepeapulco"	"Infraestructura Hídrica"	2024	"Línea de Conducción de Tanque Tlazala a las Comunidades de Palmilla y Tlacatepa"	"Tlacatepa"	180	"CAASIM"	"Considera los trabajos de instalación de tubería, rellenos con material producto de excavación, prueba de la tubería en la comunidad."	TRUE
"272_Epazoyucan"	272	"Epazoyucan"	"Infraestructura Hídrica"	2022	"Inversión de 658 mil pesos en adquisición de variadores sumergibles en planta de tratamiento de aguas residuales Xochihuacan."	"Xochihuacán"	896	"CAASIM"	"Ejecuta trabajos para el mantenimiento y mejoramiento de la Planta de tratamiento en la localidad de Xochihuacán municipio de Epazoyucan."	TRUE
"541_Mineral de la Reforma"	541	"Mineral de la Reforma"	"Infraestructura Hídrica"	2025	"Sustitución de medio filtrante y gravas en Planta Potabilizadora Los Encinos"	"La Noria"	NA	"CAASIM"	"Sustitución de medio filtrante y gravas en planta potabilizadora Encinos, para mejorar la calidad del agua que se pone a disposición de la población."	TRUE
"596_Mineral del Chico"	596	"Mineral del Chico"	"Infraestructura Hídrica"	2023	"Equipamiento para eliminación de bacteria en planta el Bordo"	"Mineral del Chico"	NA	"CAASIM"	"Realizar análisis de las características físico-químicas del agua ,con el ﬁn de conocer su calidad, detectar contaminantes presentes en el agua y veriﬁcar que se cumpla con la normatividad vigente para uso y consumo humano. Así mismo, se apoya a los municipios a prevenir el surgimiento de enfermedades por  contaminación del agua."	TRUE
"911_Pachuca de Soto"	911	"Pachuca de Soto"	"Infraestructura Hídrica"	2024	"Sustitución de la línea sanitaria Boulevard Real de Zimapán, Fracc. La Herradura - Pitahayas"	"Pitayas"	83	"CAASIM"	"Considera trabajos de mejoramiento a la infraestructura sanitaria."	TRUE
"967_San Agustín Tlaxiaca"	967	"San Agustín Tlaxiaca"	"Infraestructura Hídrica"	2023	"Ampliación de la planta de tratamiento de aguas residuales solares"	"La Concepción"	41	"CAASIM"	"Considera los trabajos para la  Ampliación de la planta de tratamiento de aguas residuales en la localidad de Concepción municipio de San Agustín Tlaxiaca."	TRUE
"1322_Varios"	1322	"Varios"	"Infraestructura Hídrica"	2023	"Estudio y Plan de Agua y Saneamiento de la CAASIM"	"Varias"	NA	"CAASIM"	"Se ejecutan acciones para la ejecución de obras en Infraestructura hídrica"	TRUE
"1323_Varios"	1323	"Varios"	"Infraestructura Hídrica"	2023	"Proyecto de rehabilitación eléctrica para 57 pozos"	"Varias"	NA	"CAASIM"	"Considera los trabajos del proyecto ejecutivo, para la rehabilitación eléctrica de pozos."	TRUE
"1324_Varios"	1324	"Varios"	"Infraestructura Hídrica"	2024	"Equipamiento para el mantenimiento preventivo y correctivo de Infraestructura Hidáulica"	"Varias"	NA	"CAASIM"	"Considera el Equipamiento para el mantenimiento preventivo en varias localidades del Estado."	TRUE
"1325_Varios"	1325	"Varios"	"Infraestructura Hídrica"	2024	"Obras emergentes de mantenimiento Correctivo en la Zona de Influencia de la CAASIM, mediante la construcción y rehabilitación de cajas de válvulas y atraques-2024"	"Varias"	NA	"CAASIM"	"Se ejecutan acciones para la ejecución de obras en Infraestructura hídrica."	TRUE
"1326_Varios"	1326	"Varios"	"Infraestructura Hídrica"	2024	"Ampliación, rehabilitación y reubicación de redes de líneas de conducción en la zona de influencia de la CAASIM-2024"	"Varias"	NA	"CAASIM"	"Considera los trabajos de mejoramiento en Infraestructura hídrica en la localidad de Varias municipio de Varios"	TRUE
"1327_Varios"	1327	"Varios"	"Infraestructura Hídrica"	2024	"Construcción, ampliación y rehabilitación de obra civil, en la zona de influencia de la CAASIM, en los bienes inmuebles propiedad de la CAASIM-2024"	"Varias"	NA	"CAASIM"	"Se ejecutan acciones para la ejecución de obras en Infraestructura hídrica."	TRUE
"1328_Varios"	1328	"Varios"	"Infraestructura Hídrica"	2024	"Rehabilitación de pozos"	"Varias"	NA	"CAASIM"	"Considera los trabajos para la rehabilitación en varios pozos."	TRUE
"1329_Varios"	1329	"Varios"	"Infraestructura Hídrica"	2024	"Equipamiento electromecánico para plantas de bombeo en la zona de influencia de la CAASIM"	"Varias"	NA	"CAASIM"	"Considera el equipamiento para la rehabilitación en varios pozos."	TRUE
"1330_Varios"	1330	"Varios"	"Infraestructura Hídrica"	2024	"Rehabilitación de pozos profundos."	"Varias"	NA	"CAASIM"	"Considera los trabajos para la rehabilitación en varios pozos."	TRUE
"1331_Varios"	1331	"Varios"	"Infraestructura Hídrica"	2024	"Equipamiento para el Programa de Devolución de Derechos"	"Varias"	NA	"CAASIM"	"Se ejecutan acciones para la ejecución de obras en Infraestructura hídrica."	TRUE
"1320_Varios"	1320	"Varios"	"Infraestructura Hídrica"	2023	"Equipamiento para su integración al sistema de telemetría y control para 18 pozos"	"Varias"	NA	"CAASIM"	"Considera los trabajos para la rehabilitación y equipamiento de pozos."	TRUE
"1321_Varios"	1321	"Varios"	"Infraestructura Hídrica"	2023	"Adquisición de equipo hidroneumático de desazolve para la limpieza de alcantarillados por agua a presión y succión"	"Varias"	NA	"CAASIM"	"Se ejecutan acciones para la ejecución de obras en Infraestructura hídrica"	TRUE
"1334_Varios"	1334	"Varios"	"Infraestructura Hídrica"	2024	"Bacheo emergente de reposición de pavimento de concreto hidráulico, asfáltico u otros por trabajos de la CAASIM, Zona 1-2024"	"Varias"	NA	"CAASIM"	"Se ejecutan acciones para la ejecución de obras en Infraestructura hídrica."	TRUE
"1335_Varios"	1335	"Varios"	"Infraestructura Hídrica"	2024	"Bacheo emergente de reposición de pavimento de concreto hidráulico, asfáltico u otros por trabajos de la CAASIM, Zona 2-2024"	"Varias"	NA	"CAASIM"	"Se ejecutan acciones para la ejecución de obras en Infraestructura hídrica."	TRUE
"1336_Varios"	1336	"Varios"	"Infraestructura Hídrica"	2024	"Bacheo emergente de reposición de pavimento de concreto hidráulico, asfáltico u otros por trabajos de la CAASIM, Zona 3-2024"	"Varias"	NA	"CAASIM"	"Se ejecutan acciones para la ejecución de obras en Infraestructura hídrica."	TRUE
"1337_Varios"	1337	"Varios"	"Infraestructura Hídrica"	2024	"Bacheo emergente de reposición de pavimento de concreto hidráulico, asfáltico u otros por trabajos de la CAASIM, Zona 4-2024"	"Varias"	NA	"CAASIM"	"Se ejecutan acciones para la ejecución de obras en Infraestructura hídrica."	TRUE
"1339_Varios"	1339	"Varios"	"Infraestructura Hídrica"	2024	"Cercados con malla ciclónica en los bienes inmuebles propiedad de la CAASIM-2024"	"Varias"	NA	"CAASIM"	"Se ejecutan acciones para la ejecución de obras en Infraestructura hídrica."	TRUE
"1340_Varios"	1340	"Varios"	"Infraestructura Hídrica"	2024	"Sustitución de líneas de alcantarillado en zona de influencia de CAASIM."	"Varias"	NA	"CAASIM"	"Considera los trabajos de excavaciones y rellenos, descargas domiciliarias, red de alcantarillado."	TRUE
"1341_Varios"	1341	"Varios"	"Infraestructura Hídrica"	2024	"Equipamiento para el mantenimiento preventivo y correctivo de Infraestructura Sanitaria y su Bacheo"	"Varias"	NA	"CAASIM"	"Considera equipamiento para de mejoramiento a la infraestructura sanitaria."	TRUE
"1342_Varios"	1342	"Varios"	"Infraestructura Hídrica"	2024	"Construcción, ampliación, rehabilitiación y reubicación de descargas domiciliarias, red de atarjeas y colectores en la zona de influencia de la CAASIM-2024"	"Varias"	NA	"CAASIM"	"Considera los trabajos de excavaciones, descargas domiciliarias,  instalación de  tubería."	TRUE
"1343_Varios"	1343	"Varios"	"Infraestructura Hídrica"	2024	"Equipamiento para el Tratamiento de Aguas Residuales"	"Varias"	NA	"CAASIM"	"Considera el equipamiento para diferentes Plantas de Tratamiento en el Estado."	TRUE
"1332_Varios"	1332	"Varios"	"Infraestructura Hídrica"	2024	"Equipamiento para el Sistema Informático y de Telecomunicaciones"	"Varias"	NA	"CAASIM"	"Se ejecutan acciones para la ejecución de obras en Infraestructura hídrica."	TRUE
"1333_Varios"	1333	"Varios"	"Infraestructura Hídrica"	2024	"Equipamiento para Extracción de Agua Potable"	"Varias"	NA	"CAASIM"	"Considera el Equipamiento para para Extracción de Agua Potable en varias localidades del Estado."	TRUE
"1350_Varios"	1350	"Varios"	"Infraestructura Hídrica"	2025	"Adquisición de luminarias para pozos, tanques y rebombeos"	"Varias"	NA	"CAASIM"	"Tiene como objetivo mejorar la seguridad y eficiencia operativa de las instalaciones hidráulicas, contribuyendo a disminuir tiempos de paros de servicio. Estas luminarias, equipadas con tecnología solar, al utilizar paneles solares, se garantiza una iluminación constante en áreas críticas, incluso en lugares remotos o de difícil acceso."	TRUE
"1351_Varios"	1351	"Varios"	"Infraestructura Hídrica"	2025	"Adquisición de equipo hidroneumático de desazolve para la limpieza de alcantarillados por agua a presión y succión 16 yds"	"Varias"	NA	"CAASIM"	"Camión hidroneumático combinado para limpieza de alcantarillas por medio de alta succión y alta presión, así como cualquier tipo de lodos y otros desechos en líneas subterráneas, industriales, pluviales, sanitarias y/o urbanas, consiste en: tanque de almacenamiento de lodos con capacidad de 16 yd3 (yardas cubicas) que en su cuerpo sea de forma cilíndrica en acero inoxidable aisi304 calibre 3/16” (pulgadas), tapa delantera y tapa trasera de forma cóncava fabricadas en acero al carbón."	TRUE
"1352_Varios"	1352	"Varios"	"Infraestructura Hídrica"	2025	"Adquisición de Minicargador (incluye remolque tipo cama baja, capacidad 3 toneladas)"	"Varias"	NA	"CAASIM"	"Adquisición de “1 mini cargador BOBCAT y 1 remolque para trasporte de mini cargador”, para trabajos como carga y descarga, excavación, transporte y manipulación de equipos, para dar cumplimiento a las actividades de la Dirección de Infraestructura Urbana."	TRUE
"1338_Varios"	1338	"Varios"	"Infraestructura Hídrica"	2024	"Cercados con malla ciclónica en los bienes inmuebles no propiedad de la CAASIM-2024"	"Varias"	NA	"CAASIM"	"Se ejecutan acciones para la ejecución de obras en Infraestructura hídrica."	TRUE
"1346_Varios"	1346	"Varios"	"Infraestructura Hídrica"	2024	"Equipamiento para la potablización de agua que se entrega a la Población"	"Varias"	NA	"CAASIM"	"Realizar análisis de las características físico-químicas del agua ,con el ﬁn de conocer su calidad, detectar contaminantes presentes en el agua y veriﬁcar que se cumpla con la normatividad vigente para uso y consumo humano. Así mismo, se apoya a los municipios a prevenir el surgimiento de enfermedades por  contaminación del agua."	TRUE
"1345_Varios"	1345	"Varios"	"Infraestructura Hídrica"	2024	"Equipamiento para medir la calidad del Agua Residual y Residual Tratada"	"Varias"	NA	"CAASIM"	"Realizar análisis de las características físico-químicas del agua ,con el ﬁn de conocer su calidad, detectar contaminantes presentes en el agua y veriﬁcar que se cumpla con la normatividad vigente para uso y consumo humano. Así mismo, se apoya a los municipios a prevenir el surgimiento de enfermedades por  contaminación del agua."	TRUE
"1344_Varios"	1344	"Varios"	"Infraestructura Hídrica"	2024	"Equipamiento apra medir la calidad del agua Potable que se entrega a la Población"	"Varias"	NA	"CAASIM"	"Realizar análisis de las características físico-químicas del agua ,con el ﬁn de conocer su calidad, detectar contaminantes presentes en el agua y veriﬁcar que se cumpla con la normatividad vigente para uso y consumo humano. Así mismo, se apoya a los municipios a prevenir el surgimiento de enfermedades por  contaminación del agua."	TRUE
"1_Acatlán"	1	"Acatlán"	"Vialidades Urbanas"	2023	"Construcción de pavimento hidráulico en Las Palmas; en el municipio de Acatlán."	"Acatlán"	439	"DGOPI"	"Considera los trabajos de preliminares, piso para pavimento de concreto hidráulico."	TRUE
"10_Acaxochitlán"	10	"Acaxochitlán"	"Vialidades Urbanas"	2023	"Pavimentación de concreto hidráulico en calle principal en la localidad de Coyametepec, en el municipio de Acaxochitlán."	"Coyametepec"	784	"DGIVC"	"Considera los trabajos de preliminares, riego de impregnación, piso para pavimento de concreto hidráulico."	TRUE
"100_Atlapexco"	100	"Atlapexco"	"Infraestructura Hídrica"	2024	"PTAR  Huitzotlaco. Reposición de Equipo de Bombeo de 7.5 H.P. Paneles Solares, desazolve de estructuras de planta y cercado perimetral (140 m)."	"Huitzotlaco"	655	"CEAA"	"Ejecuta trabajos para el mantenimiento y mejoramiento de la Planta de tratamiento en la localidad de Huitzotlaco municipio de Atlapexco."	TRUE
"1000_San Bartolo Tutotepec"	1000	"San Bartolo Tutotepec"	"Infraestructura Carretera"	2023	"Reconstrucción C.E. Santa María Temaxcalapa - San Bartolo Tutotepec."	"Calintla"	3352	"DGCCE"	"Considera trabajos para la reconstrucción y/o conservación de Infraestructura Carretera en la localidad de Calintla municipio de San Bartolo Tutotepec"	TRUE
"1002_San Bartolo Tutotepec"	1002	"San Bartolo Tutotepec"	"Infraestructura Hídrica"	2023	"Construcción de drenaje pluvial (alcantarilla tipo bóveda) en Camino de Acceso principal a la Localidad El Piñal, San Bartolo Tutotepec."	"El Piñal"	84	"SIPDUS"	"Considera los trabajos de excavaciones y rellenos, descargas domiciliarias, pozos de visita, red de drenaje."	TRUE
"1003_San Bartolo Tutotepec"	1003	"San Bartolo Tutotepec"	"Infraestructura Carretera"	2024	"Construcción de superestructura para puente en camino de acceso principal a la localidad El Piñal, San Bartolo Tutotepec"	"El Piñal"	84	"DGCCE"	"Se realiza la construcción de superestructura para puente en camino de acceso principal a la localidad El Piñal, San Bartolo Tutotepec, contemplando las siguientes partidas: accesos y superestructuras."	TRUE
"1004_San Bartolo Tutotepec"	1004	"San Bartolo Tutotepec"	"Infraestructura Carretera"	2025	"Obra complementaria para la construcción de puente en camino de acceso principal a la localidad El Piñal, San Bartolo Tutotepec"	"El Piñal"	NA	"SIPDUS"	NA	TRUE
"1006_San Bartolo Tutotepec"	1006	"San Bartolo Tutotepec"	"Espacios Públicos"	2023	"Remodelación Unidad Deportiva San Bartolo; en el municipio de San Bartolo Tutotepec."	"San Bartolo Tutotepec"	2568	"DGCCE"	"Considera trabajos en infraestructura del Espacio Público en el municipio de San Bartolo Tutotepec."	TRUE
"1007_San Bartolo Tutotepec"	1007	"San Bartolo Tutotepec"	"Espacios Públicos"	2024	"Obra complementaria para la rehabilitación de la unidad deportiva de San Bartolo Tutotepec."	"San Bartolo Tutotepec"	2764	"DGCCE"	"Considera trabajos en infraestructura deportiva en el municipio de San Bartolo Tutotepec."	TRUE
"1008_San Bartolo Tutotepec"	1008	"San Bartolo Tutotepec"	"Infraestructura Carretera"	2024	"Reconstrucción de la C.E. San Bartolo - San Miguel, municipio de San Bartolo Tutotepec"	"San Bartolo Tutotepec"	NA	"DGCCE"	"Considera trabajos para la reconstrucción y/o conservación de Infraestructura Carretera en la localidad de San Bartolo Tutotepec municipio de San Bartolo Tutotepec"	TRUE
"1009_San Bartolo Tutotepec"	1009	"San Bartolo Tutotepec"	"Infraestructura Carretera"	2025	"Reconstrucción de la C.E. San Bartolo - San Miguel (segunda etapa), municipio de San Bartolo Tutotepec"	"San Bartolo Tutotepec"	NA	"SIPDUS"	NA	TRUE
"1010_San Bartolo Tutotepec"	1010	"San Bartolo Tutotepec"	"Infraestructura Carretera"	2024	"Construcción de pavimentación hidráulica Santiago - La Cumbre de Muridores, municipio de San Bartolo Tutotepec"	"Santiago"	605	"DGIVC"	"Considera los trabajos de preliminares y pavimento hidráulico."	TRUE
"1013_San Felipe Orizatlán"	1013	"San Felipe Orizatlán"	"Vialidades Urbanas"	2023	"Construcción de pavimentación hidráulica, en acceso a Universidad del Bienestar, municipio de San Felipe Orizatlán"	"Ahuatitla"	4137	"DGCCE"	"Considera los trabajos de preliminares, riego de impregnación, piso para pavimento de concreto Hidráulico, en la localidad de Ahuatitla municipio de  San Felipe Orizatlán"	TRUE
"1014_San Felipe Orizatlán"	1014	"San Felipe Orizatlán"	"Espacios Públicos"	2022	"3era etapa de Construcción de Centro Gerontológico Integral de San Felipe Orizatlán"	"Huextetitla"	6124	"DGCCE"	"Considera trabajos en infraestructura del Espacio Público en la localidad Huextetitla en el municipio de San Felipe Orizatlán."	TRUE
"1015_San Felipe Orizatlán"	1015	"San Felipe Orizatlán"	"Espacios Públicos"	2024	"Rehabilitación de CGI de San Felipe Orizatlán."	"Huextetitla"	188	"DGOPI"	"Considera trabajos en infraestructura del Espacio Público en la localidad Huextetitla en el municipio de San Felipe Orizatlán."	TRUE
"1016_San Felipe Orizatlán"	1016	"San Felipe Orizatlán"	"Infraestructura Carretera"	2024	"Rehabilitación del C.R. Hueytlale - Petlácatl Comunal - Zacapilol, municipio de San Felipe Orizatlán"	"Hueytlale"	263	"DGOPI"	"Considera los trabajos de preliminares, revestimiento de camino en la localidad de Hueytlale municipio de San Felipe Orizatlán"	TRUE
"1017_San Felipe Orizatlán"	1017	"San Felipe Orizatlán"	"Infraestructura Carretera"	2023	"Rehabilitación del tramo: Nexpa-Monte Grande, del km 0+000 al km 12+700, en el municipio de San Felipe Orizatlán."	"Nexpa"	375	"DGOPI"	"Se consideran trabajos de revestimiento, cunetas y limpieza de cunetas."	TRUE
"1018_San Felipe Orizatlán"	1018	"San Felipe Orizatlán"	"Infraestructura Carretera"	2023	"Reconstrucción de la C.E. Piedra Hincada - Las Piedras, en el Municipio de San Felipe Orizatlán."	"San Felipe Orizatlán"	1487	"DGCCE"	"Considera trabajos para la reconstrucción y/o conservación de Infraestructura Carretera en la localidad de San Felipe Orizatlán municipio de San Felipe Orizatlán"	TRUE
"1019_San Felipe Orizatlán"	1019	"San Felipe Orizatlán"	"Infraestructura Carretera"	2023	"Construcción del camino Santa Ana - La Labor"	"Santa Ana"	1085	"DGCCE"	"Considera los trabajos deshierve, terracerías, estabilización de sub-rasante, base, riego de impregnación, pavimentación, cunetas, obras de drenaje y vado, señalamiento horizontal."	TRUE
"102_Atlapexco"	102	"Atlapexco"	"Infraestructura Carretera"	2023	"Rehabilitación del tramo: E.C. (Huejutla-Atlapexco) -Ixtacuayo, del km 0+000 al km 2+000; en el municipio de Atlapexco."	"Ixtacuayo"	165	"DGCCE"	"Se consideran trabajos de revestimiento, cunetas y limpieza de cunetas."	TRUE
"1020_San Felipe Orizatlán"	1020	"San Felipe Orizatlán"	"Infraestructura Carretera"	2023	"Construye Tu Camino del acceso a Santa Rosa Tetlama E.C. San Felipe Orizatlán - Huejutla, en el municipio de San Felipe Orizatlán"	"Santa Rosa Tetlama"	1721	"DGCCE"	"Considera los trabajos de construcción de huellas de concreto hidráulico y empedrado en la localidad, el cual consta de terracerías y pisos de concreto."	TRUE
"1021_San Felipe Orizatlán"	1021	"San Felipe Orizatlán"	"Infraestructura Carretera"	2023	"Modernización del camino rural de Talapiz a Talol, tramo: del Km. 8+400 al Km. 10+600; en el municipio de San Felipe Orizatlán"	"Talol"	1437	"DGCCE"	"Considera los trabajos de modernización del camino rural en la localidad de Talol municipio de San Felipe Orizatlán."	TRUE
"1022_San Felipe Orizatlán"	1022	"San Felipe Orizatlán"	"Infraestructura Carretera"	2023	"Pavimentación del camino rural Teoxtitla - San Felipe; en el municipio de San Felipe Orizatlán."	"Teoxtitla"	433	"DGCCE"	"considera los trabajos de escarificado, riego de impregnación, carpeta de concreto hidráulico, obras complementarias, señalamiento."	TRUE
"1023_San Felipe Orizatlán"	1023	"San Felipe Orizatlán"	"Infraestructura Carretera"	2024	"Rehabilitación de camino Texcatla a límites del estado S.L.P., del km 0.000 al km 2.000, en el municipio de San Felipe Orizatlán."	"Texcatla"	410	"DGOPI"	"Considera los trabajos de preliminares, revestimiento de camino en la localidad de Texcatla municipio de San Felipe Orizatlán"	TRUE
"1024_San Felipe Orizatlán"	1024	"San Felipe Orizatlán"	"Infraestructura Carretera"	2024	"Rehabilitación del C.R. Tultitlán - E.C. (San Felipe-Tamazunchale), municipio de San Felipe Orizatlán."	"Tultitlán"	318	"DGOPI"	"Considera los trabajos de preliminares, revestimiento de camino en la localidad de Tultitlán municipio de San Felipe Orizatlán"	TRUE
"1027_San Salvador"	1027	"San Salvador"	"Infraestructura Hídrica"	2023	"Terminación de perforación de pozo para agua potable para la localidad de Cerro Blanco, San Salvador"	"Cerro Blanco"	230	"CEAA"	"Considera los trabajos de preliminares, perforación de pozo en la localidad de  Cerro Blanco municipio de San salvador"	TRUE
"1028_San Salvador"	1028	"San Salvador"	"Infraestructura Hídrica"	2022	"Construcción de red de alcantarillado sanitario en Bocaja, San Salvador etapa dos de dos"	"Bocaja"	659	"CEAA"	"Considera los trabajos de excavaciones y rellenos, descargas domiciliarias, red de alcantarillado."	TRUE
"1029_San Salvador"	1029	"San Salvador"	"Vialidades Urbanas"	2023	"Construcción de andador en San Salvador en la localidad Caxuxi, camino Caxuxi - San Salvador"	"Caxuxi"	3089	"DGOPI"	"Considera trabajos en la rehabilitación y/o mejoramiento de las vialidades urbanas en la localidad de Caxuxi muncipio de San Salvador"	TRUE
"103_Atlapexco"	103	"Atlapexco"	"Infraestructura Carretera"	2023	"Rehabilitación del tramo E.C. (Acceso a Yahualica)-Pahactla -Santo Tomas-Xancaltitla, del km 0+000 al km 4+700; en el municipio de Atlapexco."	"Pahactla"	1508	"DGCCE"	"Se consideran trabajos de revestimiento, cunetas y limpieza de cunetas."	TRUE
"1030_San Salvador"	1030	"San Salvador"	"Vialidades Urbanas"	2024	"Continuación de la construcción de andador en San Salvador en la localidad Caxuxi, camino Caxuxi - San Salvador"	"Caxuxi"	3089	"DGOPI"	"Considera trabajos en la rehabilitación y/o mejoramiento de las vialidades urbanas en la localidad de Caxuxi muncipio de San Salvador"	TRUE
"1031_San Salvador"	1031	"San Salvador"	"Infraestructura Hídrica"	2022	"Perforación exploratoria de pozo para agua potable para la localidad de Cerro Blanco"	"Cerro Blanco"	230	"CEAA"	"Considera los trabajos de preliminares, perforación de pozo en la localidad de Cerro Blanco municipio de San Salvador"	TRUE
"1033_San Salvador"	1033	"San Salvador"	"Infraestructura Hídrica"	2023	"Construcción de red de distribución en Demacú municipio de San Salvador, etapa una de tres"	"Demacu"	976	"CEAA"	"Considera los trabajos de Red de distribución instalación de tubería de PUC 4” y 2” de diámetro."	TRUE
"1034_San Salvador"	1034	"San Salvador"	"Infraestructura Hídrica"	2024	"Construcción de sistema de agua potable en Demacú municipio de San Salvador. (Terminación)"	"Demacu"	976	"CEAA"	"Considera los trabajos de líneas de distribución con la instalación de tubería, tomas domiciliarias. en la localidad de Demacu municipio de  San Salvador"	TRUE
"1035_San Salvador"	1035	"San Salvador"	"Infraestructura Carretera"	2022	"Reconstrucción de carretera Demacú - San Salvador, Demacú municipio de San Salvador"	"Demacu"	976	"DGCCE"	"Considera trabajos para la reconstrucción y/o conservación de Infraestructura Carretera en la localidad de Demacú municipio de San Salvador"	TRUE
"1037_San Salvador"	1037	"San Salvador"	"Vialidades Urbanas"	2022	"Construcción de pavimentación asfáltica de calle La Capilla, El Mothe, municipio de San Salvador"	"El Mothe"	483	"DGCCE"	"Considera los trabajos de capa subbase, riego de impregnación, suministro y aplicación de riego de liga con emulsión asfáltica"	TRUE
"1038_San Salvador"	1038	"San Salvador"	"Vialidades Urbanas"	2023	"Pavimentación asfáltica de la calle Niños Héroes en la localidad El Mothé en el municipio de San Salvador."	"El Mothé"	483	"DGIVC"	"Considera los trabajos de capa subbase, riego de impregnación, suministro y aplicación de riego de liga con emulsión asfáltica"	TRUE
"1039_San Salvador"	1039	"San Salvador"	"Vialidades Urbanas"	2024	"Construcción de pavimentación asfáltica en camino sin nombre, localidad El Olvera, municipio de San Salvador"	"El Olvera"	1162	"DGIVC"	"Considera los trabajos de capa subbase, riego de impregnación, suministro y aplicación de riego de liga con emulsión asfáltica"	TRUE
"104_Atlapexco"	104	"Atlapexco"	"Infraestructura Carretera"	2024	"Construcción de pavimentación hidráulica del camino Pahactla a Atlapexco en el municipio de Atlapexco."	"Pahactla"	1508	"DGCCE"	"Considera los trabajos de preliminares y pavimento hidráulico."	TRUE
"1040_San Salvador"	1040	"San Salvador"	"Vialidades Urbanas"	2023	"Construcción de pavimentación hidráulica en municipio de San Salvador, localidad El Tablón, camino por el canal"	"El Tablón"	610	"DGIVC"	"Considera los trabajos de preliminares, riego de impregnación, piso para pavimento de concreto Hidráulico, en la localidad de El Tablón municipio de  San Salvador"	TRUE
"1041_San Salvador"	1041	"San Salvador"	"Vialidades Urbanas"	2024	"Pavimentación hidráulica en Avenida Remedios y calle Héroes de la Independencia, Localidad El Tablón, en el municipio de San Salvador"	"El Tablón"	610	"DGIVC"	"Considera los trabajos de preliminares, piso para pavimento de concreto hidráulico."	TRUE
"1042_San Salvador"	1042	"San Salvador"	"Vialidades Urbanas"	2023	"Construcción de pavimentación hidráulica en municipio de San Salvador, localidad Francisco Villa calle Sin Nombre."	"Francisco Villa"	184	"DGIVC"	"Considera los trabajos de preliminares, piso para pavimento de concreto hidráulico."	TRUE
"1043_San Salvador"	1043	"San Salvador"	"Vialidades Urbanas"	2024	"Construcción de Pavimentación asfáltica en calle Pedro María Anaya, en la localidad de La Palma, municipio de San Salvador"	"La Palma"	187	"DGIVC"	"Considera los trabajos de capa subbase, riego de impregnación, suministro y aplicación de riego de liga con emulsión asfáltica"	TRUE
"1044_San Salvador"	1044	"San Salvador"	"Infraestructura Hídrica"	2022	"Proyecto de agua potable, en la localidad de San Antonio Abad, municipio de San Salvador, Hidalgo."	"San Antonio Abad"	265	"CEAA"	"Considera los trabajos de proyecto conceptual y proyecto ejecutivo."	TRUE
"1045_San Salvador"	1045	"San Salvador"	"Infraestructura Carretera"	2023	"Construcción de pavimentación asfáltico en San Salvador localidad San Antonio Abad camino por El Canal."	"San Antonio Abad"	265	"DGOPI"	"Considera los trabajos de la operación de escarificación, disgregado,  suministro y aplicación de riego de liga con emulsión asfáltica."	TRUE
"1046_San Salvador"	1046	"San Salvador"	"Infraestructura Hídrica"	2022	"Construcción de sistema de agua potable San Antonio Zaragoza, Poxindeje de Morelos y Bocaja, municipio de San Salvador, estado de Hidalgo, etapa una de dos."	"San Antonio Zaragoza"	3607	"CEAA"	"Considera los trabajos de líneas de distribución con la instalación de tubería, tomas domiciliarias. en la localidad de San Antonio Zaragoza municipio de  San Salvador"	TRUE
"1048_San Salvador"	1048	"San Salvador"	"Infraestructura Hídrica"	2023	"Construcción de ampliación de red de drenaje colector, localidad de San Miguel Acambay, municipio de San Salvador."	"San Miguel Acambay"	NA	"CEAA"	"Considera los trabajos de excavaciones y rellenos, descargas domiciliarias, pozos de visita, red de drenaje."	TRUE
"1049_San Salvador"	1049	"San Salvador"	"Infraestructura Hídrica"	2023	"Construcción de ampliación de red de drenaje colector, localidad de San Miguel Acambay, municipio de San Salvador."	"San Miguel Acambay"	1049	"CEAA"	"Considera los trabajos de excavaciones y rellenos, descargas domiciliarias, pozos de visita, red de drenaje."	TRUE
"105_Atlapexco"	105	"Atlapexco"	"Infraestructura Carretera"	2023	"Construcción de muros de contención en la comunidad de Tecolotitla; en el municipio de Atlapexco"	"Tecolotitla"	969	"DGCCE"	"Considera en los trabajos la construcción de muros de contención en la Localidad de Tecolotitla."	TRUE
"1050_San Salvador"	1050	"San Salvador"	"Infraestructura Carretera"	2024	"Construcción de drenaje sanitario y reposición de carpeta asfáltica, San Miguel Acambay - Pacheco de Allende, en el municipio de San Salvador."	"San Miguel Acambay"	1049	"DGOPI"	"Reposición de Carpeta Asfáltica en la localidad de San Miguel Acambay en el municipio de San Salvador."	TRUE
"1051_San Salvador"	1051	"San Salvador"	"Infraestructura Carretera"	2023	"Reconstrucción de carpeta asfáltica de la Carretera San Salvador-San Miguel Acambay, municipio de San Salvador"	"San Salvador"	1107	"DGOPI"	"Considera trabajos para la reconstrucción y/o conservación de Infraestructura Carretera en la localidad de San Salvador municipio de San Salvador"	TRUE
"1053_San Salvador"	1053	"San Salvador"	"Vialidades Urbanas"	2024	"Construcción de pavimento asfáltico en calle Caxpojay, en el municipio de San Salvador"	"San Salvador"	1107	"DGIVC"	"Contempla los siguientes trabajos: preliminares, terracerías, sub base, base hidráulica, renivelación de pozos de visita, pavimento asfaltico, guarniciones y banquetas y mampara informativa."	TRUE
"1054_San Salvador"	1054	"San Salvador"	"Vialidades Urbanas"	2023	"Construcción de pavimentación asfáltica calle Juárez, localidad de Teofani; municipio de San Salvador."	"Teofani"	1302	"DGOPI"	"Considera los trabajos de capa subbase, riego de impregnación, suministro y aplicación de riego de liga con emulsión asfáltica"	TRUE
"1055_San Salvador"	1055	"San Salvador"	"Vialidades Urbanas"	2022	"Construcción de pavimento asfáltico Av. Los Hidalgos, Teofani, municipio de San Salvador"	"Teofani"	1302	"DGCCE"	"Se realizan los siguientes trabajos: trazo y nivelación de plazas, suministro y aplicación de carpeta asfáltica compactado,  en el municipio de San Salvador"	TRUE
"1056_San Salvador"	1056	"San Salvador"	"Infraestructura Hídrica"	2024	"Equipamiento electromecánico de pozo profundo y rehabilitación del sistema de agua potable localidad del Vixtha de Madero, municipio de San Salvador"	"Vixtha de Madero"	674	"CEAA"	"Considera los trabajos para la rehabilitación y equipamiento de pozo en la localidad de  Vixtha de Madero municipio de San Salvador"	TRUE
"1057_San Salvador"	1057	"San Salvador"	"Infraestructura Hídrica"	2023	"Sustitución de líneas de conducción y alimentación de agua potable, en la localidad de Xuchitlán,"	"Xuchitlán"	904	"CEAA"	"Construcción de atraques de concreto e inició la construcción de las cajas de operación de válvulas."	TRUE
"1058_San Salvador"	1058	"San Salvador"	"Infraestructura Hídrica"	2022	"Eficientización de la Energía para el Bombeo de Agua en Pozos de Uso Público Urbano a través de Sistemas Fotovoltaicos, para el Sistema de Agua Potable en Xuchitlán, municipio de San Salvador"	"Xuchitlán"	904	"SIPDUS"	"Considera los trabajos de líneas de distribución con la instalación de tubería, tomas domiciliarias. en la localidad de Xuchitlán municipio de  San Salvador"	TRUE
"1059_San Salvador"	1059	"San Salvador"	"Vialidades Urbanas"	2022	"Pavimentación asfáltica Avenida Benito Juárez, Xuchitlán, municipio de San Salvador"	"Xuchitlán"	NA	"DGIVC"	"Considera los trabajos de capa subbase, riego de impregnación, suministro y aplicación de riego de liga con emulsión asfáltica"	TRUE
"106_Atlapexco"	106	"Atlapexco"	"Infraestructura Carretera"	2023	"Rehabilitación del tramo: E.C. Cuatapa - Tenexco - Tlahica, del km 0+000 al km 0+500"	"Tlahica"	150	"DGCCE"	"Se consideran trabajos de revestimiento, cunetas y limpieza de cunetas."	TRUE
"1060_San Salvador"	1060	"San Salvador"	"Infraestructura Hídrica"	2024	"Sustitución de líneas de condcción y alimentación de agua potable, en la localidad de Xuchitlán, municipio de San Salvador, Hgo., (Terminación)"	"Xuchitlán"	904	"CEAA"	"Considera los trabajos de mejoramiento en Infraestructura hídrica en la localidad de Xuchitlán municipio de San Salvador"	TRUE
"1061_Santiago de Anaya"	1061	"Santiago de Anaya"	"Infraestructura Hídrica"	2024	"Perforación exploratoria de pozo para agua potable, en la localidad de El Encino, municipio de Santiago de Anaya, Hidalgo."	"El Encino"	296	"CEAA"	"Considera los trabajos de preliminares, perforación de pozo en la localidad de El Encino municipio de Santiago de Anaya"	TRUE
"1063_Santiago de Anaya"	1063	"Santiago de Anaya"	"Infraestructura Carretera"	2023	"Pavimentación hidráulica en acceso principal Boxaxni - Santa Mónica El Sitio, municipio Santiago de Anaya"	"El Sitio"	467	"DGOPI"	"Considera los trabajos de preliminares, riego de impregnación, piso para pavimento de concreto Hidráulico."	TRUE
"1064_Santiago de Anaya"	1064	"Santiago de Anaya"	"Infraestructura Hídrica"	2022	"Rehabilitación de pozo profundo, cercado perimetral y ampliación de redes de distribución del sistema de agua potable en González Ortega"	"González Ortega"	771	"CEAA"	"Considera los trabajos para la rehabilitación y equipamiento de pozo en la localidad de  González Ortega municipio de Santiago de Anaya"	TRUE
"1065_Santiago de Anaya"	1065	"Santiago de Anaya"	"Espacios Públicos"	2024	"Construcción del Corredor Artesanal en la localidad de González Ortega, municipio de Santiago de Anaya"	"González Ortega"	771	"DGIVC"	"Considera trabajos en infraestructura del Espacio Público en la localidad González Ortega en el municipio de Santiago de Anaya."	TRUE
"1066_Santiago de Anaya"	1066	"Santiago de Anaya"	"Infraestructura Hídrica"	2023	"Construcción de la línea de conducción y distribución del sistema de agua potable,en la localidad de Patria Nueva, municipio de Santiago de Anaya"	"Patria Nueva"	2087	"CEAA"	"Considera los trabajos de línea de conducción y distribución del sistema de agua potable."	TRUE
"1067_Santiago de Anaya"	1067	"Santiago de Anaya"	"Espacios Públicos"	2024	"Centro Gastronómico y Turístico Santiago de Anaya Primera Etapa."	"Santiago de Anaya"	2676	"DI"	"Considera trabajos en infraestructura del Espacio Público en el municipio de Santiago de Anaya."	TRUE
"1069_Santiago de Anaya"	1069	"Santiago de Anaya"	"Vialidades Urbanas"	2024	"Construcción de pavimentación asfáltica en la calle Santa María, Manzana 3, Sección Sur, municipio de Santiago de Anaya"	"Santiago de Anaya"	NA	"DGOPI"	"Considera los trabajos de capa subbase, riego de impregnación, suministro y aplicación de riego de liga con emulsión asfáltica"	TRUE
"1074_Santiago Tulantepec de Lugo Guerrero"	1074	"Santiago Tulantepec de Lugo Guerrero"	"Espacios Públicos"	2023	"Rehabilitación en azoteas y fachadas del CRIRH, sede Santiago Tulantepec"	"Los Romeros"	1466	"DGOPI"	"Considera trabajos en infraestructura del Espacio Público en la localidad Los Romeros en el municipio de Santiago Tulantepec de Lugo Guerrero."	TRUE
"1075_Santiago Tulantepec de Lugo Guerrero"	1075	"Santiago Tulantepec de Lugo Guerrero"	"Infraestructura Hídrica"	2023	"Construcción de la línea de conducción de agua potable del Pozo San Pedro Huatengo al tanque elevado existente en la Colonia Satélites, en el municipio de Santiago Tulantepec en la localidad de San Pedro Huatengo"	"San Pedro Huatengo"	215	"SIPDUS"	"Considera los trabajos de instalación de tubería, rellenos con material producto de excavación, prueba de la tubería en la comunidad."	TRUE
"1076_Santiago Tulantepec de Lugo Guerrero"	1076	"Santiago Tulantepec de Lugo Guerrero"	"Infraestructura Hídrica"	2024	"Ampliación de construcción de la línea de conducción de agua potable del pozo San Pedro Huatengo al tanque elevado en la colonia Satélites, en el municipio de Santiago Tulantepec."	"San Pedro Huatengo"	215	"DGOPI"	"Considera los trabajos de mejoramiento en Infraestructura hídrica en la localidad de San Pedro Huatengo municipio de Santiago Tulantepec de Lugo Guerrero"	TRUE
"1077_Santiago Tulantepec de Lugo Guerrero"	1077	"Santiago Tulantepec de Lugo Guerrero"	"Vialidades Urbanas"	2022	"Pavimentación asfáltica de Calle Oriente, municipio de Santiago Tulantepec de Lugo Guerrero"	"Ventoquipa"	1173	"DGCCE"	"Considera los trabajos de capa subbase, riego de impregnación, suministro y aplicación de riego de liga con emulsión asfáltica"	TRUE
"1078_Singuilucan"	1078	"Singuilucan"	"Infraestructura Carretera"	2023	"Pavimentación asfáltica del tramo del Chabacano-La Conchita del Km 0+000 al Km 1+495"	"La Conchita (La Cantera)"	4805	"DGIVC"	"Considera los trabajos de capa subbase, riego de impregnación, suministro y aplicación de riego de liga con emulsión asfáltica"	TRUE
"1079_Singuilucan"	1079	"Singuilucan"	"Espacios Públicos"	2023	"Construcción de Mercado Municipal 2ª. etapa en el municipio de Singuilucan."	"Singuilucan"	4076	"DGCCE"	"Considera trabajos en infraestructura del Espacio Público en el municipio de Singuilucan."	TRUE
"108_Atotonilco de Tula"	108	"Atotonilco de Tula"	"Infraestructura Carretera"	2024	"Reconstrucción de C.E. Atotonilco de Tula - El Cardonal, municipio de Atotonilco de Tula"	"Atotonilco de Tula"	8822	"DGOPI"	"Considera trabajos para la reconstrucción y/o conservación de Infraestructura Carretera en la localidad de Atotonilco de Tula municipio de Atotonilco de Tula"	TRUE
"1080_Singuilucan"	1080	"Singuilucan"	"Vialidades Urbanas"	2023	"Construcción de pavimento hidráulico en calle La Unión (carretera México-Tuxpan a La Unión); en el municipio de Singuilucan."	"Singuilucan"	NA	"DGIVC"	"Considera los trabajos de preliminares, piso para pavimento de concreto hidráulico."	TRUE
"1083_Tasquillo"	1083	"Tasquillo"	"Infraestructura Hídrica"	2024	"Rehabilitación de Linea de conducción de Sistema de Agua Potable en la localidad de El Motho."	"El Motho"	337	"CEAA"	"Considera los trabajos de mejoramiento en Infraestructura hídrica en la localidad de  El Motho municipio de Tasquillo"	TRUE
"1085_Tasquillo"	1085	"Tasquillo"	"Infraestructura Hídrica"	2023	"Construcción de alcantarillado sanitario y Planta de tratamiento de aguas residuales Centro en Caltimacán, municipio de Tasquillo"	"Caltimacán"	1674	"SIPDUS"	"Considera los trabajos para la  Construcción de la planta de tratamiento de aguas residuales en la localidad de Caltimacán municipio de Tasquillo."	TRUE
"1086_Tasquillo"	1086	"Tasquillo"	"Infraestructura Carretera"	2025	"Construcción de pavimentación asfáltica del acceso principal de la localidad de Huizachez, en el municipio de Tasquillo"	"Huizachez"	NA	"SIPDUS"	NA	TRUE
"1087_Tasquillo"	1087	"Tasquillo"	"Infraestructura Hídrica"	2024	"Rehabilitación de Línea de Conducción de Sistema de Agua Potable en la localidad de Juchitlán"	"Juchitlán"	588	"CEAA"	"Considera los trabajos de mejoramiento en Infraestructura hídrica en la localidad de Juchitlán municipio de Tasquillo"	TRUE
"1089_Tasquillo"	1089	"Tasquillo"	"Infraestructura Hídrica"	2022	"Construcción de red de distribución con tomas domiciliarias Portezuelo etapa seis de diez"	"Portezuelo"	1837	"CEAA"	"Considera los trabajos de instalación de tubería, rellenos con material producto de excavación, prueba de la tubería en la comunidad."	TRUE
"109_Atotonilco de Tula"	109	"Atotonilco de Tula"	"Vialidades Urbanas"	2024	"Reconstrucción de calle República de El Salvador, en el municipio de Atotonilco de Tula."	"Atotonilco de Tula"	NA	"DGOPI"	"Considera los trabajos de preliminares, piso para pavimento de concreto hidráulico."	TRUE
"1090_Tasquillo"	1090	"Tasquillo"	"Infraestructura Hídrica"	2024	"Construcción de red de distribución con tomas domiciliarias Portezuelo (Terminación)"	"Portezuelo"	1837	"CEAA"	"Considera los trabajos de instalación de tubería, rellenos con material producto de excavación, prueba de la tubería en la comunidad."	TRUE
"1091_Tasquillo"	1091	"Tasquillo"	"Infraestructura Carretera"	2024	"Construcción de pavimentación del tramo carretero C.R. Portezuelo a Santiago Ixtlahuaca, en el municipio de Tasquillo."	"Portezuelo"	NA	"DGIVC"	"Considera los siguientes trabajos preliminares, excavaciones, terreno natural, sub rasante, construcción de base hidráulica, obra de drenaje, carpeta asfáltica, señalamiento horizontal y mampara informativa."	TRUE
"1093_Tasquillo"	1093	"Tasquillo"	"Vialidades Urbanas"	2023	"Pavimentación asfáltica de calle Los Nogal; es de la localidad de Remedios; en el municipio de Tasquillo"	"Remedios"	540	"DGOPI"	"Considera los trabajos de capa subbase, riego de impregnación, suministro y aplicación de riego de liga con emulsión asfáltica"	TRUE
"1094_Tasquillo"	1094	"Tasquillo"	"Espacios Públicos"	2024	"Construcción del Corredor Artesanal en la localidad de Rinconada municipio de Tasquillo."	"Rinconada"	481	"DGIVC"	"Considera trabajos en infraestructura del Espacio Público en la localidad LRinconada en el municipio de Tasquillo."	TRUE
"1095_Tasquillo"	1095	"Tasquillo"	"Infraestructura Hídrica"	2024	"Reparación de Planta de Tratamiento de Agua Residual en la localidad de San Isidro."	"San Isidro"	1051	"CEAA"	"Ejecuta trabajos para el mantenimiento y mejoramiento de la Planta de tratamiento en la localidad de San Isidro municipio de Tasquillo."	TRUE
"1098_Tecozautla"	1098	"Tecozautla"	"Infraestructura Hídrica"	2022	"Construcción de sistema integral de agua potable para las localidades de Bomanxotha y Bothé, municipio de Tecozautla, etapa una de tres."	"Bomanxotha"	2129	"CEAA"	"Considera los trabajos de líneas de distribución con la instalación de tubería, tomas domiciliarias. en la localidad de Bomanxotha municipio de  Tecozautla"	TRUE
"1099_Tecozautla"	1099	"Tecozautla"	"Infraestructura Carretera"	2024	"Empedrado Ahogado en camino de interconexión Bomanxotha - La Mesilla, en el municipio de Tecozautla"	"Bomanxotha"	2129	"DGOPI"	"Considera los trabajos de preliminares, terracerías, instalación sanitaria, pavimento de empedrado."	TRUE
"110_Atotonilco de Tula"	110	"Atotonilco de Tula"	"Infraestructura Carretera"	2025	"Modernización de carretera Refugio - Texas, en el municipio de Atotonilco de Tula"	"Atotonilco de Tula"	NA	"SIPDUS"	NA	TRUE
"1101_Tecozautla"	1101	"Tecozautla"	"Infraestructura Carretera"	2024	"Construye Tu Camino del tramo Camino Real Oriente en la localidad Gandhó, en el municipio de Tecozautla."	"Gandho"	NA	"DGCCE"	"Considera los trabajos de construcción de huellas de concreto hidráulico y empedrado en la localidad, el cual consta de terracerías y pisos de concreto."	TRUE
"1102_Tecozautla"	1102	"Tecozautla"	"Infraestructura Carretera"	2024	"Reconstrucción del camino Gandhó - Al Crucero (Carretera Tecozautla - Huichapan), en el municipio de Tecozautla"	"Gandho"	2382	"DGOPI"	"Considera trabajos para la reconstrucción y/o conservación de Infraestructura Carretera en la localidad de Gandho municipio de Tecozautla"	TRUE
"1104_Tecozautla"	1104	"Tecozautla"	"Vialidades Urbanas"	2023	"Empedrado ahogado en libramiento Bojhay a centro de Pañhé, en el municipio de Tecozautla."	"Pañhé"	2560	"DGCCE"	"Considera trabajos en la rehabilitación y/o mejoramiento de las vialidades urbanas en la localidad de Pañhé muncipio de Tecozautla"	TRUE
"1105_Tecozautla"	1105	"Tecozautla"	"Espacios Públicos"	2024	"Construcción del Corredor Artesanal en la localidad de Pañhe, municipio de Tecozautla"	"Pañhé"	2560	"DGEP"	"Considera trabajos en infraestructura del Espacio Público en la localidad Pañhé en el municipio de Tecozautla."	TRUE
"1106_Tecozautla"	1106	"Tecozautla"	"Vialidades Urbanas"	2023	"Concreto hidráulico en Tecozautla calle Gardenia"	"Tecozautla"	6701	"DGIVC"	"Considera los trabajos de preliminares, riego de impregnación, piso para pavimento de concreto hidráulico."	TRUE
"1107_Tecozautla"	1107	"Tecozautla"	"Espacios Públicos"	2024	"Construcción de trota pista, espacios lúdicos y gimnasio al aire libre, en la Reserva Centro (Cancha de Futbol 7), en la cabecera municipal de Tecozautla"	"Tecozautla"	6701	"DGOPI"	"Considera trabajos en infraestructura deportiva en el municipio de Tecozautla."	TRUE
"1108_Tecozautla"	1108	"Tecozautla"	"Infraestructura Hídrica"	2024	"Construcción de líneas de distribución de agua potable en Fraccionamiento la Cruz de Piedra, municipio de Tecozautla"	"Tecozautla"	NA	"DGOPI"	"Considera los trabajos de mejoramiento en Infraestructura hídrica en la localidad de Tecozautla municipio de Tecozautla"	TRUE
"111_Atotonilco de Tula"	111	"Atotonilco de Tula"	"Vialidades Urbanas"	2023	"Construcción de pavimentación asfáltica en Lázaro Cárdenas"	"Conejos"	4705	"DGOPI"	"Considera los trabajos de capa subbase, riego de impregnación, suministro y aplicación de riego de liga con emulsión asfáltica"	TRUE
"1112_Tenango de Doria"	1112	"Tenango de Doria"	"Espacios Públicos"	2023	"Arco de Bienvenida Tenango de Doria"	"El Damo"	2433	"DGCCE"	"Considera trabajos en infraestructura del Espacio Público en la localidad El Damo en el municipio de Tenango de Doria."	TRUE
"1114_Tenango de Doria"	1114	"Tenango de Doria"	"Infraestructura Hídrica"	2024	"SAP El Temapá.- Línea de conducción 355.00 m de tubería de FoGo de 2 de diámetro."	"El Temapá"	255	"CEAA"	"Considera los trabajos de instalación de tubería, rellenos con material producto de excavación, prueba de la tubería en la comunidad."	TRUE
"1115_Tenango de Doria"	1115	"Tenango de Doria"	"Infraestructura Hídrica"	2024	"SAP La Reforma.- En red de distribución 58.00 m de tubería de FoGo de  2 de diámetro 58 m de tubería de 1 1/4 de diámetro, 60.60 m de 2 de diámetro de PVC, en linea de conducción 25.60 m de tubo de FoGo de 3 de diámetro en linea de conducción."	"La Reforma"	155	"CEAA"	"Considera los trabajos de instalación de tubería, rellenos con material producto de excavación, prueba de la tubería en la comunidad."	TRUE
"1116_Tenango de Doria"	1116	"Tenango de Doria"	"Infraestructura Carretera"	2023	"Pavimentación del tramo carretero San Pablo El Grande, entronque a San Nicolás"	"San Nicolás"	793	"DGCCE"	"considera los trabajos de terracerías, estabilización, riego de impregnación, carpeta de concreto asfáltico, cunetas, señalamiento horizontal"	TRUE
"1117_Tenango de Doria"	1117	"Tenango de Doria"	"Infraestructura Carretera"	2023	"Pavimentación C.R. Santa María Temaxcalapa - Cerro Chiquito."	"Santa María Temaxcalapa"	1052	"DGCCE"	"Considera los trabajos de Preliminares, piso para pavimento de concreto"	TRUE
"1118_Tenango de Doria"	1118	"Tenango de Doria"	"Infraestructura Carretera"	2023	"Reconstrucción de la C.E. Desdavi a Santa María Temaxcalapa."	"Santa María Temaxcalapa"	NA	"DGCCE"	"Considera trabajos para la reconstrucción y/o conservación de Infraestructura Carretera en la localidad de Santa María Temaxcalapa municipio de Tenango de Doria"	TRUE
"1119_Tenango de Doria"	1119	"Tenango de Doria"	"Vialidades Urbanas"	2025	"Rehabilitación de pavimentación hidráulica en calle de acceso a la localidad de Santa María Temaxcalapa, en el municipio de Tenango de Doria"	"Santa María Temaxcalapa"	NA	"SIPDUS"	NA	TRUE
"112_Atotonilco el Grande"	112	"Atotonilco el Grande"	"Infraestructura Hídrica"	2024	"Construcción de interconexiones a la Línea de Conducción del Sistema de Agua Potable Los Berros, en el municipio de Atotonilco El Grande"	"Atotonilco El Grande"	8417	"DGCCE"	"Considera los trabajos de instalación de tubería, prueba de la tubería en la comunidad."	TRUE
"1120_Tenango de Doria"	1120	"Tenango de Doria"	"Infraestructura Carretera"	2024	"Construcción de pavimentación asfáltica en la localidad de Santa Mónica, municipio de Tenango de Doria."	"Santa Mónica"	1381	"DGCCE"	"Considera los trabajos de capa subbase, riego de impregnación, suministro y aplicación de riego de liga con emulsión asfáltica"	TRUE
"1121_Tenango de Doria"	1121	"Tenango de Doria"	"Infraestructura Hídrica"	2023	"Sustitución de Línea de conducción de agua potable de la cabecera municipal de Tenango de Doria, estado de Hidalgo."	"Tenango de Doria"	2614	"CEAA"	"Considera los trabajos de instalación de tubería, rellenos con material producto de excavación, prueba de la tubería en la comunidad."	TRUE
"1122_Tenango de Doria"	1122	"Tenango de Doria"	"Infraestructura Carretera"	2023	"Rehabilitación de la C.E. Metepec-Tenango de Doria."	"Tenango de Doria"	NA	"DGCCE"	"Considera trabajos para la reconstrucción y/o conservación de Infraestructura Carretera en la localidad de Tenango de Doria municipio de Tenango de Doria"	TRUE
"1123_Tenango de Doria"	1123	"Tenango de Doria"	"Espacios Públicos"	2024	"Segunda etapa del Centro Cultural Regional de la Sierra Otomí Tepehua"	"Tenango de Doria"	2614	"DGOPI"	"Considera trabajos en infraestructura del Espacio Público en el municipio de Tenango de Doria."	TRUE
"1124_Tenango de Doria"	1124	"Tenango de Doria"	"Infraestructura Carretera"	2025	"Construcción de pavimentación en camino rural tramo Piedras  Negras - El Bopo, en el municipio de Tenango de Doria"	"Tenango de Doria"	NA	"SIPDUS"	NA	TRUE
"1128_Tepeapulco"	1128	"Tepeapulco"	"Infraestructura Carretera"	2024	"Pavimentación asfáltica del tramo Francisco Sarabia - entronque Tlacatepa, en la localidad de Francisco Sarabia del municipio de Tepeapulco"	"Francisco Sarabia (Corralillos)"	412	"DGCCE"	"Considera los trabajos de capa subbase, riego de impregnación, suministro y aplicación de riego de liga con emulsión asfáltica"	TRUE
"113_Atotonilco el Grande"	113	"Atotonilco el Grande"	"Infraestructura Carretera"	2023	"Construcción de pavimento hidráulico en salida principal Avenida Juárez"	"Atotonilco El Grande"	8417	"DGOPI"	"Considera los trabajos de preliminares, piso para pavimento de concreto hidráulico."	TRUE
"1130_Tepeapulco"	1130	"Tepeapulco"	"Vialidades Urbanas"	2023	"Construcción de pavimento hidráulico en calle Álamos, en el municipio de Tepeapulco"	"Fray Bernanrdino de Sahagún (Ciudad Sahagún)"	31737	"DGCCE"	"Considera los trabajos de preliminares, piso para pavimento de concreto hidráulico."	TRUE
"1131_Tepeapulco"	1131	"Tepeapulco"	"Espacios Públicos"	2023	"Fortalecimiento para la Atención de Niñas, Niños y Adolescentes Migrantes en Ciudad Sahagún Estado de Hidalgo, para la Construcción del Albergue para Niñez y Adolescencia Migrante Acompañada y no Acompañada"	"Fray Bernardino de Sahagún (Ciudad Sahagún)"	31737	"DGOPI"	"Considera trabajos en infraestructura del Espacio Público en el municipio de Tepeapulco."	TRUE
"1132_Tepeapulco"	1132	"Tepeapulco"	"Vialidades Urbanas"	2023	"Reconstrucción de la avenida Diesel Nacional; en el municipio de Tepeapulco."	"Fray Bernardino de Sahagún (Ciudad Sahagún)"	NA	"DGOPI"	"Considera trabajos en la rehabilitación y/o mejoramiento de las vialidades urbanas en la localidad de Fray Bernardino de Sahagún (Ciudad Sahagún) muncipio de Tepeapulco"	TRUE
"1133_Tepeapulco"	1133	"Tepeapulco"	"Vialidades Urbanas"	2023	"Construcción de pavimento hidráulico en calle Jaspe, en el municipio de Tepeapulco"	"Fray Bernardino de Sahagún (Ciudad Sahagún)"	NA	"DGCCE"	"Considera los trabajos de preliminares, piso para pavimento de concreto hidráulico."	TRUE
"1135_Tepeapulco"	1135	"Tepeapulco"	"Vialidades Urbanas"	2023	"Construcción de Pavimentación Asfáltica en Calle Guadalupe Col. 21 de Julio; en el municipio de Tepeapulco ."	"Fray Bernardino de Sahagún (Ciudad Sahagún)"	NA	"DGOPI"	"Considera los trabajos de capa subbase, riego de impregnación, suministro y aplicación de riego de liga con emulsión asfáltica"	TRUE
"1136_Tepeapulco"	1136	"Tepeapulco"	"Vialidades Urbanas"	2023	"Pavimentación asfáltica del Corredor Industrial."	"Fray Bernardino de Sahagún (Ciudad Sahagún)"	NA	"DGCCE"	"Considera los trabajos de capa subbase, riego de impregnación, suministro y aplicación de riego de liga con emulsión asfáltica"	TRUE
"1137_Tepeapulco"	1137	"Tepeapulco"	"Espacios Públicos"	2024	"Levantamiento topográfico para reconocimiento y delimitación de bienes inmuebles, propiedad de la Corporación de Fomento de Infraestructura Industrial (Reserva de las 311 Ha); ubicada en Cd. Sahagún, municipio de Tepeapulco, Estado de Hidalgo."	"Fray Bernardino de Sahagún (Ciudad Sahagún)"	31737	"DGEP"	"Considera trabajos en infraestructura del Espacio Público en el municipio de Tepeapulco."	TRUE
"1138_Tepeapulco"	1138	"Tepeapulco"	"Espacios Públicos"	2024	"Análisis costo beneficio del Proyecto de acceso a la Reserva Denominada de las 311 HA en Cd. Sahagún."	"Fray Bernardino de Sahagún (Ciudad Sahagún)"	NA	"DGEP"	"Considera trabajos en infraestructura del Espacio Público en el municipio de Tepeapulco."	TRUE
"1139_Tepeapulco"	1139	"Tepeapulco"	"Vialidades Urbanas"	2024	"Reconstrucción de la Avenida Corredor Industrial 2a. etapa en el Parque industrial Sahagún, en el municipio de Tepeapulco."	"Fray Bernardino de Sahagún (Ciudad Sahagún)"	NA	"DGEP"	"Considera trabajos en la rehabilitación y/o mejoramiento de las vialidades urbanas en la localidad de Fray Bernardino de Sahagún (Ciudad Sahagún) muncipio de Tepeapulco"	TRUE
"114_Atotonilco el Grande"	114	"Atotonilco el Grande"	"Vialidades Urbanas"	2022	"Construcción de pavimentación hidráulica en calle México, en la localidad de Cerro Colorado, municipio de Atotonilco el Grande"	"Cerro Colorado"	707	"DGCCE"	"Considera los trabajos de preliminares, piso para pavimento de concreto hidráulico."	TRUE
"1141_Tepeapulco"	1141	"Tepeapulco"	"Vialidades Urbanas"	2023	"Construcción de pavimento de Calle 16 de Enero, Col. El Calvario, municipio de Tepeapulco"	"Tepeapulco"	16368	"DGOPI"	"Considera los trabajos de preliminares, piso para pavimento de concreto hidráulico."	TRUE
"1143_Tepeapulco"	1143	"Tepeapulco"	"Espacios Públicos"	2024	"Rehabilitación de CGI de Tepeapulco"	"Tepeapulco"	16368	"DGOPI"	"Considera trabajos en infraestructura del Espacio Público en el municipio de Tepeapulco."	TRUE
"1144_Tepeapulco"	1144	"Tepeapulco"	"Vialidades Urbanas"	2024	"Construcción de Avenida Calzada Periférica 1ra. Etapa, Cd. Sahagún Municipio Tepeapulco."	"Tepeapulco"	NA	"DGCCE"	"Considera trabajos en la rehabilitación y/o mejoramiento de las vialidades urbanas en el muncipio de Tepeapulco"	TRUE
"1149_Tepehuacán de Guerrero"	1149	"Tepehuacán de Guerrero"	"Infraestructura Carretera"	2023	"Construye tu Camino del Acceso a Acuimantla, en el municipio de Tepehuacán de Guerrero."	"Acuimantla"	1400	"DGCCE"	"Considera los trabajos de construcción de huellas de concreto hidráulico y empedrado en la localidad, el cual consta de terracerías y pisos de concreto."	TRUE
"115_Atotonilco el Grande"	115	"Atotonilco el Grande"	"Vialidades Urbanas"	2023	"Construcción de pavimento hidráulico en calle Los Fresnos; en el municipio de Atotonilco el Grande."	"La Puebla"	1195	"DGCCE"	"Considera los trabajos de preliminares, piso para pavimento de concreto hidráulico."	TRUE
"1150_Tepehuacán de Guerrero"	1150	"Tepehuacán de Guerrero"	"Infraestructura Carretera"	2024	"Rehabilitación de camino puente Cahuazas, sobre el camino Cahuazas a Ixtlapalaco, en el municipio de Tepehuacán de Guerrero."	"Cahuazaz de Morelos (Rancho Alegre)"	667	"DGOPI"	"Considera los trabajos de demoliciones, zampeados, pavimentación en accesos"	TRUE
"1152_Tepehuacán de Guerrero"	1152	"Tepehuacán de Guerrero"	"Infraestructura Carretera"	2024	"Rehabilitación de camino E.C. de Tepehuacán a San Juan Ahuehueco, a Choquintla, en el municipio de Tepehuacán de Guerrero."	"Choquintla (San Nicolás Choquintla)"	3400	"DGOPI"	"Considera los trabajos de preliminares, revestimiento de camino en la localidad de Choquintla (San Nicolás Choquintla) municipio de Tepehuacán de Guerrero"	TRUE
"1153_Tepehuacán de Guerrero"	1153	"Tepehuacán de Guerrero"	"Infraestructura Carretera"	2023	"Rehabilitación del tramo Ixtlapalaco - Cahuazas, del Km 0+000 al Km 7+000; en el municipio de Tepehuacán de Guerrero."	"Ixtlapalaco"	515	"DGOPI"	"Se consideran trabajos de revestimiento, cunetas y limpieza de cunetas."	TRUE
"1154_Tepehuacán de Guerrero"	1154	"Tepehuacán de Guerrero"	"Infraestructura Carretera"	2024	"Rehabilitación de camino de San Andrés a La Palma, en el municipio de Tepehuacan de Guerrero."	"La Palma"	762	"DGOPI"	"Considera los trabajos de preliminares, revestimiento de camino en la localidad de La Palma municipio de Tepehuacán de Guerrero"	TRUE
"1155_Tepehuacán de Guerrero"	1155	"Tepehuacán de Guerrero"	"Infraestructura Hídrica"	2023	"Rehabilitación del Sistema de agua potable de la localidad de La Reforma, municipio de Tepehuacán de Guerrero"	"La Reforma"	1233	"SIPDUS"	"Considera los trabajos de instalación de tubería, rellenos con material producto de excavación, prueba de la tubería en la comunidad."	TRUE
"1156_Tepehuacán de Guerrero"	1156	"Tepehuacán de Guerrero"	"Infraestructura Carretera"	2023	"Rehabilitación del acceso a La Reforma, del Km 0+000 al Km 4+000; en el municipio de Tepehuacán de Guerrero"	"La Reforma"	NA	"DGOPI"	"Se consideran trabajos de revestimiento, cunetas y limpieza de cunetas."	TRUE
"1157_Tepehuacán de Guerrero"	1157	"Tepehuacán de Guerrero"	"Infraestructura Carretera"	2024	"Construcción de pavimentación hidráulica acceso a Petlapixca, en el municipio de Tepehuacán de Guerrero"	"Petlapixca"	844	"DGOPI"	"Considera los trabajos de preliminares y pavimento hidráulico."	TRUE
"1158_Tepehuacán de Guerrero"	1158	"Tepehuacán de Guerrero"	"Infraestructura Carretera"	2024	"Rehabilitación de camino E.C. de Tamala a Tepehuacan, a San Miguel, del km 0.000 al km 9.400, en el municipio de Tepehuacan de Guerrero."	"San Miguel Ayotempa"	2783	"DGCCE"	"Considera los trabajos de preliminares, revestimiento de camino en la localidad de San Miguel Ayotempa municipio de Tepehuacán de Guerrero"	TRUE
"1159_Tepehuacán de Guerrero"	1159	"Tepehuacán de Guerrero"	"Infraestructura Carretera"	2023	"Rehabilitación del tramo Tenango - Ahuatetla, del km 0+000 al km 7+300; en el municipio de Tepehuacán de Guerrero"	"Tenango"	150	"DGOPI"	"Se consideran trabajos de revestimiento, cunetas y limpieza de cunetas."	TRUE
"116_Atotonilco el Grande"	116	"Atotonilco el Grande"	"Infraestructura Hídrica"	2022	"Construcción de ampliación de red de agua potable en Los Tepetates"	"Los Tepetates"	437	"CEAA"	"Considera los trabajos de instalación de tubería, rellenos con material producto de excavación, prueba de la tubería en la comunidad."	TRUE
"1160_Tepehuacán de Guerrero"	1160	"Tepehuacán de Guerrero"	"Infraestructura Carretera"	2024	"Muro de contención en la comunidad de Texcapa, municipio de Tepehuacán de Guerrero."	"Texcapa"	2241	"DGOPI"	"Considera en los trabajos la construcción de muros de contención en la Localidad de Texcapa."	TRUE
"1161_Tepehuacán de Guerrero"	1161	"Tepehuacán de Guerrero"	"Infraestructura Carretera"	2023	"Rehabilitación del tramo Teyahuala - Coyutla, del Km 0+000 al Km 3+000; en el municipio de Tepehuacán de Guerrero."	"Teyahuala"	720	"DGOPI"	"Se consideran trabajos de revestimiento, cunetas y limpieza de cunetas."	TRUE
"1162_Tepehuacán de Guerrero"	1162	"Tepehuacán de Guerrero"	"Infraestructura Carretera"	2023	"Rehabilitación del acceso a Tizapa, del km 0+000 al km 5+500; en el municipio de Tepehuacán de Guerrero"	"Tizapa"	289	"DGOPI"	"Se consideran trabajos de revestimiento, cunetas y limpieza de cunetas."	TRUE
"1166_Tepehuacán de Guerrero"	1166	"Tepehuacán de Guerrero"	"Infraestructura Carretera"	2023	"Rehabilitación del tramo Xiliapa - Acoyotla, del km 0+000 al km 6+000; en el municipio de Tepehuacán de Guerrero"	"Xiliapa"	153	"DGOPI"	"Se consideran trabajos de revestimiento, cunetas y limpieza de cunetas."	TRUE
"1167_Tepehuacán de Guerrero"	1167	"Tepehuacán de Guerrero"	"Infraestructura Carretera"	2023	"Rehabilitación del acceso a Zacualtipanito, del Km 0+000 al Km 4+000; en el municipio de Tepehuacán de Guerrero"	"Zacualtipanito"	1640	"DGOPI"	"Se consideran trabajos de revestimiento, cunetas y limpieza de cunetas."	TRUE
"1168_Tepehuacán de Guerrero"	1168	"Tepehuacán de Guerrero"	"Infraestructura Carretera"	2024	"Construcción de pavimentación hidráulica acceso a Zacualtipanito, en el municipio de Tepehuacán de Guerrero"	"Zacualtipanito"	1640	"DGOPI"	"Considera los trabajos de preliminares y pavimento hidráulico."	TRUE
"1169_Tepeji del Río de Ocampo"	1169	"Tepeji del Río de Ocampo"	"Infraestructura Carretera"	2024	"Pavimentación asfáltica del camino rural de San Buenaventura - Cantera de Villagrán, en el municipio de Tepeji del Río"	"Cantera de Villagrán"	2026	"DGIVC"	"Considera los trabajos de capa subbase, riego de impregnación, suministro y aplicación de riego de liga con emulsión asfáltica"	TRUE
"117_Atotonilco el Grande"	117	"Atotonilco el Grande"	"Infraestructura Carretera"	2024	"Construye Tu Camino del tramo Camino de la Región de Comunidades Unidas, en el Municipio de Atotonilco el Grande"	"Paraje de Los Sauces"	1350	"DGCCE"	"Considera los trabajos de construcción de huellas de concreto hidráulico y empedrado en la localidad, el cual consta de terracerías y pisos de concreto."	TRUE
"1170_Tepeji del Río de Ocampo"	1170	"Tepeji del Río de Ocampo"	"Infraestructura Hídrica"	2022	"Construcción de sistema de agua potable de San Buenaventura, etapa una de diez"	"San Buenaventura"	4362	"CEAA"	"Considera los trabajos de líneas de distribución con la instalación de tubería, tomas domiciliarias. en la localidad de San Buenaventura municipio de  Tepeji del Río de Ocampo"	TRUE
"1171_Tepeji del Río de Ocampo"	1171	"Tepeji del Río de Ocampo"	"Infraestructura Hídrica"	2024	"Construcción de sistema de agua potable de San Buenaventura, etapa tres de diez"	"San Buenaventura"	4362	"CEAA"	"Considera los trabajos de líneas de distribución con la instalación de tubería, tomas domiciliarias. en la localidad de San Buenaventura municipio de  Tepeji del Río de Ocampo"	TRUE
"1172_Tepeji del Río de Ocampo"	1172	"Tepeji del Río de Ocampo"	"Infraestructura Carretera"	2023	"Pavimentación de acceso al COBAEH de San Ildefonso, en el municipio de Tepeji del Río."	"San Ildefonso"	4231	"DGCCE"	"Se consideran trabajos de revestimiento, cunetas y limpieza de cunetas."	TRUE
"1173_Tepeji del Río de Ocampo"	1173	"Tepeji del Río de Ocampo"	"Infraestructura Hídrica"	2023	"Perforación exploratoria de pozo en Santa María Magdalena, Tepeji del Río de Ocampo"	"Santa María Magdalena"	2366	"CEAA"	"Considera los trabajos de preliminares, perforación de pozo en la localidad de Santa María Magdalena municipio de Tepeji del Río de Ocampo"	TRUE
"1174_Tepeji del Río de Ocampo"	1174	"Tepeji del Río de Ocampo"	"Infraestructura Hídrica"	2024	"Terminación de pozo Santa María Magdalena, municipio de Tepeji del Río"	"Santa María Magdalena"	2366	"CEAA"	"Considera los trabajos para la construcción de pozo en la localidad de El Olivo municipio de Ixmiquilpan."	TRUE
"1175_Tepeji del Río de Ocampo"	1175	"Tepeji del Río de Ocampo"	"Infraestructura Hídrica"	2023	"Construcción de sistema de agua potable de San Buenaventura, etapa dos de diez, Tepeji del Río de Ocampo"	"Tepeji del Río"	NA	"CEAA"	"Considera los trabajos de líneas de distribución con la instalación de tubería, tomas domiciliarias. en la localidad de Tepeji del Río municipio de  Tepeji del Río de Ocampo"	TRUE
"1176_Tepeji del Río de Ocampo"	1176	"Tepeji del Río de Ocampo"	"Infraestructura Carretera"	2023	"Reconstrucción de la carretera estatal acceso a Tepeji del Río, municipio de Tepeji del Río"	"Tepeji del Río de Ocampo"	36618	"DGOPI"	"Considera trabajos para la reconstrucción y/o conservación de Infraestructura Carretera en la localidad de Tepeji del Río de Ocampo municipio de Tepeji del Río de Ocampo"	TRUE
"1177_Tepeji del Río de Ocampo"	1177	"Tepeji del Río de Ocampo"	"Infraestructura Carretera"	2025	"Construcción de Puente Nuevo Denominado La Romera, en el municipio de Tepej del Río de Ocampo"	"Tepeji del Río de Ocampo"	NA	"SIPDUS"	NA	TRUE
"1178_Tepeji del Río de Ocampo"	1178	"Tepeji del Río de Ocampo"	"Espacios Públicos"	2023	"Fortalecimiento para la Atención de Niñas, Niños y Adolescentes Migrantes en el Municipio de Tepeji del Río, Estado de Hidalgo, para la construcción del Albergue para Niñez y Adolescencia Migrante Acompañada y no Acompañada"	"Tepejí del Río de Ocampo"	NA	"DGOPI"	"Considera trabajos en infraestructura del Espacio Público en el municipio de Tepeji del Río de Ocampo."	TRUE
"1179_Tepetitlán"	1179	"Tepetitlán"	"Vialidades Urbanas"	2024	"Pavimentación hidráulica en calle Olivos, ampliación segunda manzana, en el municipio de Tepetitlán"	"Colonia Ampliación (Segunda Manzana)"	676	"DGIVC"	"Considera los trabajos de preliminares, piso para pavimento de concreto hidráulico."	TRUE
"118_Atotonilco el Grande"	118	"Atotonilco el Grande"	"Vialidades Urbanas"	2024	"Construcción de pavimento hidráulico en calle La Piaña, Santa María Amajac; en el municipio de Atotonilco el  Grande."	"Santa María Amajac"	1510	"DGCCE"	"Considera los trabajos de preliminares, piso para pavimento de concreto hidráulico."	TRUE
"1180_Tepetitlán"	1180	"Tepetitlán"	"Infraestructura Carretera"	2023	"Rehabilitación de la C.E. Tula de Allende - Tepetitlán, en el municipio de Tepetitlán."	"General Pedro María Anaya"	NA	"DGOPI"	"Considera trabajos para la reconstrucción y/o conservación de Infraestructura Carretera en la localidad de General Pedro María Anaya municipio de Tepetitlán"	TRUE
"1181_Tepetitlán"	1181	"Tepetitlán"	"Vialidades Urbanas"	2023	"Pavimentación hidráulica en calle Galo, en la localidad Gral. Pedro María Anaya, municipio de Tepetitlán."	"General Pedro María Anaya"	1499	"DGIVC"	"Considera los trabajos de preliminares, piso para pavimento de concreto hidráulico."	TRUE
"1182_Tepetitlán"	1182	"Tepetitlán"	"Infraestructura Hídrica"	2022	"Construcción de sistema integral de agua potable del pozo Jaguey En La Loma, Tepetitlán, etapa dos de ocho."	"La Loma"	1134	"CEAA"	"Considera los trabajos de líneas de distribución con la instalación de tubería, tomas domiciliarias. en la localidad de La Loma municipio de  Tepetitlán"	TRUE
"1183_Tepetitlán"	1183	"Tepetitlán"	"Vialidades Urbanas"	2024	"Pavimentación hidráulica de calle Michimaloyan, en la localidad de la Loma, municipio de Tepetitlán"	"La Loma"	1134	"DGIVC"	"Considera los trabajos de preliminares, piso para pavimento de concreto hidráulico."	TRUE
"1184_Tepetitlán"	1184	"Tepetitlán"	"Espacios Públicos"	2023	"Rehabilitación del Polideportivo en cabecera municipal de Tepetitlán."	"Tepetitlán"	836	"DGCCE"	"Considera trabajos en infraestructura del Espacio Público en el municipio de AcaxoTepetitlánchitlán."	TRUE
"1185_Tepetitlán"	1185	"Tepetitlán"	"Infraestructura Carretera"	2025	"Pavimentación hidráulica de acceso a la Col. El Xithi, primera sección, en el municipio de Tepetitlán."	"Tepetitlán"	NA	"SIPDUS"	NA	TRUE
"1186_Tetepango"	1186	"Tetepango"	"Infraestructura Carretera"	2024	"Reconstrucción de la C.E. Juandhó - Ulapa- Tetepango, en el municipio de Tetepango"	"La Hormiga"	24	"DGCCE"	"Considera trabajos para la reconstrucción y/o conservación de Infraestructura Carretera en la localidad de La Hormiga municipio de Tetepango"	TRUE
"1187_Tetepango"	1187	"Tetepango"	"Vialidades Urbanas"	2023	"Construcción de pavimentación hidráulica en calle Lázaro Cárdenas, colonia Rojo Gómez; en el municipio de Tetepango"	"Tetepango"	9145	"DGOPI"	"Considera los trabajos de preliminares, piso para pavimento de concreto hidráulico."	TRUE
"1188_Tetepango"	1188	"Tetepango"	"Vialidades Urbanas"	2023	"Construcción de pavimentación hidráulica en calle Las Torres, municipio de Tetepango"	"Tetepango"	NA	"DGOPI"	"Considera los trabajos de preliminares, piso para pavimento de concreto hidráulico."	TRUE
"1189_Tezontepec de Aldama"	1189	"Tezontepec de Aldama"	"Infraestructura Carretera"	2023	"Construye Tu Camino en la localidad de Santa María Nativitas Atengo, en el municipio de Tezontepec de Aldama."	"Atengo"	300	"DGCCE"	"Considera los trabajos de construcción de huellas de concreto hidráulico y empedrado en la localidad, el cual consta de terracerías y pisos de concreto."	TRUE
"1191_Tezontepec de Aldama"	1191	"Tezontepec de Aldama"	"Infraestructura Carretera"	2023	"Construye tu Camino del Acceso Panuaya - Centro, municipio de Tezontepec de Aldama."	"Panuaya"	NA	"DGCCE"	"Considera los trabajos de construcción de huellas de concreto hidráulico y empedrado en la localidad, el cual consta de terracerías y pisos de concreto."	TRUE
"1192_Tezontepec de Aldama"	1192	"Tezontepec de Aldama"	"Infraestructura Carretera"	2023	"Construye Tu Camino del Acceso Panuaya - Mangas, en el municipio de Tezontepec de Aldama."	"Panuaya"	5061	"DGCCE"	"Considera los trabajos de construcción de huellas de concreto hidráulico y empedrado en la localidad, el cual consta de terracerías y pisos de concreto."	TRUE
"1193_Tezontepec de Aldama"	1193	"Tezontepec de Aldama"	"Vialidades Urbanas"	2023	"Pavimentación de concreto hidráulico y construcción de línea de alcantarillado sanitario, en calle de Acceso al Banco Bienestar, en el municipio de Tezontepec de Aldama"	"Presas"	7798	"DGIVC"	"Considera los trabajos de preliminares, riego de impregnación, piso para pavimento de concreto hidráulico."	TRUE
"1196_Tezontepec de Aldama"	1196	"Tezontepec de Aldama"	"Infraestructura Hídrica"	2024	"Construcción de ampliación del sistema de agua potable San Gabriel.(Terminación)"	"San Gabriel"	NA	"CEAA"	"Considera los trabajos de líneas de distribución con la instalación de tubería, tomas domiciliarias. en la localidad de San Gabriel municipio de  Tezontepec de Aldama"	TRUE
"1198_Tezontepec de Aldama"	1198	"Tezontepec de Aldama"	"Vialidades Urbanas"	2023	"Pavimentación hidráulica de la calle Rio Tula, en la colonia San Juan; en el municipio de Tezontepec de Aldama."	"San Juan (Colonia)"	1300	"DGIVC"	"Considera los trabajos de preliminares, piso para pavimento de concreto hidráulico."	TRUE
"12_Acaxochitlán"	12	"Acaxochitlán"	"Vialidades Urbanas"	2022	"Pavimentación con concreto hidráulico en calle de acceso principal a la comunidad de Paredones, municipio de Acaxochitlán"	"Paredones Huitzilingo"	5113	"DGIVC"	"Considera los trabajos de preliminares, riego de impregnación, piso para pavimento de concreto hidráulico."	TRUE
"120_Calnali"	120	"Calnali"	"Infraestructura Carretera"	2024	"Construcción de muro de contención de la C.E. Ixtlahuaco - Calnali, Ahuacatlán, municipio de Calnali"	"Ahuacatlán"	821	"DGOPI"	"Considera en los trabajos la construcción de muros de contención en la Localidad de Ahuacatlán."	TRUE
"1200_Tianguistengo"	1200	"Tianguistengo"	"Infraestructura Carretera"	2024	"Rehabilitacion C.R. crucero de Otlamalacatla a Xochimilco, subtramo Otlamalacatla El Hormiguero, en el municipio de Tianguistengo."	"Otlamalacatla"	926	"DGCCE"	"Considera los trabajos de terracerías, pavimento de concreto hidráulico, reafinamiento , obras complementarias."	TRUE
"1201_Tianguistengo"	1201	"Tianguistengo"	"Infraestructura Carretera"	2024	"Rehabilitación de la C.E. Zacualtipán a Soyatla, tramo Oxpantla a Soyatla, en el municipio de Tianguistengo"	"Soyatla"	732	"DGCCE"	"Considera trabajos para la reconstrucción y/o conservación de Infraestructura Carretera en la localidad de Soyatla municipio de Tianguistengo"	TRUE
"1202_Tianguistengo"	1202	"Tianguistengo"	"Infraestructura Carretera"	2023	"Reconstrucción de la C.E. Ramal - Tianguistengo (Acceso a Tianguistengo)"	"Tianguistengo"	1731	"DGCCE"	"Considera trabajos para la reconstrucción y/o conservación de Infraestructura Carretera en la localidad de Tianguistengo municipio de Tianguistengo"	TRUE
"1203_Tianguistengo"	1203	"Tianguistengo"	"Infraestructura Carretera"	2025	"Modernización del camino tramo Tianguistengo - Chinameca, en el municipio de Tianguistengo"	"Tianguistengo"	NA	"SIPDUS"	NA	TRUE
"1206_Tianguistengo"	1206	"Tianguistengo"	"Infraestructura Carretera"	2023	"Construye Tu Camino del Tramo Xochimilco - Polintotla, en el municipio de Tianguistengo."	"Xochimilco"	1000	"DGCCE"	"Considera los trabajos de construcción de huellas de concreto hidráulico y empedrado en la localidad, el cual consta de terracerías y pisos de concreto."	TRUE
"1207_Tizayuca"	1207	"Tizayuca"	"Vialidades Urbanas"	2024	"Construcción de calle en la localidad de Tepojaco, en el municipio de Tizayuca"	"Tepojaco"	8361	"DGOPI"	"Considera los trabajos de preliminares, piso para pavimento de concreto hidráulico."	TRUE
"121_Calnali"	121	"Calnali"	"Infraestructura Carretera"	2024	"Reconstrucción de la C.E. Calnali a Papatlatla, Paso por Calnali, en el municipio de Calnali"	"Calnali"	4235	"DGIVC"	"Considera trabajos para la reconstrucción y/o conservación de Infraestructura Carretera en la localidad de Calnali municipio de Calnali"	TRUE
"1215_Tlahuelilpan"	1215	"Tlahuelilpan"	"Espacios Públicos"	2023	"Rehabilitación de Centro Gerontológico Integral de Tlahuelilpan"	"Tlahuelilpan"	NA	"DGCCE"	"Considera trabajos en infraestructura del Espacio Público en el municipio de Tlahuelilpan."	TRUE
"1216_Tlahuelilpan"	1216	"Tlahuelilpan"	"Infraestructura Carretera"	2023	"Reconstrucción de la C.E. Mixquiahuala - Tula (paso por Tlahuelilpan)."	"Tlahuelilpan"	8657	"DGIVC"	"Considera trabajos para la reconstrucción y/o conservación de Infraestructura Carretera en la localidad de Tlahuelilpan municipio de Tlahuelilpan"	TRUE
"1217_Tlahuelilpan"	1217	"Tlahuelilpan"	"Infraestructura Carretera"	2024	"Rehabilitación de pavimento libramiento Tlahuelilpan."	"Tlahuelilpan"	8657	"DGIVC"	"Considera trabajos para la reconstrucción y/o conservación de Infraestructura Carretera en la localidad de Tlahuelilpan municipio de Tlahuelilpan"	TRUE
"1218_Tlahuelilpan"	1218	"Tlahuelilpan"	"Infraestructura Carretera"	2025	"Rehabilitación de pavimento libramiento Tlahuelilpan, segunda etapa, en el municipio de Tlahuelilpan"	"Tlahuelilpan"	NA	"SIPDUS"	NA	TRUE
"122_Calnali"	122	"Calnali"	"Espacios Públicos"	2025	"Construcción de Andadores Turísticos en el Centro Histórico de Calnali"	"Calnali"	4235	"UPYP"	"Considera trabajos en infraestructura del Espacio Público en el municipio de Calnali."	TRUE
"1221_Tlahuiltepa"	1221	"Tlahuiltepa"	"Infraestructura Hídrica"	2024	"Construcción de el Sistema de Agua Potable de la localidad de Cerro Chato, Municipal de Tlahuiltepa, estado de Hidalgo."	"Cerro Chato"	87	"CEAA"	"Considera los trabajos de líneas de distribución con la instalación de tubería, tomas domiciliarias. en la localidad de Cerro Chato municipio de  Tlahuiltepa"	TRUE
"1223_Tlahuiltepa"	1223	"Tlahuiltepa"	"Vialidades Urbanas"	2022	"Construcción de pavimentación hidráulica acceso principal en la localidad de San Andrés Miraflores, municipio de Tlahuiltepa"	"San Andrés Miraflores"	306	"DGCCE"	"Considera los trabajos de preliminares, riego de impregnación, piso para pavimento de concreto Hidráulico, en la localidad de San Andrés Miraflores municipio de  Tlahuiltepa"	TRUE
"1224_Tlahuiltepa"	1224	"Tlahuiltepa"	"Infraestructura Carretera"	2022	"Construcción de Pavimento de Concreto Hidráulico en acceso a cabecera municipal de Tlahuiltepa, Tramo: Tlahuiltepa - Itztacoyotla, municipio de Tlahuiltepa"	"Tlahuiltepa"	1252	"DGOPI"	"Considera los trabajos de preliminares, riego de impregnación, piso para pavimento de concreto hidráulico."	TRUE
"123_Calnali"	123	"Calnali"	"Vivienda Asequible"	2022	"Construcción de cuarto dormitorio, en el municipio de Calnali"	"Papatlatla"	20	"DGIVC"	"Considera los trabajos de construcción de cuarto dormitorio en terreno del beneficiario."	TRUE
"1232_Tlanalapa"	1232	"Tlanalapa"	"Vialidades Urbanas"	2023	"Pavimentación asfáltica de calle Insurgentes Oriente - Niños Héroes Sur, municipio de Tlanalapa"	"Tlanalapa"	8062	"DGOPI"	"Considera los trabajos de capa subbase, riego de impregnación, suministro y aplicación de riego de liga con emulsión asfáltica"	TRUE
"1239_Tlanchinol"	1239	"Tlanchinol"	"Infraestructura Carretera"	2023	"Rehabilitación del acceso a Chipoco del km 0+000 al km 1+500, en el municipio de Tlanchinol."	"Chipoco"	1002	"DGIVC"	"Considera los trabajos acamellonamiento, tendido y compactación en la reconstrucción de sub-bases y bases, re compactaciones de la superficie descubierta al escarificar, agua empleada para compactación."	TRUE
"124_Calnali"	124	"Calnali"	"Infraestructura Carretera"	2024	"Construcción de muro de contención y obra de drenaje en la C.E. Huazalingo - Calnali (Calnali - San Andrés - Santa Lucia), San Andrés, municipio de Calnali"	"San Andrés (San Andrés Chichayotla)"	1355	"DGCCE"	"Considera en los trabajos la construcción de muros de contención en la Localidad de San Andrés (San Andrés Chichayotla)."	TRUE
"1242_Tlanchinol"	1242	"Tlanchinol"	"Infraestructura Carretera"	2023	"Ampliación de camino rural en Tlanchinol, localidad Jalpa."	"Jalpa"	1156	"DGCCE"	"Consiste en el mejoramiento de camino rural de sacacosechas, de excavaciones en corte."	TRUE
"1243_Tlanchinol"	1243	"Tlanchinol"	"Infraestructura Carretera"	2023	"Rehabilitación del tramo E.C. (Xuchitlan) - Jalpa, del Km 0+000 al Km 6+000; en el municipio de Tlanchinol."	"Jalpa"	NA	"DGIVC"	"Se consideran trabajos de revestimiento, cunetas y limpieza de cunetas."	TRUE
"1244_Tlanchinol"	1244	"Tlanchinol"	"Infraestructura Carretera"	2024	"Modernización y ampliación del camino rural Huazalingo - Tlanchinol del Km 0+000 al 26+000 subtramo del Km 12+380 al Km 13+330, en la localidad de Olotla, municipio de Tlanchinol ."	"Olotla"	1393	"DGCCE"	"Considera los trabajos  de modernización y ampliación del camino en la localidad de Olotla municipio de Tlanchinol"	TRUE
"1246_Tlanchinol"	1246	"Tlanchinol"	"Infraestructura Carretera"	2023	"Rehabilitación del tramo San Miguel - Xaltipa - Lontla, del Km 0+000 al Km 7+000; en el municipio de Tlanchinol"	"San Miguel"	589	"DGIVC"	"Se consideran trabajos de revestimiento, cunetas y limpieza de cunetas."	TRUE
"1247_Tlanchinol"	1247	"Tlanchinol"	"Infraestructura Carretera"	2023	"Rehabilitación del acceso a Toctitlán, del km 0+000 al km 4+300 ."	"San Salvador"	538	"DGIVC"	"Se consideran trabajos de revestimiento, cunetas y limpieza de cunetas."	TRUE
"1248_Tlanchinol"	1248	"Tlanchinol"	"Infraestructura Carretera"	2023	"Rehabilitación del tramo: San Salvador-Toctitlán, del km 0+000 al km 5+000."	"San Salvador"	NA	"DGIVC"	"Se consideran trabajos de revestimiento, cunetas y limpieza de cunetas."	TRUE
"125_Calnali"	125	"Calnali"	"Infraestructura Carretera"	2023	"Pavimentación hidráulica de la carretera San Andrés - Tecpaco - Tecueyaca"	"Tecpaco"	2258	"DGCCE"	"Considera los trabajos de preliminares y pavimento hidráulico."	TRUE
"1252_Tlanchinol"	1252	"Tlanchinol"	"Infraestructura Carretera"	2024	"Rehabilitación de la C.E.(E.C. Pachuca-Tempoal) - Santa María, municipio de Tlanchinol"	"Santa María Catzotipan (Santa María Tepetzintla)"	2552	"DGIVC"	"Considera trabajos para la reconstrucción y/o conservación de Infraestructura Carretera en la localidad de Santa María Catzotipan (Santa María Tepetzintla) municipio de Tlanchinol"	TRUE
"1255_Tlanchinol"	1255	"Tlanchinol"	"Vialidades Urbanas"	2023	"Pavimentación de acceso a la Universidad Benito Juárez, Plantel Tlanchinol"	"Tlanchinol"	6117	"DGCCE"	"Considera trabajos en la rehabilitación y/o mejoramiento de las vialidades urbanas en el muncipio de Tlanchinol"	TRUE
"1257_Tlanchinol"	1257	"Tlanchinol"	"Infraestructura Carretera"	2023	"Rehabilitación del tramo Toctitlán - Tianguis, del Km 0+000 al Km 7+000."	"Toctitlán"	1007	"DGIVC"	"Se consideran trabajos de revestimiento, cunetas y limpieza de cunetas."	TRUE
"126_Calnali"	126	"Calnali"	"Infraestructura Hídrica"	2022	"Construcción de sanitario con biodigestor, en el municipio de Calnali"	"Tecueyaca"	20	"SIPDUS"	"Considera los trabajos instalación hidráulica, instalación eléctrica, instalación de biodigestor, acabados y albañilería, excavación de biodigestor."	TRUE
"1263_Tlaxcoapan"	1263	"Tlaxcoapan"	"Vialidades Urbanas"	2023	"Pavimentación asfáltica del acceso a la Unidad Deportiva de Doxhey"	"Doxey"	NA	"DGCCE"	"Considera los trabajos de capa subbase, riego de impregnación, suministro y aplicación de riego de liga con emulsión asfáltica"	TRUE
"1264_Tlaxcoapan"	1264	"Tlaxcoapan"	"Vialidades Urbanas"	2023	"Pavimentación asfáltica del acceso a panteón de Doxey, municipio de Tlaxcoapan"	"Doxey"	NA	"DGCCE"	"Considera los trabajos de capa subbase, riego de impregnación, suministro y aplicación de riego de liga con emulsión asfáltica"	TRUE
"1265_Tlaxcoapan"	1265	"Tlaxcoapan"	"Vialidades Urbanas"	2023	"Pavimentación hidráulica Av. 16 de Septiembre, colonia Centro; en el municipio de Tlaxcoapan."	"Tlaxcoapan"	14689	"DGCCE"	"Considera los trabajos de preliminares, riego de impregnación, piso para pavimento de concreto Hidráulico, en la localidad de Tlaxcoapan municipio de  Tlaxcoapan"	TRUE
"1268_Tolcayuca"	1268	"Tolcayuca"	"Vialidades Urbanas"	2023	"Pavimentación de vialidad en calle Epitacio Mendoza del 0+000 al 0+761 en el municipio de Tolcayuca"	"Tolcayuca"	8966	"DGCCE"	"Considera los trabajos de preliminares, piso para pavimento de concreto hidráulico."	TRUE
"1269_Tolcayuca"	1269	"Tolcayuca"	"Vialidades Urbanas"	2023	"Pavimentación de vialidad en calle Cuauhtémoc, en la colonia Centro, en el municipio de Tolcayuca, Hidalgo."	"Tolcayuca"	NA	"DGCCE"	"Considera los trabajos de preliminares, piso para pavimento de concreto hidráulico."	TRUE
"127_Calnali"	127	"Calnali"	"Infraestructura Carretera"	2023	"Rehabilitación del tramo acceso a Tecueyaca, del Km 0+000 al km 6+000; en el Municipio de Calnali."	"Tecueyaca"	312	"DGCCE"	"Se consideran trabajos de revestimiento, cunetas y limpieza de cunetas."	TRUE
"1272_Tolcayuca"	1272	"Tolcayuca"	"Vialidades Urbanas"	2025	"Continuación de la pavimentación hidráulica de la calle Cuauhtémoc, en el municipio de Tolcayuca"	"Tolcayuca"	NA	"SIPDUS"	NA	TRUE
"1273_Tula de Allende"	1273	"Tula de Allende"	"Vialidades Urbanas"	2023	"Reconstrucción de pavimento asfaltico de avenida Liberación Nacional, en la localidad de El Llano Primera Sección, municipio de Tula de Allende"	"El Llano"	17332	"DGIVC"	"Considera los trabajos de la operación de escarificación, disgregado, construcción de base hidráulica, suministro y aplicación de riego de liga con emulsión asfáltica."	TRUE
"128_Calnali"	128	"Calnali"	"Infraestructura Carretera"	2022	"Rehabilitación de Pavimentación en la Carretera Estatal Calnali - San Andrés - Santa Lucia, municipio de Calnali"	"Tochintlán"	226	"DGCCE"	"Considera trabajos para la reconstrucción y/o conservación de Infraestructura Carretera en la localidad de Tochintlán municipio de Calnali"	TRUE
"1285_Ajacuba"	1285	"Ajacuba"	"Infraestructura Hídrica"	2024	"Actualización del proyecto ejecutivo para el saneamiento de los Ríos Tula y Salado, primera etapa"	"Tula de allende, Atotonilco de Tula, Atitalaquia, Tlaxcoapan, Tlahuelilpan, Ajacuba, Tetepango, Tezontepec de Aldama, Mixquiahuala de Juárez y Progreso de Obregón"	0	"CEAA"	"Considera los trabajos de actualización del proyecto ejecutivo."	TRUE
"1285_Atitalaquia"	1285	"Atitalaquia"	"Infraestructura Hídrica"	2024	"Actualización del proyecto ejecutivo para el saneamiento de los Ríos Tula y Salado, primera etapa"	"Tula de allende, Atotonilco de Tula, Atitalaquia, Tlaxcoapan, Tlahuelilpan, Ajacuba, Tetepango, Tezontepec de Aldama, Mixquiahuala de Juárez y Progreso de Obregón"	0	"CEAA"	"Considera los trabajos de actualización del proyecto ejecutivo."	TRUE
"1285_Atotonilco de Tula"	1285	"Atotonilco de Tula"	"Infraestructura Hídrica"	2024	"Actualización del proyecto ejecutivo para el saneamiento de los Ríos Tula y Salado, primera etapa"	"Tula de allende, Atotonilco de Tula, Atitalaquia, Tlaxcoapan, Tlahuelilpan, Ajacuba, Tetepango, Tezontepec de Aldama, Mixquiahuala de Juárez y Progreso de Obregón"	0	"CEAA"	"Considera los trabajos de actualización del proyecto ejecutivo."	TRUE
"1285_Mixquiahuala de Juárez"	1285	"Mixquiahuala de Juárez"	"Infraestructura Hídrica"	2024	"Actualización del proyecto ejecutivo para el saneamiento de los Ríos Tula y Salado, primera etapa"	"Tula de allende, Atotonilco de Tula, Atitalaquia, Tlaxcoapan, Tlahuelilpan, Ajacuba, Tetepango, Tezontepec de Aldama, Mixquiahuala de Juárez y Progreso de Obregón"	0	"CEAA"	"Considera los trabajos de actualización del proyecto ejecutivo."	TRUE
"1285_Progreso de Obregón"	1285	"Progreso de Obregón"	"Infraestructura Hídrica"	2024	"Actualización del proyecto ejecutivo para el saneamiento de los Ríos Tula y Salado, primera etapa"	"Tula de allende, Atotonilco de Tula, Atitalaquia, Tlaxcoapan, Tlahuelilpan, Ajacuba, Tetepango, Tezontepec de Aldama, Mixquiahuala de Juárez y Progreso de Obregón"	0	"CEAA"	"Considera los trabajos de actualización del proyecto ejecutivo."	TRUE
"1285_Tetepango"	1285	"Tetepango"	"Infraestructura Hídrica"	2024	"Actualización del proyecto ejecutivo para el saneamiento de los Ríos Tula y Salado, primera etapa"	"Tula de allende, Atotonilco de Tula, Atitalaquia, Tlaxcoapan, Tlahuelilpan, Ajacuba, Tetepango, Tezontepec de Aldama, Mixquiahuala de Juárez y Progreso de Obregón"	0	"CEAA"	"Considera los trabajos de actualización del proyecto ejecutivo."	TRUE
"1285_Tezontepec de Aldama"	1285	"Tezontepec de Aldama"	"Infraestructura Hídrica"	2024	"Actualización del proyecto ejecutivo para el saneamiento de los Ríos Tula y Salado, primera etapa"	"Tula de allende, Atotonilco de Tula, Atitalaquia, Tlaxcoapan, Tlahuelilpan, Ajacuba, Tetepango, Tezontepec de Aldama, Mixquiahuala de Juárez y Progreso de Obregón"	0	"CEAA"	"Considera los trabajos de actualización del proyecto ejecutivo."	TRUE
"1285_Tlahuelilpan"	1285	"Tlahuelilpan"	"Infraestructura Hídrica"	2024	"Actualización del proyecto ejecutivo para el saneamiento de los Ríos Tula y Salado, primera etapa"	"Tula de allende, Atotonilco de Tula, Atitalaquia, Tlaxcoapan, Tlahuelilpan, Ajacuba, Tetepango, Tezontepec de Aldama, Mixquiahuala de Juárez y Progreso de Obregón"	0	"CEAA"	"Considera los trabajos de actualización del proyecto ejecutivo."	TRUE
"1285_Tlaxcoapan"	1285	"Tlaxcoapan"	"Infraestructura Hídrica"	2024	"Actualización del proyecto ejecutivo para el saneamiento de los Ríos Tula y Salado, primera etapa"	"Tula de allende, Atotonilco de Tula, Atitalaquia, Tlaxcoapan, Tlahuelilpan, Ajacuba, Tetepango, Tezontepec de Aldama, Mixquiahuala de Juárez y Progreso de Obregón"	0	"CEAA"	"Considera los trabajos de actualización del proyecto ejecutivo."	TRUE
"1285_Tula de Allende"	1285	"Tula de Allende"	"Infraestructura Hídrica"	2024	"Actualización del proyecto ejecutivo para el saneamiento de los Ríos Tula y Salado, primera etapa"	"Tula de allende, Atotonilco de Tula, Atitalaquia, Tlaxcoapan, Tlahuelilpan, Ajacuba, Tetepango, Tezontepec de Aldama, Mixquiahuala de Juárez y Progreso de Obregón"	0	"CEAA"	"Considera los trabajos de actualización del proyecto ejecutivo."	TRUE
"1286_Tulancingo de Bravo"	1286	"Tulancingo de Bravo"	"Infraestructura Hídrica"	2022	"Construcción del pozo profundo de agua potable para beneficiar a la localidad de Santa Ana Hueytlalpan en el municipio de Tulancingo de Bravo"	"Santa Ana Hueytlalpan"	5231	"SIPDUS"	"Considera los trabajos  de perforación exploratoria, preliminares (perforación), perforación y ampliación, suministro y colocación de tubería lisa de acero y ranurada."	TRUE
"1287_Tulancingo de Bravo"	1287	"Tulancingo de Bravo"	"Infraestructura Hídrica"	2022	"Construcción del sistema de agua potable para beneficiar a la localidad de Santa Ana Hueytlalpan en el municipio de Tulancingo de Bravo"	"Santa Ana Hueytlalpan"	NA	"SIPDUS"	"Considera los trabajos de líneas de distribución con la instalación de tubería, tomas domiciliarias. en la localidad de Santa Ana Hueytlalpan municipio de  Tulancingo de Bravo"	TRUE
"129_Calnali"	129	"Calnali"	"Infraestructura Carretera"	2024	"Rehabilitación de Camino Calnali a Tostlamantla, del Km 0.000 al Km 5.000, en el municipio de Calnali."	"Tostlamantla"	199	"DGIyVC"	"Considera los trabajos de preliminares, revestimiento de camino en la localidad de Tostlamantla municipio de Calnali"	TRUE
"1291_Tulancingo de Bravo"	1291	"Tulancingo de Bravo"	"Infraestructura Hídrica"	2024	"Construcción del sistema de alcantarillado sanitario en la localidad de Tepalzingo municipio de Tulancingo de Bravo"	"Tepalzingo"	516	"DGIVC"	"Considera los trabajos de excavaciones y rellenos, descargas domiciliarias, red de alcantarillado."	TRUE
"1292_Tulancingo de Bravo"	1292	"Tulancingo de Bravo"	"Espacios Públicos"	2023	"Mejoramiento de la base de operaciones mixtas de la Secretaría de Seguridad Pública de Hidalgo, en Tulancingo de Bravo, Hgo."	"Tulancingo"	NA	"DGOPI"	"Considera trabajos en infraestructura en Seguridad Pública en el municipio de Tulancingo de Bravo."	TRUE
"1293_Tulancingo de Bravo"	1293	"Tulancingo de Bravo"	"Infraestructura Carretera"	2023	"Rehabilitación de la Carretera Estatal paso por Tulancingo."	"Tulancingo"	106163	"DGIVC"	"Considera trabajos para la reconstrucción y/o conservación de Infraestructura Carretera en la localidad de Tulancingo municipio de Tulancingo de Bravo"	TRUE
"1295_Tulancingo de Bravo"	1295	"Tulancingo de Bravo"	"Vialidades Urbanas"	2023	"Pavimentación asfáltica de acceso a Base de Operaciones Mixtas Tulancingo."	"Tulancingo"	NA	"DGOPI"	"Considera los trabajos de capa subbase, riego de impregnación, suministro y aplicación de riego de liga con emulsión asfáltica"	TRUE
"1296_Tulancingo de Bravo"	1296	"Tulancingo de Bravo"	"Vialidades Urbanas"	2023	"Construcción de pavimentación hidráulica en la calle Ana Lamanche, en el municipio de Tulancingo"	"Tulancingo"	NA	"DGOPI"	"Considera los trabajos de preliminares, piso para pavimento de concreto hidráulico."	TRUE
"1297_Tulancingo de Bravo"	1297	"Tulancingo de Bravo"	"Vialidades Urbanas"	2023	"Pavimentación hidráulica de calle del Moral entre Río y calle Bugambilia, col. El Paraíso, municipio de Tulancingo"	"Tulancingo"	NA	"DGOPI"	"Considera los trabajos de preliminares, piso para pavimento de concreto hidráulico."	TRUE
"1299_Tulancingo de Bravo"	1299	"Tulancingo de Bravo"	"Espacios Públicos"	2024	"Rehabilitación de CGI de Tulancingo"	"Tulancingo"	106163	"DGOPI"	"Considera trabajos en infraestructura del Espacio Público en el municipio de Tulancingo de Bravo."	TRUE
"13_Acaxochitlán"	13	"Acaxochitlán"	"Infraestructura Carretera"	2024	"Construcción de pavimentación de concreto hidráulico camino principal San Miguel del Resgate a Santa Ana Tzacuala, municipio de Acaxochitlán."	"San Miguel del Resgate"	680	"DGIVC"	"Considera los trabajos de preliminares, riego de impregnación, piso para pavimento de concreto hidráulico."	TRUE
"1301_Tulancingo de Bravo"	1301	"Tulancingo de Bravo"	"Infraestructura Carretera"	2024	"Reubicación de línea media tensión crucero Tulancingo - Jaltepec y obras adicionales, en el municipio de Tulancingo de Bravo."	"Tulancingo"	NA	"DGIVC"	"Considera los trabajos de base hidráulica, terracerías, obra electromecánica, piso de concreto hidráulico."	TRUE
"1303_Tulancingo de Bravo"	1303	"Tulancingo de Bravo"	"Espacios Públicos"	2024	"Trabajos complementarios para la Unidad Básica de Rehabilitación (UBR) de Tulancingo de Bravo"	"Tulancingo de Bravo"	NA	"DGIVC"	"Considera trabajos en infraestructura de salud en el municipio de Tulancingo de Bravo."	TRUE
"1304_Tulancingo de Bravo"	1304	"Tulancingo de Bravo"	"Infraestructura Carretera"	2024	"Reconstrucción del libramiento Tulancingo - Metepec, en el municipio de Tulancingo de Bravo"	"Zototlán"	2248	"DGIVC"	"Considera trabajos para la reconstrucción y/o conservación de Infraestructura Carretera en la localidad de Zototlán municipio de Tulancingo de Bravo"	TRUE
"131_Cardonal"	131	"Cardonal"	"Infraestructura Hídrica"	2023	"Equipamiento de pozo, ramal eléctrico, línea de conducción y tanque de regularización del sistema de agua potable manantial Salinas  etapa uno de dos"	"Cardonal"	755	"CEAA"	"Considera los trabajos de instalación de tubería, rellenos con material producto de excavación, prueba de la tubería en la comunidad."	TRUE
"132_Cardonal"	132	"Cardonal"	"Infraestructura Carretera"	2025	"Rehabilitación de la carretera Cardonal - Cerro Colorado, municipio de Cardonal"	"Cardonal"	NA	"SIPDUS"	NA	TRUE
"133_Cardonal"	133	"Cardonal"	"Infraestructura Carretera"	2025	"Construcción de pavimentación hidráulica del camino intermunicipal Cardonal - Tlahuiltepa, tramo El Moxthe - Cieneguilla, en el municipio de Cardonal"	"Cardonal"	NA	"SIPDUS"	NA	TRUE
"134_Cardonal"	134	"Cardonal"	"Infraestructura Hídrica"	2024	"Perforación Exploratoria de Pozo de Agua potable, Cardonalito."	"Cardonalito"	90	"CEAA"	"Considera los trabajos de preliminares, perforación de pozo en la localidad de Cardonalito municipio de Cardonal."	TRUE
"135_Cardonal"	135	"Cardonal"	"Infraestructura Carretera"	2023	"Construcción de Pavimentación Hidráulica con roderas, en la localidad de Cuesta Blanca municipio de Cardonal."	"Cuesta Blanca"	270	"DGOPI"	"Considera los trabajos de preliminares y pavimento hidráulico."	TRUE
"1353_Villa de Tezontepec"	1353	"Villa de Tezontepec"	"Vialidades Urbanas"	2023	"Pavimentación hidráulica de calle Venustiano Carranza (entre División del Norte y Miguel Hidalgo)"	"Benito Juárez"	2755	"DGCCE"	"Considera los trabajos de preliminares, piso para pavimento de concreto hidráulico."	TRUE
"1354_Villa de Tezontepec"	1354	"Villa de Tezontepec"	"Infraestructura Carretera"	2024	"Estudios de prefactibilidad para la construcción de las Obras de Protección margen izquierda del Río de las Avenidas, tramo ubicado dentro del Parque Industrial PLATAH."	"Platah (Parque Industrial)"	4978	"DGEP"	"Considera los estudios y proyecto ejecutivo."	TRUE
"1355_Villa de Tezontepec"	1355	"Villa de Tezontepec"	"Infraestructura Carretera"	2023	"Reconstrucción del Boulevard de Acceso a Villa de Tezontepec (tramo Platah - Av Juárez); en el municipio de Villa de Tezontepec"	"Tezontepec"	NA	"DGOPI"	"Considera trabajos para la reconstrucción y/o conservación de Infraestructura Carretera en la localidad de Tezontepec municipio de Villa de Tezontepec"	TRUE
"1356_Villa de Tezontepec"	1356	"Villa de Tezontepec"	"Infraestructura Carretera"	2023	"Reconstrucción de carretera Villa de Tezontepec - Téllez (camino a Comunidades); en el municipio de Villa de Tezontepec"	"Tezontepec"	NA	"DGCCE"	"Considera trabajos para la reconstrucción y/o conservación de Infraestructura Carretera en la localidad de Tezontepec municipio de Villa de Tezontepec"	TRUE
"1357_Villa de Tezontepec"	1357	"Villa de Tezontepec"	"Vialidades Urbanas"	2023	"Construcción de pavimento hidráulico de la Calle Juan Escutia (tramo entre las calles Tomás Urbina y 21 de Marzo)."	"Tezontepec"	6213	"DGCCE"	"Considera los trabajos de preliminares, piso para pavimento de concreto hidráulico."	TRUE
"1358_Villa de Tezontepec"	1358	"Villa de Tezontepec"	"Infraestructura Carretera"	2024	"Estudio y proyecto ejecutivo para Blvd. E.C. Tolcayuca-Villa de Tezontepec-Téllez con una sección propuesta de vialidad de 30.00 m para la construcción del Boulevard de acceso Tolcayuca-Villa de Tezontepec-Téllez."	"Tezontepec"	NA	"DGEP"	"Considera los trabajos de estudios viales, proyecto conceptual y proyecto ejecutivo."	TRUE
"136_Cardonal"	136	"Cardonal"	"Vialidades Urbanas"	2022	"Construcción de pavimento de concreto hidráulico en el municipio de Cardonal en la localidad del Bingu, en diferentes calles"	"El Bingu"	1065	"DGIVC"	"Considera los trabajos de preliminares, riego de impregnación, piso para pavimento de concreto hidráulico."	TRUE
"1360_Villa de Tezontepec"	1360	"Villa de Tezontepec"	"Espacios Públicos"	2025	"Construcción de Andador Turístico la Escondida Villa de Tezontepec"	"Tezontepec"	6213	"DGOPI"	NA	TRUE
"1361_Xochiatipan"	1361	"Xochiatipan"	"Infraestructura Carretera"	2024	"Rehabilitación del C.R. Atlalco - Acanoa, municipio de Xochiatipan"	"Atlalco"	419	"DGIVC"	"Considera los trabajos de preliminares, revestimiento de camino en la localidad de Atlalco municipio de Xochiatipan"	TRUE
"1362_Xochiatipan"	1362	"Xochiatipan"	"Infraestructura Carretera"	2023	"Rehabilitación del acceso a Chiapa, del Km 0+000 al Km 2+000; en el municipio de Xochiatipan."	"Chiapa"	523	"DGCCE"	"Se consideran trabajos de revestimiento, cunetas y limpieza de cunetas."	TRUE
"1364_Xochiatipan"	1364	"Xochiatipan"	"Infraestructura Carretera"	2023	"Modernización del camino Ohuatipa - Texoloc, tramo: del Km. 4+760 al KM. 5+760; en el municipio de Xochiatipan"	"Ohuatipa"	2130	"DGCCE"	"Considera los trabajos de modernización del camino en la localidad de Ohuatipa municipio de Xochiatipan."	TRUE
"1365_Xochiatipan"	1365	"Xochiatipan"	"Infraestructura Carretera"	2024	"Construcción de muro de contensión C.E. Ohuatipa - Iztazoquico, municipio de Xochiatipan"	"Ohuatipa"	2305	"DGCCE"	"Considera en los trabajos la construcción de muros de contención en la Localidad de Ohuatipa."	TRUE
"1366_Xochiatipan"	1366	"Xochiatipan"	"Infraestructura Carretera"	2024	"Modernización del Camino Ohuatipa - Texoloc, tramo: 5+760 Km al 6+635.00 Km, en el municipio de Xochiatipan."	"Ohuatipa"	NA	"DGIVC"	"Considera los trabajos de modernización del camino en la localidad de Ohuatipa municipio de Xochiatipan."	TRUE
"1367_Xochiatipan"	1367	"Xochiatipan"	"Infraestructura Carretera"	2024	"Estudio y proyecto para la construcción del puente vehicular en la localidad de Ohuatipa, en el municipio de Xochiatipán."	"Ohuatipa"	NA	"DGEP"	"Considera los trabajos de estudios viales, proyecto conceptual y proyecto ejecutivo."	TRUE
"137_Cardonal"	137	"Cardonal"	"Infraestructura Carretera"	2024	"Construcción de pavimentación hidráulica del Camino Intermunicipal Cardonal Nicolás Flores tramo El Boxo Barrio del Tixqui, en el municipio de Cardonal."	"El Boxo"	273	"DGIVC"	"Considera los trabajos de preliminares y pavimento hidráulico."	TRUE
"1370_Xochiatipan"	1370	"Xochiatipan"	"Infraestructura Carretera"	2024	"Rehabilitación de la C.E Xochiatipan - Pezmayo, municipio de Xochiatipan."	"Pesmayo"	501	"DGIVC"	"Considera trabajos para la reconstrucción y/o conservación de Infraestructura Carretera en la localidad de Pesmayo municipio de Xochiatipan"	TRUE
"1371_Xochiatipan"	1371	"Xochiatipan"	"Infraestructura Carretera"	2024	"Reconstrucción de puente vehicular acceso a Tenexhueyac, municipio de Xochiatipan"	"Tenexhueyac"	433	"DGCCE"	"Considera trabajos para la reconstrucción y/o conservación de Infraestructura Carretera en la localidad de Tenexhueyac municipio de Xochiatipan"	TRUE
"1374_Xochiatipan"	1374	"Xochiatipan"	"Infraestructura Carretera"	2023	"Rehabilitación del acceso a Xilico, del Km 0+000 al Km 2+640; en el municipio de Xochiatipan"	"Xilico"	341	"DGCCE"	"Se consideran trabajos de revestimiento, cunetas y limpieza de cunetas."	TRUE
"1375_Xochiatipan"	1375	"Xochiatipan"	"Infraestructura Carretera"	2023	"Reconstrucción de acceso principal al municipio de Xochiatipan."	"Xochiatipan"	1593	"DGCCE"	"Considera trabajos para la reconstrucción y/o conservación de Infraestructura Carretera en la localidad de Xochiatipan municipio de Xochiatipan"	TRUE
"1376_Xochiatipan"	1376	"Xochiatipan"	"Infraestructura Carretera"	2024	"Rehabilitación de la C.E. Ramal a Xochiatipan, municipio de Xochiatipan"	"Xochiatipan"	1593	"DGIVC"	"Considera trabajos para la reconstrucción y/o conservación de Infraestructura Carretera en la localidad de Xochiatipan municipio de Xochiatipan"	TRUE
"1377_Xochicoatlán"	1377	"Xochicoatlán"	"Infraestructura Carretera"	2023	"Apertura de camino intermunicipal Tuzancocac (Xochicoatlán) - Tula (Calnai)"	"Tuzancoac"	931	"DGCCE"	"Se consideran trabajos de revestimiento, cunetas y limpieza de cunetas."	TRUE
"1378_Xochicoatlán"	1378	"Xochicoatlán"	"Infraestructura Carretera"	2024	"Apertura de camino intermunicipal Tuzancocac (Xochicoatlán) - Tula (Calnai), Segunda etapa, en el municipio de Xochicoatlán"	"Tuzancoac"	NA	"DGCCE"	"Considera los trabajos de preliminares, revestimiento de camino en la localidad de Tuzancoac municipio de Xochicoatlán"	TRUE
"1379_Xochicoatlán"	1379	"Xochicoatlán"	"Infraestructura Carretera"	2025	"Modernización y ampliación del camino rural Xochicoatlán - Tianguistengo, en el municipio de Xochicoatlán"	"Xochicoatlán"	NA	"DGIVC"	"Considerando las siguientes partidas: cortes, estabilización de sub base, construcción de base hidráulico, riego de impregnación, riego de liga, carpeta de concreto hidráulico de 15 cm de espesor, señalamiento horizontal y obras complementarias"	TRUE
"138_Cardonal"	138	"Cardonal"	"Infraestructura Hídrica"	2022	"Ampliación del sistema de agua potable en la localidad de El Deca en el municipio de Cardonal"	"El Deca"	NA	"SIPDUS"	"Considera los trabajos de instalación de tubería, rellenos con material producto de excavación, prueba de la tubería en la comunidad."	TRUE
"1380_Xochicoatlán"	1380	"Xochicoatlán"	"Infraestructura Carretera"	2022	"Reconstrucción de la carretera estatal Molango - Xochicoatlán, municipio de Xochicoatlán"	"Xoxhicoatlán"	1301	"DGCCE"	"Considera trabajos para la reconstrucción y/o conservación de Infraestructura Carretera en la localidad de Xoxhicoatlán municipio de Xochicoatlán"	TRUE
"1381_Yahualica"	1381	"Yahualica"	"Infraestructura Carretera"	2023	"Rehabilitación de tramo E.C. (Naranjos - Yatipan) - Aguacatitla, del Km 0+000 al Km 3+000."	"Aguacatitla"	1718	"DGIVC"	"Se consideran trabajos de revestimiento, cunetas y limpieza de cunetas."	TRUE
"1382_Yahualica"	1382	"Yahualica"	"Infraestructura Hídrica"	2023	"Construcción del Sistema de Alcantarillado Sanitario consiste en el emisor para beneficiar a la comunidad de Atlalco, en el municipio de Yahualica"	"Atlalco"	679	"SIPDUS"	"Considera los trabajos de excavaciones y rellenos, descargas domiciliarias, red de alcantarillado."	TRUE
"1383_Yahualica"	1383	"Yahualica"	"Infraestructura Hídrica"	2023	"Construcción de la Planta de Tratamiento de aguas residuales para beneficiar a la localidad de Atlalco en el municipio de Yahualica"	"Atlalco"	NA	"SIPDUS"	"Considera los trabajos para la  Construcción de la planta de tratamiento de aguas residuales en la localidad deAtlalco municipio de Yahualica."	TRUE
"1384_Yahualica"	1384	"Yahualica"	"Infraestructura Carretera"	2023	"Rehabilitación del tramo Atlalco - Tepehixpa - Xochitl, del Km 0+000 al Km 3+300; en el municipio de Yahualica."	"Atlalco"	NA	"DGIVC"	"Se consideran trabajos de revestimiento, cunetas y limpieza de cunetas."	TRUE
"1385_Yahualica"	1385	"Yahualica"	"Infraestructura Carretera"	2023	"Rehabilitación del tramo Atlalco- El Paraje, del km 0+000 al km 1+000"	"Atlalco"	NA	"DGIVC"	"Se consideran trabajos de revestimiento, cunetas y limpieza de cunetas."	TRUE
"1387_Yahualica"	1387	"Yahualica"	"Infraestructura Carretera"	2023	"Rehabilitación del tramo E.C. (Atlalco - Xochitl) - Chiatitla, del Km 0+000 al Km 2+000, en el municipio de Yahualica."	"Chiatitla"	544	"DGIVC"	"Se consideran trabajos de revestimiento, cunetas y limpieza de cunetas."	TRUE
"1388_Yahualica"	1388	"Yahualica"	"Infraestructura Carretera"	2023	"Rehabilitación del tramo Chompeletla - Zacayahual, del Km 0+000 al Km 2+600."	"Chompeletla"	304	"DGIVC"	"Se consideran trabajos de revestimiento, cunetas y limpieza de cunetas."	TRUE
"1389_Yahualica"	1389	"Yahualica"	"Infraestructura Carretera"	2023	"Rehabilitación del tramo de acceso a Chompeletla, del Km 0+000 al Km 2+000"	"Chompeletla"	286	"DGIVC"	"Se consideran trabajos de revestimiento, cunetas y limpieza de cunetas."	TRUE
"139_Cardonal"	139	"Cardonal"	"Infraestructura Hídrica"	2022	"Construcción del pozo profundo de agua potable para beneficiar a la localidad de El Deca en el municipio de Cardonal"	"El Deca"	1069	"SIPDUS"	"Considera los trabajos  de perforación exploratoria, preliminares (perforación), perforación y ampliación, suministro y colocación de tubería lisa de acero y ranurada."	TRUE
"1391_Yahualica"	1391	"Yahualica"	"Infraestructura Carretera"	2024	"Construcción de muro de contención en la localidad El Arenal, en el municipio de Yahualica."	"El Arenal"	596	"DGCCE"	"Considera en los trabajos la construcción de muros de contención en la Localidad de El Arenal."	TRUE
"1392_Yahualica"	1392	"Yahualica"	"Infraestructura Carretera"	2023	"Rehabilitación del tramo Tianguistengo - Lolotla - Atlapexco - Zoquitipan - Naranjos - Yatipan, del Km 0+000 al Km 10+000"	"Los Naranjos"	627	"DGIVC"	"Se consideran trabajos de revestimiento, cunetas y limpieza de cunetas."	TRUE
"1393_Yahualica"	1393	"Yahualica"	"Infraestructura Hídrica"	2022	"Construcción del sistema de alcantarillado sanitario segunda etapa para beneficiar a la localidad de Mangocuatitla en el municipio de Yahualica"	"Mangocuatitla"	272	"SIPDUS"	"Considera los trabajos de excavaciones y rellenos, descargas domiciliarias, red de alcantarillado."	TRUE
"1394_Yahualica"	1394	"Yahualica"	"Infraestructura Hídrica"	2022	"Construcción de la planta de tratamiento de aguas residuales para beneficiar a la localidad de Mangocuatitla en el municipio de Yahualica"	"Mangocuatitla"	NA	"SIPDUS"	"Considera los trabajos para la  Construcción de la planta de tratamiento de aguas residuales en la localidad de Mangocuatitla municipio de Yahualica."	TRUE
"14_Acaxochitlán"	14	"Acaxochitlán"	"Infraestructura Carretera"	2024	"Rendimientos Financieros para la Construcción de pavimentación de concreto hidráulico camino principal San Miguel del Resgate a Santa Ana Tzacuala, municipio de Acaxochitlán."	"San Miguel del Resgate"	NA	"DGIVC"	"Considera los trabajos de preliminares, riego de impregnación, piso para pavimento de concreto hidráulico."	TRUE
"1405_Yahualica"	1405	"Yahualica"	"Infraestructura Carretera"	2024	"Rehabilitación de camino Xoxolpa a Aguacatitla, del Km 0.000 al Km 2.539, en el municipio de Yahualica."	"Xoxolpa"	1198	"DGIyVC"	"Considera los trabajos de preliminares, revestimiento de camino en la localidad de Xoxolpa municipio de Yahualica"	TRUE
"1406_Zacualtipán de Ángeles"	1406	"Zacualtipán de Ángeles"	"Infraestructura Carretera"	2024	"Construcción de pavimento hidráulico en caminos municipales de Atopixco, en el municipio de Zacualtipán de Ángeles"	"Atopixco"	1237	"DGIVC"	"Considera los trabajos de preliminares, piso para pavimento de concreto hidráulico."	TRUE
"1407_Zacualtipán de Ángeles"	1407	"Zacualtipán de Ángeles"	"Infraestructura Hídrica"	2023	"Estudios complementarios de factibilidad geológica y adecuación del proyecto para garantizar la impermebilidad en la presa Zacualtipán de Ángeles en la localidad de Panotlan"	"Barrio Panotlán"	0	"SIPDUS"	"Considera los trabajos de estudios, proyecto conceptual y proyecto ejecutivo."	TRUE
"1408_Zacualtipán de Ángeles"	1408	"Zacualtipán de Ángeles"	"Infraestructura Hídrica"	2024	"Panotlán.- Daño en equipo de bombeo de 125 HP y tablero de controles."	"Barrio Panotlán"	240	"CEAA"	"Considera los trabajos de mejoramiento en Infraestructura hídrica en la localidad de Barrio Panotlán municipio de Zacualtipán de Ángeles"	TRUE
"141_Cardonal"	141	"Cardonal"	"Infraestructura Hídrica"	2024	"Estudio y proyecto para la perforación de pozo profundo para uso público, en la localidad de El Vithé, municipio de Cardonal"	"El Vithe"	0	"CEAA"	"Considera los trabajos de estudios, proyecto conceptual y proyecto ejecutivo."	TRUE
"1410_Zacualtipán de Ángeles"	1410	"Zacualtipán de Ángeles"	"Infraestructura Carretera"	2024	"Pavimentación hidráulica del C.R. Matatlán - Tzincoatlán, en el municipio de Zacualtipán de Ángeles"	"Matatlán"	688	"DGOPI"	"Considera los trabajos de preliminares y pavimento hidráulico."	TRUE
"1411_Zacualtipán de Ángeles"	1411	"Zacualtipán de Ángeles"	"Infraestructura Carretera"	2024	"Pavimentación del C.R. Acceso a Tizapan, en el municipio de Zacualtipán de Ángeles"	"Tizapan"	860	"DGCCE"	"Considera los trabajos de cortes y terraplenes, material de subrasante y terraplén, base hidráulica, riego de impregnación, concreto hidráulico, drenes, cunetas, obras de drenaje, señalamiento horizontal"	TRUE
"1412_Zacualtipán de Ángeles"	1412	"Zacualtipán de Ángeles"	"Infraestructura Carretera"	2023	"Reconstrucción de la carretera ramal a Tlahuelompa, en el municipio de Zacualtipán."	"Tlahuelompa (San Francisco Tlahuelompa)"	3025	"DGCCE"	"Considera trabajos para la reconstrucción y/o conservación de Infraestructura Carretera en la localidad de Tlahuelompa (San Francisco Tlahuelompa) municipio de Zacualtipán de Ángeles"	TRUE
"1414_Zacualtipán de Ángeles"	1414	"Zacualtipán de Ángeles"	"Infraestructura Carretera"	2024	"Pavimentación hidráulica del C.R. Tzincoatlán - E.C. (Santo Domingo - Tlahuelompa), en el municipio de Zacualtipán de Ángeles"	"Tzincoatlán"	1831	"DGOPI"	"Considera los trabajos de preliminares y pavimento hidráulico."	TRUE
"1415_Zacualtipán de Ángeles"	1415	"Zacualtipán de Ángeles"	"Infraestructura Hídrica"	2023	"Rehabilitación de la Red de distribución de agua potable de la cabecera municipal de Zacualtipán"	"Zacualtipán"	29472	"SIPDUS"	"Considera los trabajos de instalación de tubería, rellenos con material producto de excavación, prueba de la tubería en la comunidad."	TRUE
"1417_Zacualtipán de Ángeles"	1417	"Zacualtipán de Ángeles"	"Infraestructura Hídrica"	2023	"Pago para obtener el avalúo ante el instituto de administración y avalúos de bienes nacionales (INDAABIN), de 2 afectados, para liberar el derecho de vía por la construcción de una presa en Zacualtipán, municipio de Zacualtipán de Ángeles, Estado de Hidalgo."	"Zacualtipán"	NA	"SIPDUS"	"Considrera el Pago por Avalúo"	TRUE
"1418_Zacualtipán de Ángeles"	1418	"Zacualtipán de Ángeles"	"Espacios Públicos"	2023	"Rehabilitación en azoteas y fachadas del CRIRH, sede Zacualtipán de Ángeles"	"Zacualtipán"	NA	"DGOPI"	"Considera trabajos en infraestructura del Espacio Público en el municipio de Zacualtipán de Ángeles."	TRUE
"1419_Zacualtipán de Ángeles"	1419	"Zacualtipán de Ángeles"	"Espacios Públicos"	2023	"Rehabilitación de Centro Gerontológico de Zacualtipán."	"Zacualtipán"	NA	"DGCCE"	"Considera trabajos en infraestructura del Espacio Público en el municipio de Zacualtipán de Ángeles."	TRUE
"142_Cardonal"	142	"Cardonal"	"Infraestructura Hídrica"	2023	"Construcción de sistema de agua potable La Mesa, municipio de Cardonal, etapa dos de dos."	"La Mesa"	210	"CEAA"	"Considera los trabajos de tomas domiciliarias y termina red de distribución, construye cajas de válvulas."	TRUE
"1424_Zacualtipán de Ángeles"	1424	"Zacualtipán de Ángeles"	"Infraestructura Carretera"	2024	"Construye Tu Camino del tramo Barrio de Lagunillas a la Cabecera Municipal, en el municipio de Zacualtipán de Ángeles."	"Zacualtipán"	NA	"DGCCE"	"Considera los trabajos de construcción de huellas de concreto hidráulico y empedrado en la localidad, el cual consta de terracerías y pisos de concreto."	TRUE
"1425_Zacualtipán de Ángeles"	1425	"Zacualtipán de Ángeles"	"Espacios Públicos"	2024	"Construcción de techado de cancha del CGI de Zacualtipán de Ángeles"	"Zacualtipán"	29472	"DGOPI"	"Considera trabajos en infraestructura del Espacio Público en el municipio de Zacualtipán de Ángeles."	TRUE
"1426_Zacualtipán de Ángeles"	1426	"Zacualtipán de Ángeles"	"Espacios Públicos"	2024	"Mantenimiento del Centro Cultural Regional Zacualtipán"	"Zacualtipán"	NA	"DGOPI"	"Considera trabajos en infraestructura del Espacio Público en el municipio de Zacualtipán de Ángeles."	TRUE
"1427_Zacualtipán de Ángeles"	1427	"Zacualtipán de Ángeles"	"Infraestructura Hídrica"	2025	"Captación y línea de conducción de agua potable al tanque de distribución el Ventero, tramo Tizapán El Ventero, en el municipio de Zacualtipán"	"Zacualtipán de Ángeles"	NA	"SIPDUS"	NA	TRUE
"143_Cardonal"	143	"Cardonal"	"Infraestructura Hídrica"	2022	"Construcción de sistema de agua potable La Mesa, municipio de Cardonal, etapa una de dos."	"La Mesa"	210	"CEAA"	"Considera los trabajos de líneas de distribución con la instalación de tubería, tomas domiciliarias. en la localidad de La Mesa municipio de  Cardonal"	TRUE
"144_Cardonal"	144	"Cardonal"	"Infraestructura Carretera"	2023	"Construye Tu Camino del Tramo La Mesa - La Gloria, en municipio de Cardonal"	"La Mesa"	NA	"DGCCE"	"Considera los trabajos de construcción de huellas de concreto hidráulico y empedrado en la localidad, el cual consta de terracerías y pisos de concreto."	TRUE
"146_Cardonal"	146	"Cardonal"	"Infraestructura Carretera"	2023	"Pavimentación asfáltica del circuito Los Reyes, municipio de Cardonal"	"Los Reyes"	NA	"DGOPI"	"Considera los trabajos de capa subbase, riego de impregnación, suministro y aplicación de riego de liga con emulsión asfáltica"	TRUE
"1468_Zimapán"	1468	"Zimapán"	"Infraestructura Carretera"	2024	"Construcción de pavimentación hidráulica del camino a la mina El Carrizal, en la localidad de El Barrón, municipio de Zimapán"	"Barrón"	142	"DGCCE"	"Considera los trabajos de preliminares y pavimento hidráulico."	TRUE
"1469_Zimapán"	1469	"Zimapán"	"Infraestructura Hídrica"	2025	"Sistema de Agua Potable Infiernillo, tramo El Mezquite Segundo-La Majada Grande -La Ortiga, Mpio. Zimapán, Hgo."	"El Mezquite Segundo"	112	"CEAA"	"Línea de conducción por gravedad de la CCR a la Hidroeléctrica mediante 165.00 m. de tubería de acero de 6 de diam. y 1/4 de esp.&#10;Línea de conducción por gravedad  de la CCR a La Ortiga y alimentación a los dos tanques de Mezquite Segundo mediante 1,400.00 m. de tubería de FoGo. de 2 1/2 de diam. ced. 40 y 259.70 m. de tubería de FoGo. de 1 1/2 de diam..&#10;Tanque regulador de 10 m3 de cap., Cerca de Protección de 10 x 10m. con malla ciclónica, &#10;Red de Distribución de Mezquite Segundo mediante 3,109.00 m. de tubería de Fo.Go. de 2 de diam. Ced. 40 y 24 Tomas Domiciliarias."	TRUE
"147_Cardonal"	147	"Cardonal"	"Vialidades Urbanas"	2023	"Pavimentación asfáltica del Circuito Los Reyes, municipio de Cardonal (segunda etapa)"	"Los Reyes"	339	"DGOPI"	"Considera los trabajos de capa subbase, riego de impregnación, suministro y aplicación de riego de liga con emulsión asfáltica"	TRUE
"1470_Zimapán"	1470	"Zimapán"	"Infraestructura Hídrica"	2024	"Construcción de Planta Purificadora para el Pozo Muhí con Tecnología Momo (Modificación Molecular), en el municipio de Zimapán, Hgo. (Diseño, Fabricación, Equipamiento, Instalación y Puesta en Marcha)."	"El Muhí"	337	"DGEyP"	"Considera para la adecuación, puesta en marcha y estabilización de plantas potabilizadoras en el municipio de Tula de Allende."	TRUE
"1471_Zimapán"	1471	"Zimapán"	"Infraestructura Hídrica"	2023	"Sistema de agua potable pozo la cebada, línea de alimentación y red de distribución"	"La Cebada"	14732	"SIPDUS"	"Considera los trabajos de instalación de tubería, rellenos con material producto de excavación, prueba de la tubería en la comunidad."	TRUE
"1472_Zimapán"	1472	"Zimapán"	"Infraestructura Carretera"	2023	"Rehabilitación de pavimento asfáltico de la C.E. paso por Zimapán."	"Lázaro Cárdenas (Remedios)"	13243	"DGCCE"	"Considera trabajos para la reconstrucción y/o conservación de Infraestructura Carretera en la localidad de Lázaro Cárdenas (Remedios) municipio de Zimapán"	TRUE
"1477_Zimapán"	1477	"Zimapán"	"Infraestructura Hídrica"	2023	"Ampliación del sistema de agua potable en la localidad de Santa Rita, municipio de Zimapán."	"Santa Rita"	287	"DGIVC"	"Considera los trabajos de instalación de tubería, rellenos con material producto de excavación, prueba de la tubería en la comunidad."	TRUE
"1479_Zimapán"	1479	"Zimapán"	"Infraestructura Hídrica"	2024	"Rehabilitación del sistema de Agua Potable Infiernillos, tramo infiernillos Xajhá, en el municipio de Zimapán"	"Xajhá"	417	"CEAA"	"Considera los trabajos de líneas de distribución con la instalación de tubería, tomas domiciliarias. en la localidad de Xajhá municipio de  Zimapán"	TRUE
"148_Cardonal"	148	"Cardonal"	"Infraestructura Carretera"	2023	"Modernización y Ampliación del C.R. Pozuelos - El Palmar; Tramo del km 0+000 al 12+209, Subtramo: del km 0+000 al 6+763.21, en el Municipio de Cardonal."	"Pozuelos"	1124	"DGCCE"	"Considera los trabajos de modernización y ampliación del camino en la localidad de Pozuelos municipio de Cardonal"	TRUE
"1480_Zimapán"	1480	"Zimapán"	"Infraestructura Hídrica"	2023	"Rehabilitación y ampliación de red de agua potable en la cabecera municipal de Zimapán"	"Zimapán"	14732	"SIPDUS"	"Considera los trabajos de Instalación Eléctrica, Sistema Control Microbiologico, Tanques de Trasvaso, Puesta en Operación de Planta."	TRUE
"1481_Zimapán"	1481	"Zimapán"	"Espacios Públicos"	2023	"Construcción de techado en el mercado Morelos, en el Municipio de Zimapán."	"Zimapán"	NA	"DGCCE"	"Considera trabajos en infraestructura del Espacio Público en el municipio de Zimapán."	TRUE
"149_Cardonal"	149	"Cardonal"	"Espacios Públicos"	2024	"Construcción del Corredor Artesanal en la localidad de Pozuelos, municipio de el Cardonal"	"Pozuelos"	1124	"DGEP"	"Considera trabajos en infraestructura del Espacio Público en la localidad de Pozuelos el municipio de Cardonal."	TRUE
"15_Acaxochitlán"	15	"Acaxochitlán"	"Infraestructura Carretera"	2024	"Construcción de pavimentación hidráulica en la localidad de San Pedro, Barrio El Mirador, municipio de Acaxochitlán"	"San Pedro Tlachichilco"	2318	"DGOPI"	"Considera los trabajos de preliminares, riego de impregnación, piso para pavimento de concreto Hidráulico."	TRUE
"150_Cardonal"	150	"Cardonal"	"Vialidades Urbanas"	2024	"Construcción de Pavimentación de Concreto Hidráulico en la localidad de San Antonio Sabanillas, municipio de Cardonal"	"San Antonio Sabanillas"	532	"DGCCE"	"Considera los trabajos de preliminares, riego de impregnación, piso para pavimento de concreto hidráulico."	TRUE
"151_Cardonal"	151	"Cardonal"	"Infraestructura Carretera"	2022	"Construcción de pavimentación de concreto hidráulico en acceso a Las Grutas de Tolantongo, municipio de Cardonal"	"San Cristobal"	374	"DGCCE"	"Considera los trabajos de preliminares, riego de impregnación, piso para pavimento de concreto hidráulico."	TRUE
"152_Cardonal"	152	"Cardonal"	"Infraestructura Hídrica"	2023	"Ampliación del Sistema de Alcantarillado Sanitario y Planta de Tratamiento de aguas residuales de la localidad de San Cristobal, municipio de Cardonal."	"San Cristóbal"	374	"CEAA"	"Considera los trabajos para la  Construcción de la planta de tratamiento de aguas residuales en la localidad de San Cristóbal municipio de Cardonal."	TRUE
"153_Cardonal"	153	"Cardonal"	"Infraestructura Hídrica"	2022	"Perforación de pozo para agua potable en San Miguel Jigui"	"San Miguel Jigui"	478	"CEAA"	"Considera los trabajos de preliminares, perforación de pozo en la localidad de San Miguel Jigui municipio de Cardonal"	TRUE
"154_Cardonal"	154	"Cardonal"	"Infraestructura Hídrica"	2023	"Terminación de perforación de pozo para agua potable en San Miguel Jigui, Cardonal"	"San Miguel Jigui"	NA	"CEAA"	"Considera trabajos de excavación a profundidad."	TRUE
"155_Cardonal"	155	"Cardonal"	"Infraestructura Hídrica"	2024	"Equipamiento electromecanico para pozo de agua potable en la localidad de San Miguel Jigui, municipio de Cardonal"	"San Miguel Jigui"	478	"CEAA"	"Considera los trabajos para el equipamiento de pozo en la localidad de  San Miguel Jigui municipio de Cardonal"	TRUE
"156_Cardonal"	156	"Cardonal"	"Infraestructura Hídrica"	2023	"Ampliación del Sistema de Agua Potable para beneficiar a la localidad de San Miguel Tlazintla en el municipio de Cardonal"	"San Miguel Tlazintla"	272	"SIPDUS"	"Considera los trabajos de líneas de distribución con la instalación de tubería, tomas domiciliarias. en la localidad de San Miguel Tlazintla municipio de  Cardonal"	TRUE
"157_Cardonal"	157	"Cardonal"	"Infraestructura Hídrica"	2022	"Construcción de tanque de regularización en el municipio de Cardonal, en la localidad de San Miguel Tlazintla"	"San Miguel Tlazintla"	272	"SIPDUS"	"Considera los trabajos de acero de refuerzo en cimentación y estructura, fontanería."	TRUE
"158_Cardonal"	158	"Cardonal"	"Infraestructura Carretera"	2023	"Modernización del camino San Miguel Tlazintla - El Pinalito; en el municipio de Cardonal"	"San Miguel Tlazintla"	NA	"DGOPI"	"Considera los trabajos de modernización de camino en la localidad de San Miguel Tlazintla municipio de Cardonal"	TRUE
"16_Acaxochitlán"	16	"Acaxochitlán"	"Vialidades Urbanas"	2023	"Pavimentación de Concreto Hidráulico en la Calle Principal del Centro, en la Localidad Santa Ana Tzacuala, en el Municipio de Acaxochitlan."	"Santa Ana Tzacuala"	4050	"DGCCE"	"Considera los trabajos de preliminares, riego de impregnación, piso para pavimento de concreto hidráulico."	TRUE
"161_Chapantongo"	161	"Chapantongo"	"Vialidades Urbanas"	2023	"Construcción de concreto hidráulico en acceso a cabecera municipal de Chapantongo"	"Chapantongo"	2006	"DGIVC"	"Considera los trabajos de preliminares, riego de impregnación, piso para pavimento de concreto hidráulico."	TRUE
"162_Chapantongo"	162	"Chapantongo"	"Infraestructura Carretera"	2025	"Reconstrucción de la C.E. Golondrinas - Alfajayucan - Chapantongo - Tepetitlán, municipio de Chapantongo"	"Chapantongo"	NA	"SIPDUS"	NA	TRUE
"163_Chapantongo"	163	"Chapantongo"	"Infraestructura Carretera"	2023	"Construcción de pavimentación asfáltica en acceso a Dexha en el municipio de Chapantongo"	"Dexha"	149	"DGIVC"	"Considera los trabajos de capa subbase, riego de impregnación, suministro y aplicación de riego de liga con emulsión asfáltica"	TRUE
"164_Chapantongo"	164	"Chapantongo"	"Infraestructura Carretera"	2023	"Construcción de Pavimentación Asfáltica en Chapantongo, en la Localidad de Juchitlan."	"Juchitlán"	189	"DGIVC"	"Considera los trabajos de capa subbase, riego de impregnación, suministro y aplicación de riego de liga con emulsión asfáltica"	TRUE
"165_Chapantongo"	165	"Chapantongo"	"Vialidades Urbanas"	2023	"Construcción de pavimentación asfáltica en Chapantongo localidad Puerto Vallarta calle principal."	"Puerto Vallarta"	302	"DGIVC"	"Considera los trabajos de capa subbase, riego de impregnación, suministro y aplicación de riego de liga con emulsión asfáltica"	TRUE
"167_Chapantongo"	167	"Chapantongo"	"Infraestructura Carretera"	2024	"Construcción de pavimentación asfáltica en la localidad de Zimapantongo, municipio de Chapantongo"	"Zimapantongo"	666	"DGCCE"	"Considera los trabajos de capa subbase, riego de impregnación, suministro y aplicación de riego de liga con emulsión asfáltica"	TRUE
"168_Chapulhuacán"	168	"Chapulhuacán"	"Infraestructura Carretera"	2023	"Construcción de pavimento hidráulico en la comunidad de Cahuazas, Chapulhuacán."	"Cahuazas (Hacienda de Cahuazas)"	793	"DGCCE"	"Considera los trabajos de preliminares, piso para pavimento de concreto hidráulico."	TRUE
"169_Chapulhuacán"	169	"Chapulhuacán"	"Infraestructura Hídrica"	2023	"Construcción de sistema integral de abastecimiento de agua potable en la cabecera municipal de Chapulhuacan (1ra etapa)"	"Chapulhuacán"	4054	"SIPDUS"	"Considera los trabajos de líneas de distribución con la instalación de tubería, tomas domiciliarias. en la localidad de Chapulhuacán municipio de  Chapulhuacán"	TRUE
"17_Acaxochitlán"	17	"Acaxochitlán"	"Infraestructura Carretera"	2023	"Pavimentación de concreto hidráulico en camino principal Santa Catarina - Santa Ana Tzacuala, para beneficiar a la comunidad de Santa Catarina; en el municipio de Acaxochitlán."	"Santa Catarina"	493	"DGIVC"	"Considera los trabajos de preliminares, riego de impregnación, piso para pavimento de concreto hidráulico."	TRUE
"171_Chapulhuacán"	171	"Chapulhuacán"	"Infraestructura Hídrica"	2025	"Construcción de Sistema Integral de Abastecimiento de Agua Potable en la cabecera municipal de Chapulhuacán (Tercera etapa)"	"Chapulhuacán"	NA	"SIPDUS"	NA	TRUE
"172_Chapulhuacán"	172	"Chapulhuacán"	"Vialidades Urbanas"	2024	"Pavimentación de concreto Hidráulico en calle de acceso a la comunidad de La Escondida, municipio de Chapulhuacán"	"La Escondida"	227	"DGCCE"	"Considera los trabajos de preliminares, riego de impregnación, piso para pavimento de concreto hidráulico."	TRUE
"173_Chapulhuacán"	173	"Chapulhuacán"	"Infraestructura Carretera"	2023	"Construye tu Camino del Tramo La Mesa - Telesecundaria 748, en el municipio de Chapulhuacan."	"La Mesa"	397	"DGCCE"	"Considera los trabajos de construcción de huellas de concreto hidráulico y empedrado en la localidad, el cual consta de terracerías y pisos de concreto."	TRUE
"174_Chapulhuacán"	174	"Chapulhuacán"	"Infraestructura Carretera"	2024	"Construye tu Camino del tramo Palo Verde a entronque San Rafael, en el municipio de Chapuluacan."	"Palo Verde"	322	"DGCCE"	"Considera los trabajos de construcción de huellas de concreto hidráulico y empedrado en la localidad, el cual consta de terracerías y pisos de concreto."	TRUE
"175_Chapulhuacán"	175	"Chapulhuacán"	"Infraestructura Carretera"	2024	"Reconstrucción de la C.E. Santa Ana de Allende - Huatepango, municipio de Chapulhuacán"	"Santa Ana de Allende"	1760	"DGOPI"	"Considera trabajos para la reconstrucción y/o conservación de Infraestructura Carretera en la localidad de Santa Ana de Allende municipio de Chapulhuacán"	TRUE
"176_Pisaflores"	176	"Pisaflores"	"Vivienda Asequible"	2023	"Construcción de 30 cuartos dormitorio en el municipio de Pisaflores  y Chapulhuacán"	"Casas Viejas,Chapulhuacán,El Bonigu,El Rayo,Guayabos,La Escondida de Lo Verde,Palmitas,Pisaflores,Plan de Ayala,San Pedro Xochicuaco,San Rafael,Tlacuilola"	NA	"CEVI"	"Considera los trabajos de construcción de cuarto dormitorio en terreno del beneficiario."	TRUE
"177_Chilcuautla"	177	"Chilcuautla"	"Vialidades Urbanas"	2023	"Construcción de Pavimentación Asfáltica en la localidad de Benito Juárez, municipio de Chilcuautla."	"Benito Juárez (La Rinconada) (Colonia)"	513	"DGIVC"	"Considera los trabajos de capa subbase, riego de impregnación, suministro y aplicación de riego de liga con emulsión asfáltica"	TRUE
"178_Chilcuautla"	178	"Chilcuautla"	"Vialidades Urbanas"	2023	"Construcción de pavimentación asfáltica de varias calles de la cabecera municipal, municipio de Chilcuautla"	"Chilcuautla"	1262	"DGIVC"	"Considera los trabajos de capa subbase, riego de impregnación, suministro y aplicación de riego de liga con emulsión asfáltica"	TRUE
"179_Chilcuautla"	179	"Chilcuautla"	"Espacios Públicos"	2024	"Construcción del Corredor Artesanal en la localidad de Chilcuautla, municipio de Chilcuautla"	"Chilcuautla"	1262	"DGIVC"	"Considera trabajos en infraestructura del Espacio Público en la localidad Chilcuautla."	TRUE
"180_Chilcuautla"	180	"Chilcuautla"	"Vialidades Urbanas"	2025	"Construcción de pavimentación asfáltica en la localidad de Tunititlán, municipio de Chilcuautla"	"Chilcuautla"	NA	"SIPDUS"	NA	TRUE
"181_Chilcuautla"	181	"Chilcuautla"	"Espacios Públicos"	2023	"Construcción de puente peatonal para comunicar a las comunidades de La Estancia y El Bethí, en el municipio de Chilcuautla"	"El Bethí"	NA	"DGCCE"	"Considera trabajos en infraestructura del Espacio Público en la localidad de El Bethí el municipio de Chilcuautla."	TRUE
"182_Chilcuautla"	182	"Chilcuautla"	"Infraestructura Carretera"	2023	"Construcción de pavimentación asfáltica en camino rural al pozo de agua potable en la comunidad de El Bethí; en el municipio del Chilcuautla"	"El Bethí"	887	"DGIVC"	"Considera los trabajos de capa subbase, riego de impregnación, suministro y aplicación de riego de liga con emulsión asfáltica"	TRUE
"183_Chilcuautla"	183	"Chilcuautla"	"Infraestructura Hídrica"	2024	"Rehabilitación de Cárcamo de Agua Potable en El Bethi."	"El Bethí"	887	"CEAA"	"Considera los trabajos de mejoramiento en Infraestructura hídrica en la localidad de El Bethí municipio de Chilcuautla"	TRUE
"184_Chilcuautla"	184	"Chilcuautla"	"Infraestructura Hídrica"	2024	"Rehabilitación de Caseta de Bombeo Cárcamo El Dadho"	"El Dadhó"	625	"CEAA"	"Considera los trabajos de mejoramiento en Infraestructura hídrica en la localidad de El Dadhó municipio de Chilcuautla"	TRUE
"185_Chilcuautla"	185	"Chilcuautla"	"Espacios Públicos"	2023	"Construcción de nueva celda para disposición de residuos sólidos, para el municipio de Chilcuautla"	"El Deca"	270	"DGOPI"	"Considera trabajos en infraestructura del Espacio Público en la localidad de El Deca el municipio de Chilcuautla."	TRUE
"186_Chilcuautla"	186	"Chilcuautla"	"Infraestructura Hídrica"	2023	"Construcción del Sistema de Alcantarillado Sanitario primera etapa para beneficiar a la localidad de El Mejay en el municipio de Chilcuautla"	"El Mejay"	839	"SIPDUS"	"Considera los trabajos de excavaciones y rellenos, descargas domiciliarias, red de alcantarillado."	TRUE
"187_Chilcuautla"	187	"Chilcuautla"	"Infraestructura Hídrica"	2025	"Equipamiento de pozo profundo para agua potable y construcción de líneas de conducción localidad de El Mejay, Chilcuautla, Hidalgo."	"El Mejay"	839	"CEAA"	"&#10;-1664 m de línea de conducción de PVC de 4.&#10;-Equipamiento de bomba de 30 hp.&#10;-Cercado perimetral en pozo."	TRUE
"188_Chilcuautla"	188	"Chilcuautla"	"Infraestructura Hídrica"	2022	"Construcción de sistema de alcantarillado sanitario de la localidad de Xothí, Chilcuautla, etapa dos de cinco."	"El Xothí"	848	"CEAA"	"Considera los trabajos de excavaciones y rellenos, descargas domiciliarias, red de alcantarillado."	TRUE
"189_Chilcuautla"	189	"Chilcuautla"	"Infraestructura Hídrica"	2024	"Construcción de obra de drenaje para carretera estatal el Tephé a Progreso de Obregón en la comunidad de El Xothi, en el municipio de Chilcuautla"	"El Xothí"	848	"SIPDUS"	"Considera los trabajos de excavaciones y rellenos, descargas domiciliarias, pozos de visita, red de drenaje."	TRUE
"19_Acaxochitlán"	19	"Acaxochitlán"	"Infraestructura Hídrica"	2023	"Construcción del Sistema de Agua Potable para beneficiar a la localidad de Tepepa Santiago Tepepa segunda etapa consiste en red de distribución en varias AGEBS"	"Tepepa (Santiago Tepepa)"	5113	"SIPDUS"	"Considera los trabajos de líneas de distribución con la instalación de tubería, tomas domiciliarias. en la localidad de Tepepa (Santiago Tepepa) municipio de  Acaxochitlán"	TRUE
"190_Chilcuautla"	190	"Chilcuautla"	"Infraestructura Hídrica"	2023	"Construcción de línea de conducción a tanque, equipamiento y red eléctrica en Huitexcalco de Morelos"	"Huitexcalco"	1262	"CEAA"	"Considera los trabajos de instalación de tubería, rellenos con material producto de excavación, prueba de la tubería en la comunidad."	TRUE
"191_Chilcuautla"	191	"Chilcuautla"	"Infraestructura Hídrica"	2023	"Construcción de Red de Drenaje en la Localidad de la Estancia, Municipio de Chilcuautla de la Estancia, Municipio de Chilcuautla, Hidalgo, Etapa de Dos de Cuatro"	"La Estancia"	1613	"CEAA"	"Considera los trabajos de excavaciones y rellenos, descargas domiciliarias, pozos de visita, red de drenaje."	TRUE
"192_Chilcuautla"	192	"Chilcuautla"	"Infraestructura Hídrica"	2023	"Construcción de red de drenaje en la localidad de la Estancia, municipio de  Chilcuautla, Hidalgo, etapa tres de cuatro."	"La Estancia"	NA	"CEAA"	"Considera los trabajos de excavaciones y rellenos, descargas domiciliarias, pozos de visita, red de drenaje."	TRUE
"193_Chilcuautla"	193	"Chilcuautla"	"Infraestructura Hídrica"	2024	"Construcción de red de drenaje en la localidad de la Estancia etapa cuatro de cinco, municipio de  Chilcuautla, Hidalgo."	"La Estancia"	1613	"CEAA"	"Considera los trabajos de excavaciones y rellenos, descargas domiciliarias, pozos de visita, red de drenaje."	TRUE
"194_Chilcuautla"	194	"Chilcuautla"	"Infraestructura Carretera"	2024	"Construcción de pavimentación asfáltica en caminos rurales de la Manzana El Pirul de la localidad de La Estancia, municipio de Chilcuautla."	"La Estancia"	NA	"DGIVC"	"Considera los trabajos de capa subbase, riego de impregnación, suministro y aplicación de riego de liga con emulsión asfáltica"	TRUE
"195_Chilcuautla"	195	"Chilcuautla"	"Infraestructura Hídrica"	2022	"Eficientización de la Energía para el Bombeo de Agua en Pozos de Uso Público Urbano a través de Sistemas Fotovoltaicos, para el Sistema de Agua Potable en Santa Ana Batha, municipio de Chilcuautla"	"Santa Ana Batha"	1862	"SIPDUS"	"Considera los trabajos para el equipamiento de pozo en la localidad de  Santa Ana Batha municipio de Chilcuautla"	TRUE
"196_Chilcuautla"	196	"Chilcuautla"	"Infraestructura Carretera"	2023	"Construcción de Pavimentación Asfáltica en Camino Rural a Buena Vista en la localidad de Santa Ana  Batha."	"Santa Ana Batha"	279	"DGIVC"	"Considera los trabajos de capa subbase, riego de impregnación, suministro y aplicación de riego de liga con emulsión asfáltica"	TRUE
"197_Chilcuautla"	197	"Chilcuautla"	"Infraestructura Carretera"	2022	"Re-encarpetamiento Cocineras - Mejay E.C. Progreso - El Tephé"	"Santa Ana Batha"	NA	"DGIVC"	"Considera trabajos para la reconstrucción y/o conservación de Infraestructura Carretera en la localidad de Santa Ana Batha municipio de Chilcuautla"	TRUE
"199_Chilcuautla"	199	"Chilcuautla"	"Infraestructura Carretera"	2025	"Pavimentación asfáltica en camino rural 2 de noviembre y Francisco Villa en la comunidad de Texcatepec, municipio de Chilcuautla"	"Texcatepec"	NA	"SIPDUS"	NA	TRUE
"2_Acatlán"	2	"Acatlán"	"Vialidades Urbanas"	2023	"Construcción de pavimento hidráulico en San Bartolo (El Llano): en el municipio de Acatlán"	"Acatlán"	NA	"DGOPI"	"Considera los trabajos de preliminares, piso para pavimento de concreto hidráulico."	TRUE
"20_Acaxochitlán"	20	"Acaxochitlán"	"Infraestructura Hídrica"	2022	"Construcción del sistema de agua potable para beneficiar a la localidad de Tepepa Santiago Tepepa primer etapa consiste en red de distribución en varias AGEBS"	"Tepepa (Santiago Tepepa)"	5113	"SIPDUS"	"Considera los trabajos de líneas de distribución con la instalación de tubería, tomas domiciliarias. en la localidad de Tepepa (Santiago Tepepa) municipio de  Acaxochitlán"	TRUE
"200_Chilcuautla"	200	"Chilcuautla"	"Infraestructura Hídrica"	2023	"Rehabilitación del sistema de agua potable de la localidad de Tlacotlapilco, municipio de Chilcuautla, Hidalgo, etapa dos de tres."	"Tlacotlapilco"	810	"CEAA"	"Considera los trabajos de instalación de tubería, rellenos con material producto de excavación, prueba de la tubería en la comunidad."	TRUE
"201_Chilcuautla"	201	"Chilcuautla"	"Infraestructura Hídrica"	2022	"Rehabilitación del sistema de agua potable de la localidad de Tlacotlapilco, municipio de Chilcuautla, Hidalgo, etapa una de tres(obra emergente por daños ocasionados por inundación fluvial y lluvia severa)."	"Tlacotlapilco"	810	"CEAA"	"Considera los trabajos de instalación de tubería, rellenos con material producto de excavación, prueba de la tubería en la comunidad."	TRUE
"202_Chilcuautla"	202	"Chilcuautla"	"Infraestructura Hídrica"	2024	"Rehabilitación del sistema de agua potable de la localidad de Tlacotlapilco, municipio de Chilcuautla, Hidalgo. (Terminación)"	"Tlacotlapilco"	810	"CEAA"	"Considera los trabajos de líneas de distribución con la instalación de tubería, tomas domiciliarias. en la localidad de Tlacotlapilco municipio de  Chilcuautla"	TRUE
"203_Chilcuautla"	203	"Chilcuautla"	"Vialidades Urbanas"	2024	"Construcción de pavimentación asfáltica en Circuito Sur, en la localidad de Xothí, en el municipio de Chilcuautla."	"Xothi"	848	"DGIVC"	"Considera los trabajos de capa subbase, riego de impregnación, suministro y aplicación de riego de liga con emulsión asfáltica"	TRUE
"204_Chilcuautla"	204	"Chilcuautla"	"Infraestructura Hídrica"	2023	"Construcción de sistema de alcantarillado sanitario de la localidad de Xothí, Chilcuautla, etapa tres de cinco."	"Xothí"	848	"CEAA"	"Considera los trabajos de excavaciones y rellenos, descargas domiciliarias, red de alcantarillado."	TRUE
"205_Chilcuautla"	205	"Chilcuautla"	"Infraestructura Hídrica"	2022	"Construcción de la red de alcantarillado primera etapa para beneficiar a la localidad de Zacualoya en el municipio de Chilcuautla"	"Zacualoya"	355	"SIPDUS"	"Considera los trabajos de excavaciones y rellenos, descargas domiciliarias, red de alcantarillado."	TRUE
"206_Chilcuautla"	206	"Chilcuautla"	"Infraestructura Hídrica"	2023	"Construcción de la planta de tratamiento de aguas residuales para beneficiar a la localidad de Zacualoya en el municipio de Chilcuautla"	"Zacualoya"	355	"SIPDUS"	"Considera los trabajos para la  Construcción de la planta de tratamiento de aguas residuales en la localidad de Zacualoya municipio de Chilcuautla."	TRUE
"207_Chilcuautla"	207	"Chilcuautla"	"Infraestructura Carretera"	2023	"Construcción de Pavimentación Asfáltica en Camino de acceso a Zacualoya."	"Zacualoya"	NA	"DGIVC"	"Considera los trabajos de capa subbase, riego de impregnación, suministro y aplicación de riego de liga con emulsión asfáltica"	TRUE
"21_Acaxochitlán"	21	"Acaxochitlán"	"Vivienda Asequible"	2022	"Construcción de cuarto dormitorio, en el municipio de Acaxochitlán"	"Tlamimilolpa"	16	"DGCCE"	"Considera los trabajos de construcción de cuarto dormitorio en terreno del beneficiario."	TRUE
"22_Acaxochitlán"	22	"Acaxochitlán"	"Infraestructura Carretera"	2025	"Rehabilitación de la C.E. Acaxochitlán a Tlamimilolpa a La Mesa a Cuautepec (primera etapa), en el municipio de Acaxochitlán"	"Tlamimilolpa"	NA	"DGCCE"	"Se realizara la obra contemplando las siguientes partidas: preliminares, pavimento de concreto hidráulico, obras complementarias, señalamiento horizontal."	TRUE
"227_San Agustín Tlaxiaca"	227	"San Agustín Tlaxiaca"	"Espacios Públicos"	2024	"Rehabilitación de la imagen urbana de la vialidad Pachuca - Actopan y Boulevard de acceso a la Concepción,           comunidad de Tilcuautla, en los municipios de Pachuca y San Agustín Tlaxiaca."	"Varias"	NA	"DGEP"	"Considera trabajos en pintura de guarniciones, colocación de adoquín, sembrado de vegetación, rodetes para arboles y rampas."	TRUE
"229_Cuautepec de Hinojosa"	229	"Cuautepec de Hinojosa"	"Infraestructura Carretera"	2025	"Construcción de pavimentación hidráulica de la C.E. Cuautepec - Tulancingo (Segunda etapa), en el municipio de Cuautepec de Hinojosa"	"Cuautepec de Hinojosa"	NA	"SIPDUS"	NA	TRUE
"230_Cuautepec de Hinojosa"	230	"Cuautepec de Hinojosa"	"Vialidades Urbanas"	2023	"Construcción de pavimentación hidráulica en calle Sonora y Morelos en la localidad de El Tepeyac, municipio de Cuautepec de Hinojosa"	"El Tepeyac"	1702	"DGOPI"	"Considera los trabajos de preliminares, piso para pavimento de concreto hidráulico."	TRUE
"231_Cuautepec de Hinojosa"	231	"Cuautepec de Hinojosa"	"Infraestructura Carretera"	2024	"Construcción de pavimentación hidráulica de la C.E. Cuautepec - Tulancingo"	"La Esperanza"	49	"DGCCE"	"Considera los trabajos de preliminares, riego de impregnación, piso para pavimento de concreto Hidráulico."	TRUE
"232_Cuautepec de Hinojosa"	232	"Cuautepec de Hinojosa"	"Infraestructura Carretera"	2023	"Construcción de pavimentación hidráulica en carretera Santa Rita a Santa Elena Paliseca Tramo El Atoron"	"Santa Elena Paliseca"	3074	"DGOPI"	"Considera trabajos para la reconstrucción y/o conservación de Infraestructura Carretera en la localidad de Santa Elena Paliseca municipio de Cuautepec de Hinojosa"	TRUE
"233_Cuautepec de Hinojosa"	233	"Cuautepec de Hinojosa"	"Infraestructura Carretera"	2023	"Construcción de pavimentación asfáltica en la antigua carretera a Santa Elena Paliseca ubicada en la Localidad de Santa Elena Paliseca, municipio de Cuautepec de Hinojosa."	"Santa Elena Paliseca"	NA	"DGOPI"	"Considera los trabajos de capa subbase, riego de impregnación, suministro y aplicación de riego de liga con emulsión asfáltica"	TRUE
"234_Cuautepec de Hinojosa"	234	"Cuautepec de Hinojosa"	"Vivienda Asequible"	2022	"Construcción de cuarto dormitorio, en el municipio de Cuautepec de Hinojosa"	"Santa Elena Paliseca"	20	"DGCCE"	"Considera los trabajos de construcción de cuarto dormitorio en terreno del beneficiario."	TRUE
"235_El Arenal"	235	"El Arenal"	"Vialidades Urbanas"	2023	"Construcción de pavimentación asfáltica en el Arenal, localidad Centro Cabecera, Barrio La Capilla, calle Sin Nombre."	"El Arenal"	3578	"DGIVC"	"Considera los trabajos de capa subbase, riego de impregnación, suministro y aplicación de riego de liga con emulsión asfáltica"	TRUE
"236_El Arenal"	236	"El Arenal"	"Infraestructura Hídrica"	2025	"Rehabilitación de sistema de agua potable, alcantarillado. Sanitario y reposición de pavimento hidráulico en Av. Miguel Hidalgo, en el. Municipio de El Arenal"	"El Arenal"	NA	"SIPDUS"	NA	TRUE
"238_El Arenal"	238	"El Arenal"	"Vialidades Urbanas"	2023	"Construcción de pavimentación asfáltica a el panteón, El Meje, municipio de El Arenal"	"El Meje"	1024	"DGIVC"	"Considera los trabajos de capa subbase, riego de impregnación, suministro y aplicación de riego de liga con emulsión asfáltica"	TRUE
"239_El Arenal"	239	"El Arenal"	"Vialidades Urbanas"	2023	"Construcción de pavimentación hidráulica en El Arenal, Barrio El Ojua calle Lázaro Cárdenas"	"El Ojua"	84	"DGIVC"	"Considera los trabajos de preliminares, piso para pavimento de concreto hidráulico."	TRUE
"24_Acaxochitlán"	24	"Acaxochitlán"	"Infraestructura Carretera"	2023	"Construcción de Pavimentación de Concreto Hidráulico en Barrio San Javier Zacacuautla; en el municipio de Acaxochitlán."	"Zacacuautla"	2113	"DGIVC"	"Considera los trabajos de preliminares, riego de impregnación, piso para pavimento de concreto hidráulico."	TRUE
"240_El Arenal"	240	"El Arenal"	"Vialidades Urbanas"	2023	"Construcción de pavimentación hidráulica en El Arenal localidad El Rincón Libramiento La Peña El Rincón."	"El Rincón"	1029	"DGIVC"	"Considera los trabajos de preliminares, riego de impregnación, piso para pavimento de concreto Hidráulico, en la localidad de El Rincón municipio de  El Arenal"	TRUE
"241_El Arenal"	241	"El Arenal"	"Infraestructura Carretera"	2024	"Construcción de pavimentación asfáltica de Fray Francisco al Rincón, en el municipio de El Arenal"	"Fray Francisco"	525	"DGIVC"	"Considera los trabajos de capa subbase, riego de impregnación, suministro y aplicación de riego de liga con emulsión asfáltica"	TRUE
"242_El Arenal"	242	"El Arenal"	"Vialidades Urbanas"	2023	"Construcción de pavimentación asfáltica en El Arenal, en la localidad de San José Tepenene Manzana No.1 calle Emiliano Zapata."	"Ojo de Agua San José Tepenene"	1823	"DGIVC"	"Considera los trabajos de capa subbase, riego de impregnación, suministro y aplicación de riego de liga con emulsión asfáltica"	TRUE
"243_El Arenal"	243	"El Arenal"	"Vialidades Urbanas"	2023	"Construcción de pavimentación hidráulica en El Arenal, localidad de San José Tepenene calle 20 de Noviembre."	"Ojo de Agua San José Tepenene"	NA	"DGIVC"	"Considera los trabajos de preliminares, piso para pavimento de concreto hidráulico."	TRUE
"244_El Arenal"	244	"El Arenal"	"Vialidades Urbanas"	2023	"Construcción de pavimentación hidráulica en Ojo de Agua Santa Rosa, Manzana 1, municipio de El Arenal."	"Ojo de Agua Santa Rosa"	730	"DGIVC"	"Considera los trabajos de preliminares, riego de impregnación, piso para pavimento de concreto Hidráulico, en la localidad de Ojo de Agua Santa Rosa municipio de  El Arenal"	TRUE
"245_Pachuca de Soto"	245	"Pachuca de Soto"	"Vivienda Asequible"	2022	"Construcción de 38 cuartos dormitorio en los municipios de El Arenal y Pachuca de Soto"	"Barrio Cubitos,Barrio El Calvario,Bo. El Ojua,Cerro de Cubitos,Col. Adolfo Lopez Mateos,Colonia Anáhuac,Colonia la Raza,Colonia Monte Carmelo,Colonia Nueva Estrella,El Arenal Frutillal Alto,El Arenal Frutillal Bajo,El Palmar,La Capilla,San Antonio El Desmonte,Santiago Tlapacoya"	NA	"CEVI"	"Considera los trabajos de construcción de cuarto dormitorio en terreno del beneficiario."	TRUE
"246_Eloxochitlán"	246	"Eloxochitlán"	"Infraestructura Hídrica"	2023	"Perforación Exploratoria de Pozo para Agua Potable en la Cabecera Municipal de Eloxochitlán."	"Eloxochitlán"	601	"CEAA"	"Considera los trabajos de preliminares, perforación de pozo en la localidad de Eloxochitlán municipio de Eloxochitlán"	TRUE
"247_Eloxochitlán"	247	"Eloxochitlán"	"Infraestructura Carretera"	2023	"Modernización del Camino Eloxochitlán - Molango, en el municipio de Eloxochitlán."	"Eloxochitlán"	NA	"DGCCE"	"Considera los trabajos de modernización del camino en la localidad de Eloxochitlán"	TRUE
"248_Eloxochitlán"	248	"Eloxochitlán"	"Infraestructura Carretera"	2023	"Reconstrucción de la C.E. Metztitlán - Eloxochitlán."	"Eloxochitlán"	NA	"DGCCE"	"Considera trabajos para la reconstrucción y/o conservación de Infraestructura Carretera en la localidad de Eloxochitlán municipio de Eloxochitlán"	TRUE
"249_Eloxochitlán"	249	"Eloxochitlán"	"Infraestructura Carretera"	2023	"Construcción de pavimentación hidráulica El Paredón, localidad Eloxochitlán"	"Eloxochitlán"	NA	"DGCCE"	"Considera los trabajos de preliminares y pavimento hidráulico."	TRUE
"25_Actopan"	25	"Actopan"	"Infraestructura Carretera"	2023	"Rehabilitación del Boulevard paso por Actopan, en el municipio de Actopan"	"Actopan"	32276	"DGOPI"	"Considera trabajos para la reconstrucción y/o conservación de Infraestructura Carretera en la localidad de Actopan municipio de Actopan"	TRUE
"250_Eloxochitlán"	250	"Eloxochitlán"	"Infraestructura Carretera"	2023	"Construcción de pavimentación hidráulica Tecomate"	"Eloxochitlán"	NA	"DGCCE"	"Considera los trabajos de preliminares y pavimento hidráulico."	TRUE
"251_Eloxochitlán"	251	"Eloxochitlán"	"Vivienda Asequible"	2023	"Programa para la ampliación de  vivienda modalidad construcción de cuarto dormitorio en el municipio de Eloxochitlán"	"Eloxochitlán"	NA	"CEVI"	"Modalidad ampliación de vivienda para la construcción de cuarto dormitorio en terreno del beneficiario."	TRUE
"252_Eloxochitlán"	252	"Eloxochitlán"	"Vivienda Asequible"	2023	"Construcción de 20 cuartos dormitorio en el municipio de Eloxochitlán"	"Eloxochitlán"	NA	"CEVI"	"Considera los trabajos de construcción de cuarto dormitorio en terreno del beneficiario."	TRUE
"253_Eloxochitlán"	253	"Eloxochitlán"	"Infraestructura Hídrica"	2024	"Perforación de pozo para agua potable en Eloxochitlán."	"Eloxochitlán"	601	"CEAA"	"Considera los trabajos de preliminares, perforación de pozo en la localidad de Eloxochitlán municipio de Eloxochitlán"	TRUE
"254_Eloxochitlán"	254	"Eloxochitlán"	"Infraestructura Carretera"	2024	"Construye Tu Camino del tramo al Barrio El Calvario, en el municipio de Eloxochitlan"	"Eloxochitlán"	NA	"DGCCE"	"Considera los trabajos de construcción de huellas de concreto hidráulico y empedrado en la localidad, el cual consta de terracerías y pisos de concreto."	TRUE
"255_Eloxochitlán"	255	"Eloxochitlán"	"Infraestructura Carretera"	2024	"Construye Tu Camino del tramo Primer puente rumbo al Barrio Pueblo Nuevo, en la localidad de Hualula, en el municipio de Eloxochitlán"	"Hualula (San Juan Hualula)"	975	"DGCCE"	"Considera los trabajos de construcción de huellas de concreto hidráulico y empedrado en la localidad, el cual consta de terracerías y pisos de concreto."	TRUE
"256_Eloxochitlán"	256	"Eloxochitlán"	"Infraestructura Carretera"	2024	"Construye Tu Camino del tramo Otatla-Gilo, en el municipio de Eloxochitlán"	"Otatla"	224	"DGCCE"	"Considera los trabajos de construcción de huellas de concreto hidráulico y empedrado en la localidad, el cual consta de terracerías y pisos de concreto."	TRUE
"257_Eloxochitlán"	257	"Eloxochitlán"	"Vialidades Urbanas"	2023	"Construcción de pavimentación hidráulica en Barrio Centro, localidad de Gilo"	"San Pedro Gilo (Gilo)"	194	"DGCCE"	"Considera los trabajos de preliminares, riego de impregnación, piso para pavimento de concreto Hidráulico, en la localidad de San Pedro Gilo (Gilo) municipio de  Eloxochitlán"	TRUE
"259_Emiliano Zapata"	259	"Emiliano Zapata"	"Infraestructura Hídrica"	2023	"Rehabilitación del sistema red general de agua potable en la cabecera municipal de Emiliano Zapata"	"Emiliano Zapata"	9584	"SIPDUS"	"Considera los trabajos de instalación de tubería, rellenos con material producto de excavación, prueba de la tubería en la comunidad."	TRUE
"26_Actopan"	26	"Actopan"	"Vialidades Urbanas"	2023	"Rehabilitación asfáltica de circuito poniente del Fraccionamiento Guzmán Mayer, en el municipio de Actopan."	"Actopan"	NA	"DGOPI"	"Se realizan los siguientes trabajos: trazo y nivelación de plazas, suministro y aplicación de carpeta asfáltica compactado,  en el municipio de Actopan"	TRUE
"260_Emiliano Zapata"	260	"Emiliano Zapata"	"Infraestructura Carretera"	2023	"Reconstrucción de la C.E. Apan - Emiliano Zapata; en el municipio de Emiliano Zapata"	"Emiliano Zapata"	NA	"DGIVC"	"Considera trabajos para la reconstrucción y/o conservación de Infraestructura Carretera en la localidad de Emiliano Zapata municipio de Emiliano Zapata"	TRUE
"261_Emiliano Zapata"	261	"Emiliano Zapata"	"Espacios Públicos"	2024	"Mantenimiento del Centro Cultural Regional de Emiliano Zapata."	"Emiliano Zapata"	9584	"DGOPI"	"Considera trabajos en infraestructura del Espacio Público en el municipio de Emiliano Zapata."	TRUE
"262_Emiliano Zapata"	262	"Emiliano Zapata"	"Infraestructura Hídrica"	2024	"Rehabilitación de planta de tratamiento de aguas residuales en la cabecera municipal de Emiliano Zapata."	"Emiliano Zapata"	NA	"DGEP"	"Considera los trabajos para la Rehabilitación de la planta de tratamiento de aguas en el municipio de Emiliano Zapata."	TRUE
"263_Emiliano Zapata"	263	"Emiliano Zapata"	"Infraestructura Carretera"	2025	"Reconstrucción del acceso principal a la cabecera (Cuerpo derecho) entronque con carretera Apan - Calpulalpan, en el municipio de Emiliano Zapata"	"Emiliano Zapata"	NA	"SIPDUS"	NA	TRUE
"264_Emiliano Zapata"	264	"Emiliano Zapata"	"Infraestructura Hídrica"	2022	"Construcción de sistema de agua potable en Santa Bárbara etapa dos de cuatro"	"Santa Bárbara"	2039	"CEAA"	"Considera los trabajos de líneas de distribución con la instalación de tubería, tomas domiciliarias. en la localidad de Santa Bárbara municipio de Emiliano Zapata"	TRUE
"265_Emiliano Zapata"	265	"Emiliano Zapata"	"Infraestructura Hídrica"	2023	"Construcción de sistema de agua potable en Santa Bárbara etapa tres de cuatro, Emiliano Zapata"	"Santa Bárbara"	2039	"CEAA"	"Considera los trabajos de líneas de distribución con la instalación de tubería, tomas domiciliarias. en la localidad de Santa Bárbara municipio de Emiliano Zapata"	TRUE
"266_Emiliano Zapata"	266	"Emiliano Zapata"	"Infraestructura Hídrica"	2024	"Construcción de sistema de agua potable en Santa Bárbara. (Terminación)"	"Santa Bárbara"	2039	"CEAA"	"Considera los trabajos de líneas de distribución con la instalación de tubería, tomas domiciliarias. en la localidad de Santa Bárbara municipio de Emiliano Zapata"	TRUE
"267_Emiliano Zapata"	267	"Emiliano Zapata"	"Espacios Públicos"	2024	"Construcción del Circuito Ciclopista Santa Clara - entronque Carretera Federal, en el municipio de Emiliano Zapata."	"Santa Clara"	134	"DGIVC"	"Considera trabajos en infraestructura del Espacio Público en la localidad de Santa Clara el municipio de Emiliano Zapata."	TRUE
"268_Epazoyucan"	268	"Epazoyucan"	"Vialidades Urbanas"	2024	"Pavimentación hidráulica de camino El Mercillero - Crucero de Nexpa, tercera etapa, municipio de Epazoyucan"	"El Mercillero"	566	"DGIVC"	"Considera los trabajos de preliminares, riego de impregnación, piso para pavimento de concreto Hidráulico, en la localidad de  El Mercillero municipio de  Epazoyucan"	TRUE
"269_Epazoyucan"	269	"Epazoyucan"	"Infraestructura Carretera"	2023	"Pavimentación hidráulica de camino El Mercillero - Crucero de Nexpa, segunda etapa."	"El Mercillero"	244	"DGIVC"	"Considera los trabajos de preliminares y pavimento hidráulico."	TRUE
"27_Actopan"	27	"Actopan"	"Vialidades Urbanas"	2023	"Rehabilitación del pavimento asfáltico de calle, en la localidad de Pozo Grande en el municipio de Actopan"	"Actopan"	NA	"DGOPI"	"Se realizan los siguientes trabajos: trazo y nivelación de plazas, suministro y aplicación de carpeta asfáltica compactado."	TRUE
"270_Epazoyucan"	270	"Epazoyucan"	"Vialidades Urbanas"	2023	"Pavimentación en concreto hidráulico, alumbrado público, guarniciones y banquetas, en el acceso a Ocote Chico"	"El Ocote Chico"	226	"DGIVC"	"Considera los trabajos de preliminares, riego de impregnación, piso para pavimento de concreto hidráulico."	TRUE
"271_Epazoyucan"	271	"Epazoyucan"	"Infraestructura Carretera"	2023	"Pavimentación de concreto hidráulico camino Santa Mónica-Escobillas; en el municipio de Epazoyucan."	"Escobillas"	208	"DGCCE"	"Considera los trabajos de preliminares, riego de impregnación, piso para pavimento de concreto hidráulico."	TRUE
"273_Epazoyucan"	273	"Epazoyucan"	"Vialidades Urbanas"	2023	"Pavimentación con concreto hidráulico de calle No me Olvides, entre calle Crisantemo y calle Gladiola en la localidad de Xochihuacán, municipio de Epazoyucan"	"Xochihuacán"	NA	"DGCCE"	"Considera los trabajos de preliminares, riego de impregnación, piso para pavimento de concreto hidráulico."	TRUE
"274_Epazoyucan"	274	"Epazoyucan"	"Vialidades Urbanas"	2023	"Pavimentación de concreto hidráulico en la calle Violeta, en la localidad de Xochihuacán; municipio de Epazoyucan."	"Xochuhuacán (Fraccionamiento)"	2054	"DGOPI"	"Considera los trabajos de preliminares, riego de impregnación, piso para pavimento de concreto hidráulico."	TRUE
"279_Francisco I. Madero"	279	"Francisco I. Madero"	"Infraestructura Hídrica"	2023	"Ampliación de Pozo de Agua Potable en el Barrio San Antonio (2a. Etapa)"	"Barrio San Antonio"	42	"CEAA"	"Considera los trabajos de ampliación de pozo en la localidad de Barrio San Antonio municipio de Francisco I. Madero."	TRUE
"28_Actopan"	28	"Actopan"	"Vivienda Asequible"	2024	"Construcción de cuartos dormitorios en el municipio de Actopan"	"Actopan"	NA	"CEVI"	"Considera los trabajos de construcción de cuarto dormitorio en terreno del beneficiario."	TRUE
"280_Francisco I. Madero"	280	"Francisco I. Madero"	"Vialidades Urbanas"	2023	"Pavimentación asfáltica en calle Sinaloa Camino Blanco, localidad Dengantzha, municipio de Francisco I. Madero"	"Dengantzha"	2082	"DGCCE"	"Considera los trabajos de capa subbase, riego de impregnación, suministro y aplicación de riego de liga con emulsión asfáltica"	TRUE
"281_Francisco I. Madero"	281	"Francisco I. Madero"	"Vialidades Urbanas"	2024	"Construcción de pavimentación asfáltica en calle Sinaloa en la localidad de Dengantzhá (segunda etapa), en el municipio de Francisco I. Madero"	"Dengantzha"	2082	"DGIVC"	"Considera los trabajos de capa subbase, riego de impregnación, suministro y aplicación de riego de liga con emulsión asfáltica"	TRUE
"282_Francisco I. Madero"	282	"Francisco I. Madero"	"Infraestructura Hídrica"	2022	"Inversion de 961,312 pesos en rehabilitación de Pozo Rosario, El Rosario, municipio de Francisco I, Madero"	"El Rosario"	7500	"CAASVAM"	"Considera los trabajos para la rehabilitación y equipamiento de pozo en la localidad de  El Rosario municipio de Francisco I. Madero"	TRUE
"283_Francisco I. Madero"	283	"Francisco I. Madero"	"Vialidades Urbanas"	2023	"Construcción de pavimentación asfáltica en calle Almada, barrio El Barroso en la localidad de colonia El Rosario."	"El Rosario (Colonia)"	1100	"DGIVC"	"Considera los trabajos de capa subbase, riego de impregnación, suministro y aplicación de riego de liga con emulsión asfáltica"	TRUE
"285_Francisco I. Madero"	285	"Francisco I. Madero"	"Infraestructura Hídrica"	2022	"Inversion de más 1.300 mdp en rehabilitación de Pozo Mexe, col el 15, municipio de Francisco I. Madero"	"Lázaro Cárdenas (El Mexe) [Colonia]"	15000	"CAASVAM"	"Considera los trabajos para la rehabilitación y equipamiento de pozo en la localidad de  Lázaro Cárdenas  municipio de Francisco I. Madero"	TRUE
"286_Francisco I. Madero"	286	"Francisco I. Madero"	"Infraestructura Hídrica"	2023	"Perforación de pozo profundo para extracción de agua potable, en la localidad de los Filtros, municipio de Francisco I. Madero."	"Los Filtros"	875	"SIPDUS"	"Considera los trabajos de preliminares, perforación de pozo en la localidad de Los Filtros municipio de Francisco I. Madero"	TRUE
"287_Francisco I. Madero"	287	"Francisco I. Madero"	"Infraestructura Hídrica"	2024	"Continuidad de Perforación de pozo profundo para extracción de agua potable, en la localidad de los Filtros, municipio de Francisco I. Madero."	"Los Filtros"	875	"DGIVC"	"Considera los trabajos de preliminares, perforación de pozo en la localidad de Los Filtros municipio de Francisco I. Madero"	TRUE
"288_Francisco I. Madero"	288	"Francisco I. Madero"	"Infraestructura Hídrica"	2022	"Inversion de 341,305 pesos en la rehabilitación de la línea de conducción de agua potable por bombeo, San Antonio, municipio de Francisco I, Madero"	"San Antonio"	1950	"CAASVAM"	"Considera los trabajos de instalación de tubería, rellenos con material producto de excavación, prueba de la tubería en la comunidad."	TRUE
"289_Francisco I. Madero"	289	"Francisco I. Madero"	"Infraestructura Hídrica"	2022	"Inversion de 386,204 pesos en la rehabilitación de la línea de conducción de agua potable, San Antonio, municipio de Francisco I, Madero"	"San Antonio"	NA	"CAASVAM"	"Considera los trabajos de instalación de tubería, rellenos con material producto de excavación, prueba de la tubería en la comunidad."	TRUE
"29_Actopan"	29	"Actopan"	"Espacios Públicos"	2024	"Rehabilitación de CGI de Actopan"	"Actopan"	32276	"IAAMH"	"Considera trabajos en infraestructura del Espacio Público en el municipio de Actopan."	TRUE
"290_Francisco I. Madero"	290	"Francisco I. Madero"	"Infraestructura Hídrica"	2022	"Inversion de  298,208 pesos en rehabilitación de pozo San Juan, San Juan Tepa, municipio de Francisco I, Madero"	"San Juan Tepa"	2500	"CAASVAM"	"Considera los trabajos para la rehabilitación y equipamiento de pozo en la localidad de  San Juan Tepa municipio de Francisco I. Madero"	TRUE
"291_Francisco I. Madero"	291	"Francisco I. Madero"	"Infraestructura Carretera"	2023	"Rehabilitación de acceso principal Tepatepec - San Juan Tepa; municipio de Francisco I. Madero"	"San Juan Tepa"	11149	"DGIVC"	"Considera trabajos para la reconstrucción y/o conservación de Infraestructura Carretera en la localidad de San Juan Tepa municipio de Francisco I. Madero"	TRUE
"292_Francisco I. Madero"	292	"Francisco I. Madero"	"Infraestructura Carretera"	2022	"Reconstrucción asfáltica de la carretera San Juan Tepa - Tecomatlán, municipio de Francisco I. Madero"	"San Juan Tepa"	NA	"DGIVC"	"Considera trabajos para la reconstrucción y/o conservación de Infraestructura Carretera en la localidad de San Juan Tepa municipio de Francisco I. Madero"	TRUE
"293_Francisco I. Madero"	293	"Francisco I. Madero"	"Infraestructura Hídrica"	2022	"Inversion de 50,546 pesos en la construcción de ampliación de red de agua potable, Tepatepec, municipio de Francisco I, Madero"	"Tepatepec"	NA	"CAASVAM"	"Considera los trabajos de instalación de tubería, rellenos con material producto de excavación, prueba de la tubería en la comunidad."	TRUE
"294_Francisco I. Madero"	294	"Francisco I. Madero"	"Vialidades Urbanas"	2023	"Rehabilitación de pavimentación asfáltica en calle Galena y Allende, Segunda Demarcación, municipio de Francisco I. Madero"	"Tepatepec"	11335	"DGCCE"	"Considera los trabajos de capa subbase, riego de impregnación, suministro y aplicación de riego de liga con emulsión asfáltica"	TRUE
"295_Francisco I. Madero"	295	"Francisco I. Madero"	"Infraestructura Hídrica"	2024	"Construcción y/o rehabilitación de cajas de válvulas  en red de distribución de agua potable, en el Municipio de Francisco I. Madero."	"Tepatepec"	11335	"CAASVAM"	"Considera los trabajos de mejoramiento en Infraestructura hídrica en la localidad de Tepatepec municipio de Francisco I. Madero"	TRUE
"296_Francisco I. Madero"	296	"Francisco I. Madero"	"Infraestructura Hídrica"	2024	"Cambio de línea de conducción"	"Tepatepec"	NA	"CAASVAM"	"Considera los trabajos de instalación de tubería, rellenos con material producto de excavación, prueba de la tubería en la comunidad."	TRUE
"297_Huasca de Ocampo"	297	"Huasca de Ocampo"	"Vivienda Asequible"	2022	"Construcción de cuarto dormitorio, en el municipio de Huasca de Ocampo"	"Huasca de Ocampo"	NA	"DGCCE"	"Considera los trabajos de construcción de cuarto dormitorio en terreno del beneficiario."	TRUE
"298_Huasca de Ocampo"	298	"Huasca de Ocampo"	"Infraestructura Carretera"	2024	"Reconstrucción de la C.E. Huasca de Ocampo - Tulancingo"	"Huasca de Ocampo"	NA	"DGCCE"	"Considera trabajos para la reconstrucción y/o conservación de Infraestructura Carretera en la localidad de Huasca de Ocampo municipio de Huasca de Ocampo"	TRUE
"299_Huasca de Ocampo"	299	"Huasca de Ocampo"	"Vialidades Urbanas"	2024	"Reconstrucción de empedrados de calles principales del centro de Huasca y construcción de pasos peatonales"	"Huasca de Ocampo"	417	"DGCCE"	"Considera los trabajos de preliminares, piso para pavimento de concreto hidráulico."	TRUE
"3_Acatlán"	3	"Acatlán"	"Vialidades Urbanas"	2024	"Construcción de pavimento hidráulico en calle Independencia, en el municipio de Acatlán"	"Acatlán"	439	"DGOPI"	"Considera los trabajos de preliminares, piso para pavimento de concreto hidráulico."	TRUE
"30_Actopan"	30	"Actopan"	"Vialidades Urbanas"	2024	"Construcción de pavimentación de concreto hidráulico en calle 5 de mayo, Col. Chapultepec, en el municipio de Actopan."	"Actopan"	NA	"DGIVC"	"Considera los trabajos de preliminares, riego de impregnación, piso para pavimento de concreto hidráulico."	TRUE
"300_Huasca de Ocampo"	300	"Huasca de Ocampo"	"Infraestructura Carretera"	2025	"Reconstrucción de la C.E. Huasca de Ocampo - Tulancingo (segunda etapa), en el municipio de Huasca de Ocampo"	"Huasca de Ocampo"	NA	"SIP"	"Carpeta a base de riego de sello"	TRUE
"301_Huasca de Ocampo"	301	"Huasca de Ocampo"	"Infraestructura Carretera"	2023	"Construcción del libramiento El Peral - Hacienda Hueyapan, municipio de Huasca de Ocampo, Hidalgo"	"San Juan Hueyapan"	755	"DGOPI"	"Considera los trabajos de preliminares y pavimento hidráulico."	TRUE
"302_Huasca de Ocampo"	302	"Huasca de Ocampo"	"Infraestructura Carretera"	2024	"Terminación de construcción del libramiento El Peral - Hacienda Hueyapan y ampliación de puente vehicular Puente Blanco a dos carriles, en el municipio de Huasca de Ocampo"	"San Juan Hueyapan"	205	"DGOPI"	"Considera los trabajos de preliminares y pavimento hidráulico."	TRUE
"303_Huasca de Ocampo"	303	"Huasca de Ocampo"	"Infraestructura Hídrica"	2024	"Perforación de pozo para agua potable en la localidad de Santo Tomas Allende"	"Santo Tomás Allende"	712	"CEAA"	"Considera los trabajos de preliminares, perforación de pozo en la localidad de Santo Tomás Allende municipio de Huasca de Ocampo"	FALSE
"304_Huasca de Ocampo"	304	"Huasca de Ocampo"	"Vialidades Urbanas"	2023	"Construcción de pavimento hidráulico carretera Los Conos - Barrio San Juan en la localidad de Tlaxocoyucan, municipio de Huasca de Ocampo"	"Tlaxocoyucan"	940	"DGCCE"	"Considera los trabajos de preliminares, piso para pavimento de concreto hidráulico."	TRUE
"305_Huautla"	305	"Huautla"	"Infraestructura Hídrica"	2023	"Construcción de la Planta de Tratamiento zona norte para beneficiar a la localidad de Acatepec en el municipio de Huautla."	"Acatepec"	1078	"SIPDUS"	"Considera los trabajos para la  Construcción de la planta de tratamiento de aguas residuales en la localidad de Acatepec municipio de Huautla."	TRUE
"306_Huautla"	306	"Huautla"	"Infraestructura Carretera"	2023	"Rehabilitación del tramo Acatepec-Huemaco, del km 0+000 al km 2+830; en el municipio de Huautla."	"Acatepec"	NA	"DGCCE"	"Se consideran trabajos de revestimiento, cunetas y limpieza de cunetas."	TRUE
"307_Huautla"	307	"Huautla"	"Infraestructura Carretera"	2024	"Reconstrucción de la C.E. (E.C.F. Álamo - Huejutla) - Acatepec, municipio de Huautla"	"Acatepec"	1078	"DGCCE"	"Considera trabajos para la reconstrucción y/o conservación de Infraestructura Carretera en la localidad de Acatepec municipio de Huautla"	TRUE
"309_Huautla"	309	"Huautla"	"Infraestructura Carretera"	2023	"Rehabilitación del tramo E.C. (Huautla-El Cojolite) -Coatzonco, del km 0+000 al km 4+500; en el municipio de Huautla."	"Coatzonco"	477	"DGCCE"	"Considera los trabajos desherve, fresado, pavimentación, muro de contención, cunetas y señalamiento horizontal"	TRUE
"31_Actopan"	31	"Actopan"	"Vialidades Urbanas"	2024	"Pavimentación hidráulica de calle Industrial Metal Mecánica, en el municipio de Actopan"	"Actopan"	NA	"DGIVC"	"Considera los trabajos de preliminares, piso para pavimento de concreto hidráulico."	TRUE
"310_Huautla"	310	"Huautla"	"Infraestructura Carretera"	2023	"Modernización del C.R. El Ixtle - Los Cerezos; en el municipio de Huahutla."	"El Ixtle"	NA	"DGCCE"	"Considera los trabajos de modernización del camino en la localidad de El Ixtle municipio de Huautla"	TRUE
"311_Huautla"	311	"Huautla"	"Vialidades Urbanas"	2023	"Rehabilitación de puente en la comunidad de El Ixtle Huautla."	"El Ixtle"	411	"DGCCE"	"Considera trabajos en la rehabilitación y/o mejoramiento de las vialidades urbanas en la localidad de El Ixtle muncipio de Huautla"	TRUE
"312_Huautla"	312	"Huautla"	"Infraestructura Carretera"	2024	"Modernización de C.R. El Ixtle - El Aguacate, en el municipio de Huautla"	"El Ixtle"	411	"SIP"	"Considera los trabajos de Pavimento de Concreto&#10;Hidráulico, Cunetas."	TRUE
"313_Huautla"	313	"Huautla"	"Infraestructura Carretera"	2023	"Rehabilitación del tramo: acceso a Huemaco, del km 0+000 al km 8+000"	"Huautla"	257	"DGCCE"	"Se consideran trabajos de revestimiento, cunetas y limpieza de cunetas."	TRUE
"315_Huautla"	315	"Huautla"	"Infraestructura Carretera"	2023	"Construcción de pavimento de concreto hidráulico de Barrio Hondo a la localidad de Pahuatitla"	"Pahuatitla"	304	"DGCCE"	"Considera los trabajos de preliminares, riego de impregnación, piso para pavimento de concreto hidráulico."	TRUE
"316_Huautla"	316	"Huautla"	"Infraestructura Carretera"	2023	"Rehabilitación del tramo: Pepeyoca de Cabrera-Ahuatitla, del km 0+000 al km 3+500"	"Pepeyoca de Cabrera"	140	"DGCCE"	"Se consideran trabajos de revestimiento, cunetas y limpieza de cunetas."	TRUE
"317_Huautla"	317	"Huautla"	"Infraestructura Carretera"	2023	"Reconstrucción de carpeta asfáltica de C.E Huautla - Tamoyon I, Municipio de Huautla."	"Tamoyón I"	1509	"DGCCE"	"Considera trabajos para la reconstrucción y/o conservación de Infraestructura Carretera en la localidad de Tamoyón I municipio de Huautla"	TRUE
"318_Huautla"	318	"Huautla"	"Infraestructura Carretera"	2023	"Rehabilitación del tramo: Tamoyón II-Pepeyoca de Cabrera, del km 0+000 al km 10+000."	"Tamoyón Ii"	149	"DGCCE"	"Se consideran trabajos de revestimiento, cunetas y limpieza de cunetas."	TRUE
"319_Huautla"	319	"Huautla"	"Infraestructura Carretera"	2023	"Rehabilitación del tramo Tecoluco Calpan-Metlatepec, del km 0+000 al km 1+500; en el municipio de Huautla"	"Tecoluco Calpan"	414	"DGCCE"	"Se consideran trabajos de revestimiento, cunetas y limpieza de cunetas."	TRUE
"32_Actopan"	32	"Actopan"	"Infraestructura Carretera"	2025	"Pago de afectaciones a predio rustico, tipo de predio (baldío), uso de suelo catastral (clase no edificado), ámbito del predio (rural), propietario Gregoria Hernández Bautista, para la Construcción del Eje Transversal Actopan - Atotonilco"	"Actopan"	1	"SIP"	"Pago de afectaciones para la Construcción del Eje Transversal Actopan - Atotonilco"	TRUE
"320_Huautla"	320	"Huautla"	"Infraestructura Carretera"	2023	"Rehabilitación del Tramo: E.C. Huautla - Chalingo - Tzacuala - Tohuaco I, del km 0+000 al km 5+500 en el municipio de Huautla"	"Tohuaco I"	181	"DGCCE"	"Se consideran trabajos de revestimiento, cunetas y limpieza de cunetas."	TRUE
"321_Huautla"	321	"Huautla"	"Infraestructura Carretera"	2024	"Rehabilitación de camino Tohuaco I a Tepetzquimitl, del km 0.000 al km 4.000, en el municipio de Huautla."	"Tohuaco I"	331	"DGCCE"	"Considera los trabajos de preliminares, revestimiento de camino en la localidad de Tohuaco I municipio de Huautla"	TRUE
"325_Huazalingo"	325	"Huazalingo"	"Infraestructura Carretera"	2022	"Construcción de Pavimentación hidráulica en la localidad de Chiatipan, municipio de Huazalingo"	"Chiatipan"	1766	"DGIVC"	"Considera los trabajos de preliminares y pavimento hidráulico."	TRUE
"326_Huazalingo"	326	"Huazalingo"	"Infraestructura Carretera"	2024	"Rendimientos Financieros para la Construcción de pavimentación de concreto hidráulico Camino Real a Tehuetlán, municipio de Huazalingo."	"Congreso"	240	"DGCCE"	"Considera los trabajos de preliminares, riego de impregnación, piso para pavimento de concreto hidráulico."	TRUE
"327_Huazalingo"	327	"Huazalingo"	"Infraestructura Carretera"	2024	"Construcción de pavimentación de concreto hidráulico Camino Real a Tehuetlán, municipio de Huazalingo."	"Congreso"	NA	"DGCCE"	"Considera los trabajos de preliminares, riego de impregnación, piso para pavimento de concreto hidráulico."	TRUE
"328_Huazalingo"	328	"Huazalingo"	"Infraestructura Carretera"	2023	"Construcción de puente vehicular Cuamontax; municipio de Huazalingo."	"Cuamontax"	609	"DGCCE"	"Contemplando los siguientes trabajos excavaciones y estabilización de fondo, base hidráulica, pavimento hidráulico, construcción de puente, cunetas y banquetas y señalamiento horizontal."	TRUE
"329_Huazalingo"	329	"Huazalingo"	"Espacios Públicos"	2023	"Remodelación de Plaza Comunitaria."	"Huazalingo"	842	"DGCCE"	"Considera trabajos en infraestructura del Espacio Público en el municipio de Huazalingo."	TRUE
"33_Actopan"	33	"Actopan"	"Infraestructura Carretera"	2025	"Pago de afectaciones a predio rustico, tipo de predio (baldío), uso de suelo catastral (clase no identificado), ámbito del predio (rural), propietario Tirzo Acosta Hernández, para la Construcción del Eje Transversal Actopan - Atotonilco."	"Actopan"	1	"SIP"	"Pago de afectaciones para la Construcción del Eje Transversal Actopan - Atotonilco"	TRUE
"330_Huazalingo"	330	"Huazalingo"	"Infraestructura Carretera"	2024	"Construcción de muro de contención en la localidad de San Pedro, en el municipio de Huazalingo."	"Huazalingo"	770	"DGCCE"	"Considera en los trabajos la construcción de muros de contención en la Localidad de Huazalingo."	TRUE
"331_Huazalingo"	331	"Huazalingo"	"Infraestructura Carretera"	2024	"Pavimentación hidráulica y construcción de muro de contención en el C.R. Huilotitla I - Pilchatipa, municipio de Huazalingo"	"Huilotitla I"	115	"DGOPI"	"Considera en los trabajos la construcción de muros de contención en la Localidad de Huilotitla I."	TRUE
"332_Huazalingo"	332	"Huazalingo"	"Infraestructura Carretera"	2023	"Rehabilitación del tramo E.C. (San Pedro - Huazalingo) - Tetlicuil, del km 0+000 al km 2+600; en el municipio de Huazalingo"	"Tetlicuil"	124	"DGCCE"	"Se consideran trabajos de revestimiento, cunetas y limpieza de cunetas."	TRUE
"333_Huazalingo"	333	"Huazalingo"	"Infraestructura Carretera"	2024	"Rehabilitación de la C.E. Ramal a Tlamamala, municipio de Huazalingo"	"Tlamamala"	722	"DGOPI"	"Considera trabajos para la reconstrucción y/o conservación de Infraestructura Carretera en la localidad de Tlamamala municipio de Huazalingo"	TRUE
"334_Huazalingo"	334	"Huazalingo"	"Vialidades Urbanas"	2023	"Construcción de pavimentación hidráulica acceso a la localidad de Tlatzonco"	"Tlatzonco"	329	"DGCCE"	"Considera los trabajos de preliminares, riego de impregnación, piso para pavimento de concreto Hidráulico, en la localidad de Tlatzonco municipio de  Huazalingo"	TRUE
"335_Huazalingo"	335	"Huazalingo"	"Infraestructura Carretera"	2024	"Construcción de pavimentación de C.R. Tlaltzonco a Tzapotitla del km. 0.469 al km 1.269, municipio de Huazalingo"	"Tlatzonco"	574	"DGCCE"	"Se realiza pavimentación de concreto hidráulico de C.R. Tlaltzonco - Tzapotitla, en el municipio de Huazalingo, contemplando las siguientes partidas: preliminares, estabilización de sub-rasante, pavimento de concreto hidráulico, cunetas, obras de drenaje."	TRUE
"336_Huazalingo"	336	"Huazalingo"	"Infraestructura Carretera"	2023	"Rehabilitación del tramo Tzapotitla - Tlatzonco del km 0+000 al km 2+300; en el municipio de Huazalingo"	"Tzapotitla"	245	"DGCCE"	"Se consideran trabajos de revestimiento, cunetas y limpieza de cunetas."	TRUE
"34_Actopan"	34	"Actopan"	"Infraestructura Carretera"	2025	"Pago de afectaciones a predio rustico, tipo de predio (baldío), uso de suelo catastral (clase no edificado), ámbito del predio (rural), propietario Isaías Hernández Acosta, para la construcción del eje transversal Actopan - Atotonilco"	"Actopan"	1	"SIP"	"Pago de afectaciones para la Construcción del Eje Transversal Actopan - Atotonilco"	TRUE
"342_Huehuetla"	342	"Huehuetla"	"Infraestructura Carretera"	2023	"Rehabilitación C.E. Santa María Temaxcalapa - Huehuetla, Subtramo del km 5+900 al km 10+000; en el municipio de Huehuetla"	"Huehuetla"	NA	"DGCCE"	"Considera trabajos para la reconstrucción y/o conservación de Infraestructura Carretera en la localidad de Huehuetla municipio de Huehuetla"	TRUE
"343_Huehuetla"	343	"Huehuetla"	"Infraestructura Carretera"	2024	"Rehabilitación de puente vehicular Mirasol, en el municipio de Huehuetla."	"Linda Vista I (Mirasol)"	2993	"DGCCE"	"Considera trabajos para la reconstrucción y/o conservación de Infraestructura Carretera en la localidad de Linda Vista I (Mirasol) municipio de Huehuetla"	TRUE
"344_Huehuetla"	344	"Huehuetla"	"Espacios Públicos"	2023	"Rehabilitación en azoteas, fachadas y puertas del CRIRH, sede Huehuetla."	"Los Planes"	16	"DGOPI"	"Considera trabajos en infraestructura del Espacio Público en la localidad de Los Planes el municipio de Huehuetla."	TRUE
"346_Huehuetla"	346	"Huehuetla"	"Infraestructura Carretera"	2025	"Pavimentación de concreto hidráulico en camino San Gregorio - San Ambrosio, en la localidad de San Ambrosio, en el municipio de Huehuetla"	"San Ambrosio"	NA	"SIPDUS"	NA	TRUE
"347_Huehuetla"	347	"Huehuetla"	"Infraestructura Hídrica"	2022	"Construcción de sanitario con biodigestor, en el municipio de Huehuetla"	"Santa Inés"	48	"SIPDUS"	"Considera los trabajos instalación hidráulica, instalación eléctrica, instalación de biodigestor, acabados y albañilería, excavación de biodigestor."	TRUE
"351_Huejutla de Reyes"	351	"Huejutla de Reyes"	"Infraestructura Carretera"	2023	"Construcción de pavimento de concreto hidráulico en camino Xiloco - Macuxtepetla en tramo 1 del km 0+000 al km 0+883.85 y tramo del km 0+000 al km 0+530.60; municipio de Huejutla de Reyes"	"Ahuatitla I"	892	"DGCCE"	"Considera los trabajos de preliminares, riego de impregnación, piso para pavimento de concreto hidráulico."	TRUE
"352_Huejutla de Reyes"	352	"Huejutla de Reyes"	"Infraestructura Carretera"	2023	"Rehabilitación del tramo Huehuetla - Atappa - Octatitla, del km 0+000 al km 2+500; en el municipio de Huejutla de Reyes."	"Atappa"	303	"DGCCE"	"Se consideran trabajos de revestimiento, cunetas y limpieza de cunetas."	TRUE
"353_Huejutla de Reyes"	353	"Huejutla de Reyes"	"Infraestructura Carretera"	2023	"Construye tu camino del tramo Santa Clara - Axcaco, en el municipio de Huejutla de Reyes."	"Axcaco"	1167	"DGCCE"	"Considera los trabajos de construcción de huellas de concreto hidráulico y empedrado en la localidad, el cual consta de terracerías y pisos de concreto."	TRUE
"355_Huejutla de Reyes"	355	"Huejutla de Reyes"	"Infraestructura Carretera"	2022	"Construcción de Pavimento Asfáltico del camino rural Otates - Cacateco, municipio de Huejutla de Reyes"	"Cacateco"	1687	"DGCCE"	"Considera los trabajos de capa subbase, riego de impregnación, suministro y aplicación de riego de liga con emulsión asfáltica."	TRUE
"357_Huejutla de Reyes"	357	"Huejutla de Reyes"	"Infraestructura Carretera"	2024	"Rehabilitación del C.R. Tamalcuatitla - Apilol - Chalahuitzintla - Tlanepantla, municipio de Huejutla de Reyes"	"Chalahuitzintla"	215	"DGCCE"	"Considera los trabajos de preliminares, revestimiento de camino en la localidad de Chalahuitzintla municipio de Huejutla de Reyes"	TRUE
"358_Huejutla de Reyes"	358	"Huejutla de Reyes"	"Infraestructura Carretera"	2023	"Rehabilitación de carpeta asfáltica del tramo C.E. Chalahuiyapa - Los Otates del 0+000 al 3+800; en el municipio de Huejutla de Reyes"	"Chalahuiyapa"	1428	"DGCCE"	"Considera trabajos para la reconstrucción y/o conservación de Infraestructura Carretera en la localidad de Chalahuiyapa municipio de Huejutla de Reyes"	TRUE
"359_Huejutla de Reyes"	359	"Huejutla de Reyes"	"Infraestructura Carretera"	2024	"Estudio y proyecto para la solución en el crucero sobre la C.F. Pachuca - Tampico hacia el Boulevard Chalahuiyapa en el municipio de Huejutla de Reyes."	"Chalahuiyapa"	0	"DGEyP"	"Considera los trabajos de estudios viales, proyecto conceptual y proyecto ejecutivo."	TRUE
"36_Actopan"	36	"Actopan"	"Infraestructura Hídrica"	2024	"Reposición de Pozo para Agua Potable, en la localidad en Boxaxni (Terminación)"	"Boxaxni"	775	"CEAA"	"Considera los trabajos de reposición de pozo en la localidad de Boxaxni municipio de Actopan."	TRUE
"360_Huejutla de Reyes"	360	"Huejutla de Reyes"	"Infraestructura Carretera"	2022	"Reconstrucción de la carretera estatal E.C.F. Pachuca - Tempoal - San José - Coacuilco, municipio de Huejutla de Reyes"	"Coacuilco"	3369	"DGCCE"	"Considera trabajos para la reconstrucción y/o conservación de Infraestructura Carretera en la localidad de Coacuilco municipio de Huejutla de Reyes"	TRUE
"362_Huejutla de Reyes"	362	"Huejutla de Reyes"	"Vivienda Asequible"	2023	"Programa para la ampliación de  vivienda modalidad construcción de cuarto dormitorio en el municipio de Huejutla de Reyes"	"Coyoltzintla"	10	"CEVI"	"Modalidad ampliación de vivienda para la construcción de cuarto dormitorio en terreno del beneficiario."	TRUE
"363_Huejutla de Reyes"	363	"Huejutla de Reyes"	"Infraestructura Carretera"	2023	"Pavimentación asfáltica del Camino Cruztitla; municipio de Huejutla de Reyes."	"Cruztitla"	542	"DGCCE"	"Considera los trabajos de capa subbase, riego de impregnación, suministro y aplicación de riego de liga con emulsión asfáltica"	TRUE
"364_Huejutla de Reyes"	364	"Huejutla de Reyes"	"Espacios Públicos"	2023	"Rehabilitación de fachadas, cancelería, barda, y policarbonato del CRIRH, sede Huejutla de Reyes"	"Huejutla de Reyes"	NA	"DGOPI"	"Considera trabajos en infraestructura del Espacio Público en el municipio de Huejutla de Reyes."	TRUE
"365_Huejutla de Reyes"	365	"Huejutla de Reyes"	"Espacios Públicos"	2023	"Rehabilitación de Centro Gerontológico Integral de Huejutla."	"Huejutla de Reyes"	44311	"DGCCE"	"Considera trabajos en infraestructura del Espacio Público en el municipio de Huejutla de Reyes."	TRUE
"366_Huejutla de Reyes"	366	"Huejutla de Reyes"	"Espacios Públicos"	2023	"Fortalecimiento para la Atención de Niñas, Niños y Adolescentes Migrantes en el Municipio de Huejutla de Reyes Estado de Hidalgo, para la construcción del Albergue para niñez y adolescencia Migrante Acompañada y no Acompañada"	"Huejutla de Reyes"	NA	"DGOPI"	"Considera trabajos en infraestructura del Espacio Público en el municipio de Huejutla de Reyes."	TRUE
"367_Huejutla de Reyes"	367	"Huejutla de Reyes"	"Espacios Públicos"	2022	"Casa de la Cultura Huasteca"	"Huejutla de Reyes"	44311	"DGOPI"	"Considera trabajos en infraestructura del Espacio Público en el municipio de Huejutla de Reyes."	TRUE
"368_Huejutla de Reyes"	368	"Huejutla de Reyes"	"Espacios Públicos"	2022	"Mejoramiento de la Base de Operaciones de Huejutla, Hgo. de la Secretaría de Seguridad Pública"	"Huejutla de Reyes"	NA	"DGOPI"	"Considera trabajos en infraestructura en Seguridad Pública en el municipio de Huejutla de Reyes."	TRUE
"369_Huejutla de Reyes"	369	"Huejutla de Reyes"	"Espacios Públicos"	2024	"Construcción del nuevo Centro Gerontológico Integral de Huejutla de Reyes."	"Huejutla de Reyes"	44311	"IAAMH"	"Considera trabajos en infraestructura del Espacio Público en el municipio de Huejutla de Reyes."	TRUE
"37_Actopan"	37	"Actopan"	"Vialidades Urbanas"	2023	"Pavimentación hidráulica calle Río Hondo de la Manzana Uno en la localidad de Chicavasco en el municipio de Actopan."	"Chicavasco"	3484	"DGOPI"	"Considera los trabajos de preliminares, piso para pavimento de concreto hidráulico."	TRUE
"370_Huejutla de Reyes"	370	"Huejutla de Reyes"	"Infraestructura Hídrica"	2024	"Estudio y proyecto para el encauzamiento y saneamiento del Río Chinguiñoso, en el municipio de Huejutla de Reyes"	"Huejutla de Reyes"	NA	"DGEyP"	"Considera los trabajos de estudios, proyecto conceptual y proyecto ejecutivo."	TRUE
"372_Huejutla de Reyes"	372	"Huejutla de Reyes"	"Infraestructura Carretera"	2024	"Rehabilitación de camino E.C. de Tehuetlán a Huejutla a Ixcatépec, del Km 0.000 al Km 6.000, en el municipio de Huejutla de Reyes."	"Ixcatépec"	3579	"DGCCE"	"Considera trabajos para la reconstrucción y/o conservación de Infraestructura Carretera en la localidad de Ixcatépec municipio de Huejutla de Reyes"	TRUE
"373_Huejutla de Reyes"	373	"Huejutla de Reyes"	"Infraestructura Carretera"	2022	"Reconstrucción de la carretera estatal Santa Cruz - Huichapa - La Corrala, municipio de Huejutla de Reyes"	"La Corrala"	542	"DGCCE"	"Considera trabajos para la reconstrucción y/o conservación de Infraestructura Carretera en la localidad de La Corrala municipio de Huejutla de Reyes"	TRUE
"374_Huejutla de Reyes"	374	"Huejutla de Reyes"	"Infraestructura Carretera"	2024	"Reconstrucción de superficie de rodamiento del puente El Aguacate, municipio de Huejutla de Reyes"	"Los Parajes"	413	"DGCCE"	"Considera trabajos para la reconstrucción y/o conservación de Infraestructura Carretera en la localidad de Los Parajes municipio de Huejutla de Reyes"	TRUE
"375_Huejutla de Reyes"	375	"Huejutla de Reyes"	"Infraestructura Carretera"	2023	"Modernización del camino rural los Parajes - Chalahuiyapa; en el municipio de Huejutla de Reyes."	"Los Parajes Benito Juárez"	11084	"DGCCE"	"La obra contempla las siguientes partidas: terracerías, estabilización de sub-rasante, pavimentación hidráulica, zampeado de cunetas, obras de drenaje y señalamiento."	TRUE
"376_Huejutla de Reyes"	376	"Huejutla de Reyes"	"Infraestructura Carretera"	2024	"Construcción de pavimentación hidráulica del Camino Rural los Parajes a Chalahuiyapa segunda etapa, en el municipio de Huejutla de Reyes."	"Los Parajes Benito Juárez"	297	"DGCCE"	"Considera los trabajos de preliminares y pavimento hidráulico."	TRUE
"377_Huejutla de Reyes"	377	"Huejutla de Reyes"	"Infraestructura Carretera"	2024	"Construcción de pavimentación de concreto hidráulico en acceso a la localidad de Pahuatlán, en el municipio de Huejutla de Reyes."	"Pahuatlán"	2246	"DGCCE"	"Considera los trabajos de preliminares, riego de impregnación, piso para pavimento de concreto hidráulico."	TRUE
"378_Huejutla de Reyes"	378	"Huejutla de Reyes"	"Infraestructura Carretera"	2023	"Rehabilitación del tramo Pahuatzintla - Nepalapa, del km 0+000 al km 2+000; en el municipio de Huejutla de Reyes"	"Pahuatzintla"	155	"DGCCE"	"Considera trabajos para la reconstrucción y/o conservación de Infraestructura Carretera en la localidad de Pahuatzintla municipio de Huejutla de Reyes"	TRUE
"38_Actopan"	38	"Actopan"	"Vialidades Urbanas"	2023	"Pavimento estampado y banquetas en calle Benito Juárez en la localidad de Chicavasco, Actopan"	"Chicavasco"	NA	"DGOPI"	"Considera los trabajos de preliminares, piso para pavimento de concreto hidráulico."	TRUE
"380_Huejutla de Reyes"	380	"Huejutla de Reyes"	"Infraestructura Carretera"	2023	"Rehabilitación del tramo Tamalcuatitla - Tepehica, del km 0+000 al km 3+000; en el municipio de Huejutla de Reyes."	"Tamalcuatitla"	155	"DGCCE"	"Se consideran trabajos de revestimiento, cunetas y limpieza de cunetas."	TRUE
"381_Huejutla de Reyes"	381	"Huejutla de Reyes"	"Infraestructura Carretera"	2024	"Reconstrucción de muro de contención en la C.E. Huejutla - Macuxtepetla, municipio de Huejutla de Reyes"	"Tepexititla"	1203	"DGCCE"	"Considera en los trabajos la construcción de muros de contención en la Localidad de Tepexititla."	TRUE
"382_Huejutla de Reyes"	382	"Huejutla de Reyes"	"Infraestructura Carretera"	2023	"Rehabilitación del tramo: Tetzahapa I-Temaxcaltitla-Coamila, del km cero al cinco punto cinco, en el municipio de Huejutla de Reyes."	"Tetzahapa I"	842	"DGOPI"	"Se consideran trabajos de revestimiento, cunetas y limpieza de cunetas."	TRUE
"383_Huejutla de Reyes"	383	"Huejutla de Reyes"	"Infraestructura Carretera"	2023	"Mejoramiento de camino Huehuetla - Tilcalco - Las Nueces, municipio de Huejutla de Reyes"	"Tilcalco"	642	"DGCCE"	"Considera los trabajos de revestimiento, trabajos complementarios, muro de contención y obras de drenaje."	TRUE
"384_Huejutla de Reyes"	384	"Huejutla de Reyes"	"Infraestructura Carretera"	2023	"Mejoramiento del camino entronque carretero (Pachuca - Huejutla) - Tlalnepanco, municipio de Huejutla de Reyes"	"Tlalnepanco"	526	"DGCCE"	"Considera los trabajos preliminares y pavimento de concreto hidráulico"	TRUE
"387_Huejutla de Reyes"	387	"Huejutla de Reyes"	"Infraestructura Carretera"	2023	"Rehabilitación del tramo E.C. (Atlapexco-Huautla) - Xionaxtla, del km 0+000 al km 3+000; en el municipio de Huejutla."	"Xionaxtla"	174	"DGCCE"	"Se consideran trabajos de revestimiento, cunetas y limpieza de cunetas."	TRUE
"388_Huejutla de Reyes"	388	"Huejutla de Reyes"	"Infraestructura Carretera"	2024	"Reconstrucción de C.E. Xiquila - Huejutla, municipio de Huejutla de Reyes"	"Xiquila"	2051	"DGCCE"	"Considera trabajos para la reconstrucción y/o conservación de Infraestructura Carretera en la localidad de Xiquila municipio de Huejutla de Reyes"	TRUE
"389_Huichapan"	389	"Huichapan"	"Infraestructura Hídrica"	2023	"Construcción de sistema de alcantarillado sanitario y PTAR en Dongoteay etapa tres de cuatro, Huichapan"	"Dongoteay"	866	"CEAA"	"Considera los trabajos para la  Construcción de la planta de tratamiento de aguas residuales en la localidad de Dongoteay municipio de Huichapan."	TRUE
"39_Actopan"	39	"Actopan"	"Vialidades Urbanas"	2023	"Pavimentación Asfáltica de Calle Principal San Isidro en la Localidad El Boxtha, en el Municipio de Actopan."	"El Boxtha"	3034	"DGIVC"	"Considera los trabajos de capa subbase, riego de impregnación, suministro y aplicación de riego de liga con emulsión asfáltica"	TRUE
"390_Huichapan"	390	"Huichapan"	"Infraestructura Hídrica"	2022	"Construcción de sistema de alcantarillado sanitario y PTAR en Dongoteay etapa dos de cuatro"	"Dongoteay"	866	"CEAA"	"Considera los trabajos para la  Construcción de la planta de tratamiento de aguas residuales en la localidad de Dongoteay municipio de Huichapan."	TRUE
"391_Huichapan"	391	"Huichapan"	"Infraestructura Hídrica"	2024	"Construcción de sistema de alcantarillado sanitario y PTAR en Dongoteay. (Terminación)"	"Dongoteay"	866	"CEAA"	"Considera los trabajos para la  Construcción de la planta de tratamiento de aguas residuales en la localidad de Dongoteay municipio de Huichapan."	TRUE
"392_Huichapan"	392	"Huichapan"	"Infraestructura Carretera"	2023	"Reconstrucción de la C.E. Saucillo - Nopala; en el municipio de Huichapan."	"Huichapan"	9853	"DGIVC"	"Considera trabajos para la reconstrucción y/o conservación de Infraestructura Carretera en la localidad de Huichapan municipio de Huichapan"	TRUE
"393_Huichapan"	393	"Huichapan"	"Infraestructura Carretera"	2024	"Reconstrucción de la C.E. E.C.F. 45 Portezuelo - Palmillas a Tecozautla, en el municipio de Huichapan"	"Huichapan"	9853	"DGCCE"	"Considera trabajos para la reconstrucción y/o conservación de Infraestructura Carretera en la localidad de Portezuelo municipio de Huichapan"	TRUE
"394_Huichapan"	394	"Huichapan"	"Infraestructura Hídrica"	2025	"Perforación de pozo profundo para agua potable localidad de Jonacapa"	"Jonacapa"	1162	"CEAA"	"perforación exploratoria de un pozo para agua de uso público con una profundidad de 350 M."	TRUE
"395_Huichapan"	395	"Huichapan"	"Infraestructura Carretera"	2023	"Reconstrucción de la carretera Huichapan - San José Atlán, en el municipio de Huichapan."	"San José Atlán"	13399	"DGIVC"	"Considera trabajos para la reconstrucción y/o conservación de Infraestructura Carretera en la localidad de San José Atlán municipio de Huichapan"	TRUE
"398_Ixmiquilpan"	398	"Ixmiquilpan"	"Vialidades Urbanas"	2023	"Pavimentación asfáltica de la calle 20 de Noviembre, en la localidad de Bangandhó, municipio de Ixmiquilpan"	"Bangandhó"	895	"DGCCE"	"Considera los trabajos de capa subbase, riego de impregnación, suministro y aplicación de riego de liga con emulsión asfáltica"	TRUE
"4_Acatlán"	4	"Acatlán"	"Infraestructura Carretera"	2025	"Construcción de pavimento asfáltico Alcholoya - San Bartolo, en el municipio de Acatlán"	"Acatlán"	NA	"SIPDUS"	NA	TRUE
"40_Actopan"	40	"Actopan"	"Vialidades Urbanas"	2023	"Pavimentación de concreto hidráulico en calle Vía de los Reyes, San Lucas Daxtha, en el municipio de Actopan"	"El Daxtha"	2754	"DGOPI"	"Considera los trabajos de preliminares, riego de impregnación, piso para pavimento de concreto hidráulico."	TRUE
"401_Ixmiquilpan"	401	"Ixmiquilpan"	"Infraestructura Hídrica"	2024	"Reposición de Pozo Profundo de Agua Potable en la localidad de Cerritos Remedios.  (Perforación Exploratoria)."	"Cerritos"	945	"CEAA"	"Considera los trabajos de preliminares, perforación de pozo en la localidad de Cerritos municipio de Ixmiquilpan"	TRUE
"403_Ixmiquilpan"	403	"Ixmiquilpan"	"Infraestructura Hídrica"	2022	"Construcción de tanque elevado y equipamiento de pozo del sistema de distribución de agua potable, en la localidad de Cerro Blanco, municipio de Ixmiquilpan"	"Cerro Blanco"	133	"CEAA"	"Considera los trabajos de instalación de tubería, rellenos con material producto de excavación, prueba de la tubería en la comunidad."	TRUE
"404_Ixmiquilpan"	404	"Ixmiquilpan"	"Infraestructura Hídrica"	2023	"Ampliación de la Red de agua potable e interconexión a la red de CFE de paneles solares en la localidad de Cuesta Colorada en el municipio de Ixmiquilpan"	"Cuesta Colorada"	474	"SIPDUS"	"Considera los trabajos de instalación de tubería, rellenos con material producto de excavación, prueba de la tubería en la comunidad."	TRUE
"405_Ixmiquilpan"	405	"Ixmiquilpan"	"Infraestructura Hídrica"	2024	"Construcción de obra de drenaje y obra complementaria del sistema de agua potable en Cuesta Colorada, municipio de Ixmiquilpan."	"Cuesta Colorada"	474	"DGIVC"	"Considera los trabajos de líneas de distribución con la instalación de tubería, tomas domiciliarias. en la localidad de Cuesta Colorada municipio de  Ixmiquilpan"	TRUE
"406_Ixmiquilpan"	406	"Ixmiquilpan"	"Infraestructura Hídrica"	2025	"Construcción de Sistema de Agua Potable en Ixmiquilpan, Localidad El Dexthi San Juanico (terminación)"	"Dexthi San Juanico"	552	"CEAA"	"Construcción de red de agua potable mediante 4128.97 m de tubería de PVC de 2 de Ø, así como 141.66 m de tubería de PVC de 3 de Ø y 125 tomas domiciliarias."	TRUE
"407_Ixmiquilpan"	407	"Ixmiquilpan"	"Infraestructura Carretera"	2024	"Rehabilitación de pavimentación asfáltica de Circuito Dios Padre, en el municipio de Ixmiquilpan."	"Dios Padre"	2321	"DGCCE"	"Considera los trabajos de capa subbase, riego de impregnación, suministro y aplicación de riego de liga con emulsión asfáltica"	TRUE
"409_Ixmiquilpan"	409	"Ixmiquilpan"	"Infraestructura Hídrica"	2024	"Construcción de Sistema de Agua Potable en Ixmiquilpan, Localidad El Dexthi San Juanico, Etapa uno de dos"	"El Dexthi San Juanico"	541	"CEAA"	"Considera los trabajos de líneas de distribución con la instalación de tubería, tomas domiciliarias. en la localidad de El Dexthi San Juanico municipio de  Ixmiquilpan"	TRUE
"41_Actopan"	41	"Actopan"	"Vialidades Urbanas"	2023	"Pavimentación asfáltica en la localidad del Huaxtho en el municipio de Actopan."	"El Huaxtho"	3131	"DGOPI"	"Considera los trabajos de capa subbase, riego de impregnación, suministro y aplicación de riego de liga con emulsión asfáltica"	TRUE
"410_Ixmiquilpan"	410	"Ixmiquilpan"	"Infraestructura Carretera"	2025	"Reconstrucción de Camino “El Durazno-Los Martínez-La Palma-El DexthÍ” del Km 1+000 al Km 2+500, en la localidad de El Durazno, en el municipio de Ixmiquilpan"	"El Durazno"	NA	"SIPDUS"	NA	TRUE
"411_Ixmiquilpan"	411	"Ixmiquilpan"	"Vialidades Urbanas"	2023	"Construcción de pavimentación hidráulica en acceso principal en la localidad de El Manantial"	"El Manantial"	163	"DGIVC"	"Considera los trabajos de preliminares, riego de impregnación, piso para pavimento de concreto Hidráulico, en la localidad de El Manantial municipio de  Ixmiquilpan"	TRUE
"412_Ixmiquilpan"	412	"Ixmiquilpan"	"Vialidades Urbanas"	2025	"Construcción de Pavimentación Hidraúlica (Varias Calles), en la localidad de El Mandho, en el municpio de Ixmiquilpan"	"El Mandho"	NA	"SIPDUS"	NA	TRUE
"413_Ixmiquilpan"	413	"Ixmiquilpan"	"Infraestructura Carretera"	2023	"Rehabilitación de carretera Ixmiquilpan - Capula, tramo del Km 0+400 al Km 2+100, en barrios San Miguel y El Nith, en el municipio de Ixmiquilpan"	"El Nith"	4013	"DGCCE"	"Considera trabajos para la reconstrucción y/o conservación de Infraestructura Carretera en la localidad de El Nith municipio de Ixmiquilpan"	TRUE
"414_Ixmiquilpan"	414	"Ixmiquilpan"	"Infraestructura Hídrica"	2023	"Terminación de Pozo El Olivo"	"El Olivo"	385	"CEAA"	"Considera los trabajos para la construcción de pozo en la localidad de El Olivo municipio de Ixmiquilpan."	TRUE
"415_Ixmiquilpan"	415	"Ixmiquilpan"	"Espacios Públicos"	2023	"Rehabilitación en azoteas y fachadas del CRIRH, sede Ixmiquilpan"	"El Tephé"	1301	"DGOPI"	"Considera trabajos en infraestructura del Espacio Público en la localidad de El Tephé el municipio de Ixmiquilpan."	TRUE
"416_Ixmiquilpan"	416	"Ixmiquilpan"	"Espacios Públicos"	2023	"Trabajos de Mantenimiento del Hospital General del Valle del Mezquital Ixmiquilpan Clues, HGSSA001590, Municipio de Ixmiquilpan."	"Ixmiquilpan"	NA	"DGIVC"	"Considera trabajos en infraestructura de salud en el municipio de Ixmiquilpan."	TRUE
"417_Ixmiquilpan"	417	"Ixmiquilpan"	"Vialidades Urbanas"	2023	"Construcción de pavimentación asfáltica, interconexión Los Pinos Panales - El Maye; en el municipio de Ixmiquilpan"	"Ixmiquilpan"	37608	"DGIVC"	"Considera los trabajos de capa subbase, riego de impregnación, suministro y aplicación de riego de liga con emulsión asfáltica"	TRUE
"418_Ixmiquilpan"	418	"Ixmiquilpan"	"Vialidades Urbanas"	2023	"Construcción de pavimento hidráulico en calles de la localidad de El Oro, municipio de Ixmiquilpan"	"Ixmiquilpan"	NA	"DGIVC"	"Considera los trabajos de preliminares, piso para pavimento de concreto hidráulico."	TRUE
"419_Ixmiquilpan"	419	"Ixmiquilpan"	"Vialidades Urbanas"	2023	"Rehabilitación de pavimento asfáltico en avenida Felipe Ángeles, colonia Centro, municipio de Ixmiquilpan"	"Ixmiquilpan"	NA	"DGIVC"	"Se realizan los siguientes trabajos: trazo y nivelación de plazas, suministro y aplicación de carpeta asfáltica compactado,  en el municipio de Ixmiquilpan"	TRUE
"42_Actopan"	42	"Actopan"	"Vialidades Urbanas"	2023	"Pavimentación asfáltica en calle Palma, en la localidad de El Huaxtho; en el municipio de Actopan."	"El Huaxtho"	NA	"DGOPI"	"Considera los trabajos de capa subbase, riego de impregnación, suministro y aplicación de riego de liga con emulsión asfáltica"	TRUE
"420_Ixmiquilpan"	420	"Ixmiquilpan"	"Infraestructura Carretera"	2024	"Reconstrucción del acceso a la escuela secundaria libertadores de América, en el municipio de Ixmiquilpan"	"Ixmiquilpan"	NA	"DGOPI"	"Considera trabajos para la reconstrucción y/o conservación de Infraestructura Carretera en la localidad de Ixmiquilpan municipio de Ixmiquilpan"	TRUE
"421_Ixmiquilpan"	421	"Ixmiquilpan"	"Espacios Públicos"	2024	"Rehabilitación de CGI de Ixmiquilpan"	"Ixmiquilpan"	37608	"DGOPI"	"Considera trabajos en infraestructura del Espacio Público en el municipio de Ixmiquilpan."	TRUE
"422_Ixmiquilpan"	422	"Ixmiquilpan"	"Infraestructura Carretera"	2024	"Construcción de pavimentación hidráulica en Quinta Cerrada, en el municipio de Ixmiquilpan."	"Ixmiquilpan"	NA	"DGOPI"	"Considera los trabajos de preliminares, riego de impregnación, piso para pavimento de concreto Hidráulico."	TRUE
"423_Ixmiquilpan"	423	"Ixmiquilpan"	"Vialidades Urbanas"	2024	"Construcción de pavimentación de concreto hidráulico, Calle 16 de Enero, B. San Miguel, en el municipio de Ixmiquilpan."	"Ixmiquilpan"	NA	"DGOPI"	"Considera los trabajos de preliminares, riego de impregnación, piso para pavimento de concreto hidráulico."	TRUE
"425_Ixmiquilpan"	425	"Ixmiquilpan"	"Espacios Públicos"	2024	"Remodelación de parque, beneficiando a la localidad de Ixmiquilpan, municipio de Ixmiquilpan"	"Ixmiquilpan"	NA	"DGOPI"	"Considera trabajos en infraestructura del Espacio Público en el municipio de Ixmiquilpan."	TRUE
"426_Ixmiquilpan"	426	"Ixmiquilpan"	"Espacios Públicos"	2024	"Estudio y proyecto para la reconstrucción del auditorio de la unidad deportiva del municipio de Ixmiquilpan."	"Ixmiquilpan"	NA	"DGEP"	"Considera los trabajos de estudios, proyecto conceptual y proyecto ejecutivo."	TRUE
"427_Ixmiquilpan"	427	"Ixmiquilpan"	"Espacios Públicos"	2024	"Remodelación de las Instalaciones de la Estación de Radio y Televisión XHCPDX 96.5 FM en el municipio de Ixmiquilpan"	"Ixmiquilpan"	NA	"DGOPI"	"Considera trabajos en infraestructura del Espacio Público en el municipio de Ixmiquilpan."	TRUE
"428_Ixmiquilpan"	428	"Ixmiquilpan"	"Espacios Públicos"	2023	"Construcción de centro comunitario de la localidad La Estación, municipio de Ixmiquilpan, Hidalgo."	"La Estación"	620	"DGCCE"	"Considera trabajos en infraestructura del Espacio Público en la localidad de La Estación el municipio de Ixmiquilpan."	TRUE
"429_Ixmiquilpan"	429	"Ixmiquilpan"	"Infraestructura Carretera"	2023	"Pavimentación asfáltica del Libramiento Oriente - La Loma de La Cruz- Universidad, municipio de Ixmiquilpan (segunda etapa)"	"La Loma de la Cruz"	827	"DGIVC"	"Considera los trabajos de capa subbase, riego de impregnación, suministro y aplicación de riego de liga con emulsión asfáltica"	TRUE
"43_Actopan"	43	"Actopan"	"Vialidades Urbanas"	2022	"Reconstrucción de la calle Hidalgo, en la localidad de La Loma, municipio de Actopan"	"La Loma"	1209	"DGCCE"	"Considera los trabajos de preliminares, piso para pavimento de concreto hidráulico."	TRUE
"430_Ixmiquilpan"	430	"Ixmiquilpan"	"Infraestructura Carretera"	2023	"Pavimentación asfáltica del Libramiento Oriente - La Loma de La Cruz - Universidad, municipio de Ixmiquilpan"	"La Loma de la Cruz"	NA	"DGIVC"	"Considera los trabajos de capa subbase, riego de impregnación, suministro y aplicación de riego de liga con emulsión asfáltica"	TRUE
"431_Ixmiquilpan"	431	"Ixmiquilpan"	"Infraestructura Hídrica"	2023	"Construcción de Planta de Tratamiento de Aguas Residuales de 1.12 L.P.S. La Mesa y Loma Lopez Rayón, Ixmiquilpan"	"La Mesa y Loma Lopez Rayón"	NA	"CEAA"	"Considera los trabajos para la  Construcción de la planta de tratamiento de aguas residuales en las localidades de La Mesa y Loma Lopez Rayón municipio de Ixmiquilpan."	TRUE
"432_Ixmiquilpan"	432	"Ixmiquilpan"	"Infraestructura Hídrica"	2024	"Sustitución de la línea de conducción de tanque superficial, en la localidad de La Palma San Juanico, etapa uno de dos"	"La Palma, San Juanico"	NA	"CEAA"	"Considera los trabajos de mejoramiento en Infraestructura hídrica en la localidad de La Palma San Juanico municipio de Ixmiquilpan"	TRUE
"434_Ixmiquilpan"	434	"Ixmiquilpan"	"Infraestructura Hídrica"	2022	"Manejo sustentable del sistema de distribución de agua potable en la localidad de Maguey Blanco, municipio de Ixmiquilpan"	"Maguey Blanco"	2314	"SIPDUS"	"Considera los trabajos de líneas de distribución con la instalación de tubería, tomas domiciliarias. en la localidad de Maguey Blanco municipio de  Ixmiquilpan"	TRUE
"435_Ixmiquilpan"	435	"Ixmiquilpan"	"Vivienda Asequible"	2022	"Construcción de cuarto dormitorio, en el municipio de Ixmiquilpan"	"Maguey Blanco"	NA	"DGCCE"	"Considera los trabajos de construcción de cuarto dormitorio en terreno del beneficiario."	TRUE
"436_Ixmiquilpan"	436	"Ixmiquilpan"	"Infraestructura Carretera"	2025	"Construccion de Huellas de Concreto Hidraulico en el Municipio de Ixmiquilpan en la Localidad de Maguey Blanco en Camino viejo de Manzana Centro 1, en el municpio de Ixmiquilpan"	"Maguey Blanco"	NA	"SIPDUS"	NA	TRUE
"437_Ixmiquilpan"	437	"Ixmiquilpan"	"Infraestructura Hídrica"	2023	"Ampliación de la Red de Distribución de Agua Potable, Nequeteje"	"Nequeteje"	564	"CEAA"	"Considera los trabajos de instalación de tubería, rellenos con material producto de excavación, prueba de la tubería en la comunidad."	TRUE
"438_Ixmiquilpan"	438	"Ixmiquilpan"	"Vialidades Urbanas"	2024	"Construcción de pavimentación de concreto hidráulico de Calle Nezahualcóyotl en la localidad del Nith, en el municipio de Ixmiquilpan."	"Nith"	1763	"DGCCE"	"Considera los trabajos de preliminares, riego de impregnación, piso para pavimento de concreto hidráulico."	TRUE
"439_Ixmiquilpan"	439	"Ixmiquilpan"	"Vialidades Urbanas"	2024	"Construcción de pavimentación asfáltica en calle Jacarandas, localidad El Nith, en el municipio de Ixmiquilpan."	"Nith"	NA	"DGOPI"	"Considera los trabajos de capa subbase, riego de impregnación, suministro y aplicación de riego de liga con emulsión asfáltica"	TRUE
"44_Actopan"	44	"Actopan"	"Vialidades Urbanas"	2023	"Pavimentación asfáltica en la localidad de La Peña en el municipio de Actopan."	"La Peña"	1122	"DGOPI"	"Considera los trabajos de capa subbase, riego de impregnación, suministro y aplicación de riego de liga con emulsión asfáltica"	TRUE
"440_Ixmiquilpan"	440	"Ixmiquilpan"	"Infraestructura Hídrica"	2023	"Construcción de tomas domiciliarias del sistema de agua potable en Panales, Ixmiquilpan."	"Panales"	3742	"CEAA"	"Considera los trabajos de líneas de distribución con la instalación de tubería, tomas domiciliarias. en la localidad de Panales municipio de  Ixmiquilpan"	TRUE
"441_Ixmiquilpan"	441	"Ixmiquilpan"	"Infraestructura Hídrica"	2022	"Construcción de sistema de agua potable en Panales, Ixmiquilpan, etapa tres de diez"	"Panales"	3742	"CEAA"	"Considera los trabajos de líneas de distribución con la instalación de tubería, tomas domiciliarias. en la localidad de Panales municipio de  Ixmiquilpan"	TRUE
"442_Ixmiquilpan"	442	"Ixmiquilpan"	"Infraestructura Hídrica"	2024	"Construcción de tomas domiciliarias del sistema de agua potable en Panales, Etapa cinco de diez, Ixmiquilpan."	"Panales"	3742	"CEAA"	"Considera los trabajos de líneas de distribución con la instalación de tubería, tomas domiciliarias. en la localidad de Panales municipio de  Ixmiquilpan"	TRUE
"443_Ixmiquilpan"	443	"Ixmiquilpan"	"Infraestructura Hídrica"	2025	"Construcción de sistema de agua potable en Panales, Etapa seis de diez, Ixmiquilpan."	"Panales"	3742	"CEAA"	"&#10;Construcción de red de distribución con 3798.14 m de tubo de p.v.c. hidráulico con campana rd-26 de 75 mm. (3), 6402.94 m de tubo de p.v.c. hidráulico con campana rd-26 de 51 mm. (2) y 217 tomas domiciliarias."	TRUE
"444_Ixmiquilpan"	444	"Ixmiquilpan"	"Vialidades Urbanas"	2023	"Construcción de pavimentación asfáltica en el municipio de Ixmiquilpan, en la localidad de Pueblo Nuevo en calle Principal"	"Pueblo Nuevo"	1560	"DGIVC"	"Considera los trabajos de capa subbase, riego de impregnación, suministro y aplicación de riego de liga con emulsión asfáltica"	TRUE
"445_Ixmiquilpan"	445	"Ixmiquilpan"	"Infraestructura Carretera"	2025	"Pavimentación hidraulica a Jardín de las Flores, en la localidad de Pueblo Nuevo, en el municipio de Ixmiquilpan"	"Pueblo nuevo"	NA	"SIPDUS"	NA	TRUE
"446_Ixmiquilpan"	446	"Ixmiquilpan"	"Infraestructura Carretera"	2023	"Construye Tu Camino del tramo San Andrés - El Olivo, en el municipio de Ixmiquilpan."	"San Andrés Orizabita"	1600	"DGCCE"	"Considera los trabajos de construcción de huellas de concreto hidráulico y empedrado en la localidad, el cual consta de terracerías y pisos de concreto."	TRUE
"447_Ixmiquilpan"	447	"Ixmiquilpan"	"Infraestructura Carretera"	2023	"Modernización de camino Santa Ana-La Loma López Rayón y calle Cobre en Ixmiquilpan."	"Santa Ana (Barrio de Progreso)"	445	"DGIVC"	"Considera los trabajos de preliminares, piso para pavimento de concreto hidráulico."	TRUE
"449_Ixmiquilpan"	449	"Ixmiquilpan"	"Infraestructura Hídrica"	2023	"Construcción de sistema de agua potable Taxadho etapa cinco de cinco, Ixmiquilpan"	"Taxadho"	1639	"CEAA"	"Red de distribución en instalación de tubería de PVC de 2” y 3” de diámetro. Así como en la instalación de las tomas domiciliarias"	TRUE
"45_Actopan"	45	"Actopan"	"Infraestructura Carretera"	2024	"Construye Tu Camino del tramo calle Abasolo, en la localidad de San Andrés Tianguistengo, en el municipio de Actopan"	"San Andrés Tianguis tengo"	250	"DGCCE"	"Considera los trabajos de construcción de huellas de concreto hidráulico y empedrado en la localidad, el cual consta de terracerías y pisos de concreto."	TRUE
"450_Ixmiquilpan"	450	"Ixmiquilpan"	"Espacios Públicos"	2024	"Construcción de Corredor Artesanal ubicado en el lugar conocido como Bajada de Pastores ejido de Maguey Blanco, Municipio de Ixmiquilpan"	"Taxadho"	1639	"PI"	"Considera trabajos en infraestructura del Espacio Público en la localidad de Taxadhó en el municipio de Ixmiquilpan."	TRUE
"451_Ixmiquilpan"	451	"Ixmiquilpan"	"Infraestructura Hídrica"	2024	"Estudio y Proyecto de Red de alcantarillado Sanitario y Planta de tratamiento de Aguas Residuales en la localidad de El Taxtho"	"Taxthó"	0	"CEAA"	"Considera los trabajos de estudios, proyecto conceptual y proyecto ejecutivo."	TRUE
"456_Jacala de Ledezma"	456	"Jacala de Ledezma"	"Vialidades Urbanas"	2023	"Construcción de andador de concreto hidráulico en localidad El Sabino, calle Camino Real"	"Jacala"	4582	"DGCCE"	"Considera los trabajos de preliminares, riego de impregnación, piso para pavimento de concreto hidráulico."	TRUE
"457_Jacala de Ledezma"	457	"Jacala de Ledezma"	"Infraestructura Hídrica"	2024	"Rehabilitación de planta de tratamiento de aguas residuales en la cabecera municipal, en Jacala de Ledezma."	"Jacala"	4582	"DGEP"	"Ejecuta trabajos para el mantenimiento y mejoramiento de la Planta de tratamiento en el municipio de Jacala de Ledezma."	TRUE
"458_Jacala de Ledezma"	458	"Jacala de Ledezma"	"Infraestructura Carretera"	2025	"Modernización del camino Jacala - Quetzalapa en el municipio de Jacala (tercera etapa), municipio de Jacala de Ledezma"	"Jacala de Ledezma"	NA	"SIPDUS"	NA	TRUE
"46_Agua Blanca de Iturbide"	46	"Agua Blanca de Iturbide"	"Infraestructura Carretera"	2024	"Reconstrucción de la C.E. Agua Blanca-Zacualpa (Segunda etapa); en el municipio de Agua Blanca de Iturbide"	"Agua Blanca de Iturbide"	2325	"DGIVC"	"Considera trabajos para la reconstrucción y/o conservación de Infraestructura Carretera en la localidad de Agua Blanca de Iturbide municipio de Agua Blanca de Iturbide"	TRUE
"460_Jacala de Ledezma"	460	"Jacala de Ledezma"	"Infraestructura Carretera"	2023	"Modernización del camino Jacala - Quetzalapa en el municipio de Jacala"	"Octupilla"	5044	"DGCCE"	"Considera los trabajos de modernización del camino en la localidad de Octupilla municipio de Jacala de Ledezma."	TRUE
"461_Jacala de Ledezma"	461	"Jacala de Ledezma"	"Infraestructura Carretera"	2023	"Modernización del camino La Palma - Quetzalapa en el municipio de Jacala de Ledezma."	"Octupilla"	NA	"DGCCE"	"Considera los trabajos de modernización del camino en la localidad de Octupilla municipio de Jacala de Ledezma."	TRUE
"462_Jacala de Ledezma"	462	"Jacala de Ledezma"	"Infraestructura Carretera"	2024	"Modernización del camino Jacala - Quetzalapa en el municipio de Jacala (Segunda etapa)"	"Octupilla"	5044	"DGCCE"	"Considera los trabajos de modernización del camino en la localidad de Octupilla municipio de Jacala de Ledezma."	TRUE
"465_Jaltocán"	465	"Jaltocán"	"Infraestructura Hídrica"	2023	"Construcción de colector de drenaje sanitario de las comunidades de Amaxac I, El Chote primera etapa, en el municipio de Jaltocán."	"Amáxac I"	744	"SIPDUS"	"Considera los trabajos de excavaciones y rellenos, descargas domiciliarias, pozos de visita, red de drenaje."	TRUE
"466_Jaltocán"	466	"Jaltocán"	"Vialidades Urbanas"	2024	"Pavimentación con concreto hidráulico calle Sin Nombre en la localidad de Cuatecomaco, en el municipio de Jaltocán."	"Cuatecomaco"	349	"DGIVC"	"Considera los trabajos de preliminares, riego de impregnación, piso para pavimento de concreto hidráulico."	TRUE
"467_Jaltocán"	467	"Jaltocán"	"Vialidades Urbanas"	2025	"Pavimentación con concreto hidráulico calle Sin Nombre, en la localidad de Cuatecomaco, segunda etapa, en el municipio de Jaltocán"	"Cuatecomaco"	NA	"SIPDUS"	NA	TRUE
"468_Jaltocán"	468	"Jaltocán"	"Vialidades Urbanas"	2024	"Construcción de pavimento hidráulico en Barrio Mirador calle Francisco Sarabia, municipio de Jaltocán"	"Jaltocán"	5919	"DGIVC"	"Considera los trabajos de preliminares, piso para pavimento de concreto hidráulico."	TRUE
"469_Jaltocán"	469	"Jaltocán"	"Infraestructura Carretera"	2025	"Pavimentación con concreto hidráulico acceso a Cuatzatzas, en el municipio de Jaltocán"	"Jaltocán"	NA	"SIPDUS"	NA	TRUE
"47_Agua Blanca de Iturbide"	47	"Agua Blanca de Iturbide"	"Vivienda Asequible"	2024	"Construcción de cuartos dormitorios en el municipio de Agua Blanca de Iturbide"	"Los Cubes"	4	"CEVI"	"Considera los trabajos de construcción de cuarto dormitorio en terreno del beneficiario."	TRUE
"470_Jaltocán"	470	"Jaltocán"	"Vialidades Urbanas"	2023	"Construcción de pavimento hidráulico en la calle de acceso principal a la localidad de La Ilusión - Anacleto Ramos - Potrero Zactipan - Octatitla; en el municipio de Jaltocán"	"La Ilusión"	192	"DGCCE"	"Considera los trabajos de preliminares, piso para pavimento de concreto hidráulico."	TRUE
"471_Jaltocán"	471	"Jaltocán"	"Infraestructura Carretera"	2023	"Modernización y ampliación de camino rural E.C. Huejutla - San Felipe Orizatlán, E.C. Pahuayo, en la localidad de Tzinancatitla"	"Tzinancatitla"	222	"DGCCE"	"Considera los trabajos de modernización y ampliación del camino rural en la localidad de Tzinancatitla en el municipio de Jaltocán"	TRUE
"472_Jaltocán"	472	"Jaltocán"	"Vialidades Urbanas"	2023	"Construcción de pavimento hidráulico en la localidad de Tzinancatitla, en el municipio de Jaltocán."	"Tzinancatitla"	NA	"DGCCE"	"Considera los trabajos de preliminares, piso para pavimento de concreto hidráulico."	TRUE
"474_Jaltocán"	474	"Jaltocán"	"Infraestructura Carretera"	2023	"Rehabilitación de la Carretera Estatal Vinazco a Jaltocán, en el municipio de Jaltocán."	"Vinazco"	10776	"DGCCE"	"Considera trabajos para la reconstrucción y/o conservación de Infraestructura Carretera en la localidad de Vinazco municipio de Jaltocán"	TRUE
"475_Juárez Hidalgo"	475	"Juárez Hidalgo"	"Infraestructura Carretera"	2023	"Reconstrucción de la carretera Eloxochitlán - Juárez Hidalgo; en el Municipio de Juárez Hidalgo"	"Juárez Hidalgo"	616	"DGCCE"	"Considera trabajos para la reconstrucción y/o conservación de Infraestructura Carretera en la localidad de Juárez Hidalgo municipio de Juárez Hidalgo"	TRUE
"476_Juárez Hidalgo"	476	"Juárez Hidalgo"	"Espacios Públicos"	2024	"Remodelación de parque, beneficiando a la localidad de Juárez Hidalgo, en el municipio de Juárez Hidalgo."	"Juárez Hidalgo"	616	"DGOPI"	"Considera trabajos en infraestructura del Espacio Público en el municipio de Juárez Hidalgo."	TRUE
"477_Juárez Hidalgo"	477	"Juárez Hidalgo"	"Infraestructura Carretera"	2024	"Reconstrucción de la carretera Eloxochitlán - Juárez Hidalgo; en el Municipio de Juárez Hidalgo (Segunda etapa)"	"Juárez Hidalgo"	NA	"DGCCE"	"Considera trabajos para la reconstrucción y/o conservación de Infraestructura Carretera en la localidad de Juárez Hidalgo municipio de Juárez Hidalgo"	TRUE
"478_Juárez Hidalgo"	478	"Juárez Hidalgo"	"Infraestructura Hídrica"	2022	"Construcción de sistema de agua potable San Lorenzo Itztacoyotla, Juárez Hidalgo, etapa cuatro de cuatro"	"San Lorenzo Itztacoyotla"	966	"CEAA"	"Considera los trabajos de líneas de distribución con la instalación de tubería, tomas domiciliarias. en la localidad de San Lorenzo Itztacoyotla municipio de  Juárez Hidalgo"	TRUE
"479_Juárez Hidalgo"	479	"Juárez Hidalgo"	"Infraestructura Carretera"	2023	"Pavimentación hidráulica de camino rural San Nicolás-Coatzontla, en el municipio de Juárez Hidalgo"	"San Nicolás Coatzontla"	343	"DGCCE"	"Considera los trabajos de preliminares y pavimento hidráulico."	TRUE
"480_La Misión"	480	"La Misión"	"Vialidades Urbanas"	2025	"Pavimentación hidráulica de calle Sin Nombre del km 1.85 al km 2.69 localidad Mesa del Huizache, municipio de La Misión"	"Mesa del Huizache"	NA	"DGOPI"	"Preliminares, pavimento hidráulico, cunetas, obras de drenaje, señalamiento y mampara informativa."	TRUE
"481_La Misión"	481	"La Misión"	"Infraestructura Hídrica"	2023	"Construcción de red de distribución de agua potable en aguaje de Cerro Prieto, en el municipio de La Misión"	"Aguaje de Cerro Prieto (Los Paredones)"	394	"SIPDUS"	"Considera los trabajos de instalación de tubería, rellenos con material producto de excavación, prueba de la tubería en la comunidad."	TRUE
"482_La Misión"	482	"La Misión"	"Infraestructura Hídrica"	2023	"Construcción de red de distribución de agua potable en Cerro Prieto en el municipio de La Misión"	"Cerro Prieto"	394	"SIPDUS"	"Considera los trabajos de instalación de tubería, rellenos con material producto de excavación, prueba de la tubería en la comunidad."	TRUE
"484_La Misión"	484	"La Misión"	"Infraestructura Carretera"	2023	"Construcción de muro de contención en cabecera municipal carretera La Misión - Puerto Naranjos"	"La Misión"	795	"DGOPI"	"Considera en los trabajos la construcción de muros de contención en la Localidad de La Misión."	TRUE
"485_La Misión"	485	"La Misión"	"Infraestructura Carretera"	2024	"Construcción de muro de contención y pavimento hidráulico en el C.R. La Misión - Puerto de los Naranjos, municipio de La Misión"	"La Misión"	546	"DGOPI"	"Considera los trabajos de preliminares, piso para pavimento de concreto hidráulico."	TRUE
"486_La Misión"	486	"La Misión"	"Infraestructura Carretera"	2024	"Construcción de muro de contención C.R. La Misión - La Palizada, municipio de la Misión."	"La Palizada"	308	"DGOPI"	"Considera en los trabajos la construcción de muros de contención en la Localidad de La Palizada."	TRUE
"487_La Misión"	487	"La Misión"	"Vialidades Urbanas"	2023	"Pavimentación de concreto hidráulico del acceso a la comunidad de Palmitas; en el municipio de La  Misión."	"Las Palmitas"	424	"DGCCE"	"Considera los trabajos de preliminares, riego de impregnación, piso para pavimento de concreto hidráulico."	TRUE
"488_La Misión"	488	"La Misión"	"Infraestructura Carretera"	2024	"Construcción de pavimentación hidráulica del C.R. Macangui - Cerro Prieto, municipio de La Misión"	"Macanguí"	295	"DGOPI"	"Considera los trabajos de preliminares y pavimento hidráulico."	TRUE
"49_Ajacuba"	49	"Ajacuba"	"Vialidades Urbanas"	2023	"Pavimentación con concreto hidráulico en calle Julian Villagrán entre calle Zacatecas y calle Guelatao, colonia El Salitre; en el municipio de Ajacuba"	"Ajacuba"	8254	"DGIVC"	"Considera los trabajos de preliminares, riego de impregnación, piso para pavimento de concreto hidráulico."	TRUE
"491_La Misión"	491	"La Misión"	"Vialidades Urbanas"	2024	"Pavimentación hidráulica de calle sin nombre en Puerto de Naranjos, en el municipio de La Misión"	"Puerto de Naranjos"	249	"DGOPI"	"Considera los trabajos de preliminares, piso para pavimento de concreto hidráulico."	TRUE
"495_Lolotla"	495	"Lolotla"	"Infraestructura Carretera"	2024	"Rehabilitación de la C.E. Chantasco - Xalcuatla, municipio de Lolotla"	"Chantasco"	641	"DGCCE"	"Considera trabajos para la reconstrucción y/o conservación de Infraestructura Carretera en la localidad de Chantasco municipio de Lolotla"	TRUE
"496_Lolotla"	496	"Lolotla"	"Vialidades Urbanas"	2022	"Pavimentación hidráulica de calle de acceso principal a Chiquitla, municipio de Lolotla"	"Chiquitla"	261	"DGCCE"	"Considera los trabajos de preliminares, piso para pavimento de concreto hidráulico."	TRUE
"497_Lolotla"	497	"Lolotla"	"Infraestructura Carretera"	2023	"Rehabilitación del tramo Comontla - Ixtacuatla, del km 0+000 al km 4+500; en el municipio de Lolotla."	"Comontla"	10380	"DGOPI"	"Se consideran trabajos de revestimiento, cunetas y limpieza de cunetas."	TRUE
"498_Lolotla"	498	"Lolotla"	"Infraestructura Carretera"	2023	"Rehabilitación del tramo acceso a La Florida, del km 0+000 al km 6+000; en el municipio de Lolotla."	"La Florida"	95	"DGOPI"	"Se consideran trabajos de revestimiento, cunetas y limpieza de cunetas."	TRUE
"499_Lolotla"	499	"Lolotla"	"Infraestructura Carretera"	2024	"Reconstrucción del C.R. Jalpa - La Florida, municipio de Lolotla"	"La Florida"	95	"DGCCE"	"Considera los trabajos de preliminares, revestimiento de camino en la localidad de La Florida municipio de Lolotla"	TRUE
"5_Acatlán"	5	"Acatlán"	"Vialidades Urbanas"	2023	"Construcción de pavimentación hidráulica en calle Agustín Olvera del municipio de Acatlán, Hidalgo"	"Agustín Olvera Sección I  (Colonia)"	405	"DGOPI"	"Considera los trabajos de preliminares, piso para pavimento de concreto hidráulico."	TRUE
"50_Ajacuba"	50	"Ajacuba"	"Infraestructura Carretera"	2025	"Reconstrucción de la C.E. Tecamatl - Ajacuba, en el municipio de Ajacuba"	"Ajacuba"	NA	"SIPDUS"	NA	TRUE
"500_Lolotla"	500	"Lolotla"	"Infraestructura Carretera"	2024	"Rehabilitación de camino E.C. de Cuatitlanapa a La Unión a la Florida, en el municipio de Lolotla."	"La Florida"	NA	"DGOPI"	"Considera los trabajos de preliminares, revestimiento de camino en la localidad de La Florida municipio de Lolotla"	TRUE
"501_Lolotla"	501	"Lolotla"	"Infraestructura Carretera"	2023	"Rehabilitación del tramo E.C. (Pachuca - Huejutla) - Tlaltepingo, del Km 0+000 al Km 5+000; en el municipio de Lolotla"	"Tlaltepingo"	928	"DGOPI"	"Se consideran trabajos de revestimiento, cunetas y limpieza de cunetas."	TRUE
"502_Lolotla"	502	"Lolotla"	"Vialidades Urbanas"	2022	"Pavimentación de calle de acceso principal a Tlaltepingo, municipio de Lolotla"	"Tlaltepingo"	359	"DGCCE"	"Considera los trabajos de preliminares, piso para pavimento de concreto hidráulico."	TRUE
"503_Lolotla"	503	"Lolotla"	"Infraestructura Hídrica"	2022	"Construcción de Sanitario con Biodigestor, en el municipio de Lolotla"	"Tlaltepingo"	NA	"SIPDUS"	"Considera los trabajos instalación hidráulica, instalación eléctrica, instalación de biodigestor, acabados y albañilería, excavación de biodigestor."	TRUE
"507_Lolotla"	507	"Lolotla"	"Infraestructura Carretera"	2023	"Modernización del camino rural Xuchitlan - Toscalao, subtramo: Toscalao - Tetlapaya"	"Xuchitlán"	835	"DGCCE"	"Considera los trabajos de modernización del camino en la localidad de Xuchitlán municipio de Lolotla."	TRUE
"508_Metepec"	508	"Metepec"	"Infraestructura Hídrica"	2024	"Construcción del sistema de alcantarillado sanitario en la localidad de Acocul Cebolletas municipio de Metepec"	"Acocul Cebolletas"	407	"DGIVC"	"Considera los trabajos de excavaciones y rellenos, descargas domiciliarias, red de alcantarillado."	TRUE
"509_Metepec"	509	"Metepec"	"Vialidades Urbanas"	2023	"Rehabilitación de guarniciones y banquetas en Estación de Apulco tramo: acceso Estación de Apulco - CBTA 126, municipio de Metepec"	"Estación de Apulco"	1476	"DGOPI"	"Considera trabajos en la rehabilitación y/o mejoramiento de las vialidades urbanas en la localidad de Estación de Apulco muncipio de Metepec"	TRUE
"51_Ajacuba"	51	"Ajacuba"	"Infraestructura Carretera"	2023	"Reconstrucción de carpeta asfáltica de la C.E. Ajacuba - San Juan Tepa, municipio de Ajacuba"	"San Nicolás Tecomatlán"	14299	"DGIVC"	"Considera trabajos para la reconstrucción y/o conservación de Infraestructura Carretera en la localidad de San Nicolás Tecomatlán municipio de Ajacuba"	TRUE
"510_Metepec"	510	"Metepec"	"Espacios Públicos"	2024	"Proyecto de Restauración de la Estación de Ferrocarril Apulco"	"Estación de Apulco"	0	"DGPC"	"Considera trabajos en infraestructura del Espacio Público en la localidad Estación de Apulco de el municipio de Metepec."	TRUE
"511_Metepec"	511	"Metepec"	"Vialidades Urbanas"	2024	"Construcción con pavimento hidráulico en calle Zapata en la localidad de Estación de Apulco, en el municipio de Metepec"	"Estación de Apulco"	NA	"DGCCE"	"Considera los trabajos de preliminares, piso para pavimento de concreto hidráulico."	TRUE
"513_Metepec"	513	"Metepec"	"Vialidades Urbanas"	2023	"Rehabilitación de guarniciones y banquetas en Ferrería en calle principal, Metepec"	"Ferrería de Apulco"	723	"DGOPI"	"Considera los trabajos de preliminares, piso para pavimento de concreto hidráulico."	TRUE
"514_Metepec"	514	"Metepec"	"Infraestructura Carretera"	2022	"Pavimentación hidráulica del camino de acceso principal a la localidad de Nopalillo, municipio de Metepec"	"Metepec"	2248	"DGCCE"	"Considera los trabajos de preliminares y pavimento hidráulico."	TRUE
"515_Metepec"	515	"Metepec"	"Vialidades Urbanas"	2023	"Construcción de pavimentación de concreto hidráulico en camino Palo Gordo primera etapa, en el Municipio de Metepec"	"Palo Gordo (Ejido Nopalillo)"	1041	"DGIVC"	"Considera los trabajos de preliminares, riego de impregnación, piso para pavimento de concreto hidráulico."	TRUE
"516_Metztitlán"	516	"Metztitlán"	"Infraestructura Carretera"	2024	"Construcción de pavimentación hidráulica en camino Coalquisque - Chimalacatla, en el municipio de Metztitlán."	"Coalquizque"	194	"DGOPI"	"Considera los trabajos de preliminares y pavimento hidráulico."	TRUE
"517_Metztitlán"	517	"Metztitlán"	"Vialidades Urbanas"	2022	"Construcción de pavimentación de Av. Metztitlán, Col. Centro, municipio de Metztitlán"	"Metztitlán"	3274	"DGCCE"	"Considera trabajos en la rehabilitación y/o mejoramiento de las vialidades urbanas en la localidad de Metztitlán muncipio de Metztitlán"	TRUE
"518_Metztitlán"	518	"Metztitlán"	"Infraestructura Carretera"	2025	"Construcción de pavimentación hidráulica en Santa Monica - El Tablón, primera etapa, en el municipio de Metztitlán"	"Metztitlán"	NA	"SIPDUS"	NA	TRUE
"520_Metztitlán"	520	"Metztitlán"	"Infraestructura Carretera"	2023	"Pavimentación hidráulica C.R. San Cristóbal - Hualula; municipio de Metztitlán."	"San Cristobal"	76189	"DGCCE"	"Considera los trabajos de preliminares y pavimento hidráulico."	TRUE
"521_Metztitlán"	521	"Metztitlán"	"Infraestructura Carretera"	2024	"Pavimentación hidráulica C.R. San Cristobal - Hualula (Segunda etapa), municipio de Metztitlán."	"San Cristóbal"	971	"DGCCE"	"Considera los trabajos de preliminares y pavimento hidráulico."	TRUE
"522_Metztitlán"	522	"Metztitlán"	"Infraestructura Carretera"	2022	"Pavimentación de carretera estatal, tramo: Amajatlán, municipio de Metztitlán"	"San Pedro Amajatlán (Amajatlán)"	359	"DGCCE"	"Considera los trabajos de preliminares, riego de impregnación, piso para pavimento de concreto."	TRUE
"523_Metztitlán"	523	"Metztitlán"	"Infraestructura Carretera"	2024	"Rehabilitación de Puente Vado Tres Cruces sobre Río Venados (Río Grande) en el municipio de Metztitlán."	"Tres Cruces"	245	"DGIVC"	"Considera trabajos para la reconstrucción y/o conservación de Infraestructura Carretera en la localidad de Tres Cruces municipio de Metztitlán"	TRUE
"525_Metztitlán"	525	"Metztitlán"	"Infraestructura Carretera"	2022	"Construcción de pavimento de concreto hidráulico de la carretera Metztitlán - Zoquizoquipan, municipio de Metztitlán"	"Zoquizoquipan"	3678	"DGOPI"	"Considera los trabajos de preliminares, riego de impregnación, piso para pavimento de concreto hidráulico."	TRUE
"527_Zacualtipán de Ángeles"	527	"Zacualtipán de Ángeles"	"Vivienda Asequible"	2022	"Construcción de 31 cuartos dormitorio en los municipios de Metztitlán y Zacualtipán de Ángeles"	"Barr.tlaxomotl,Barrio Coatlán,Barrio El Tepeyac,Cacala,Ciudad 13 de Septiembre,Colonia 11 de Abril (El Depósito Viejo),Colonia la Campesina,Colonia la Joya,Colonia la Mesa,Colonia la Otra Banda,Colonia Santa Cecilia,Colonia Zamora,San Marcos"	NA	"CEVI"	"Considera los trabajos de construcción de cuarto dormitorio en terreno del beneficiario."	TRUE
"528_Mineral de la Reforma"	528	"Mineral de la Reforma"	"Vialidades Urbanas"	2023	"Pavimentación de Av. Amaque, localidad Amaque, Mineral de la Reforma"	"Amaque"	764	"DGIVC"	"Considera trabajos en la rehabilitación y/o mejoramiento de las vialidades urbanas en la localidad de Amaque muncipio de Mineral de la Reforma"	TRUE
"53_Ajacuba"	53	"Ajacuba"	"Vialidades Urbanas"	2024	"Construcción de pavimentación con concreto hidráulico en Calle Tlaloc, en la localidad de Santiago Tezontlale, Colonia Cuauhtémoc, municipio de Ajacuba."	"Santiago Tezontlale"	4558	"DGIVC"	"Considera los trabajos de preliminares, riego de impregnación, piso para pavimento de concreto hidráulico."	TRUE
"531_Mineral de la Reforma"	531	"Mineral de la Reforma"	"Vialidades Urbanas"	2023	"Reconstrucción de carpeta de concreto hidráulico en la calle Heroico Colegio Militar del Km. 0+000 al Km. 0+250 y rehabilitación de áreas verdes y espacios públicos en la colonia Militar, municipio de Mineral de la Reforma."	"Colonia Militar"	1861	"DGIVC"	"Considera los trabajos de preliminares, riego de impregnación, piso para pavimento de concreto hidráulico."	TRUE
"54_Ajacuba"	54	"Ajacuba"	"Infraestructura Hídrica"	2022	"Construcción de sistema de agua potable en Vicente Guerrero, etapa cuatro de cuatro"	"Vicente Guerrero"	1800	"CEAA"	"Considera los trabajos de líneas de distribución con la instalación de tubería, tomas domiciliarias. en la localidad de Vicente Guerrero municipio de  Ajacuba"	TRUE
"55_Ajacuba"	55	"Ajacuba"	"Infraestructura Hídrica"	2024	"Reposición de pozo para agua potable en la localidad de Vicente Guerrero, municipio de Ajacuba"	"Vicente Guerrero"	1800	"CEAA"	"Considera los trabajos para la rehabilitación y equipamiento de pozo en la localidad de  Vicente Guerrero municipio de Ajacuba"	TRUE
"553_Mineral de la Reforma"	553	"Mineral de la Reforma"	"Vialidades Urbanas"	2023	"Reconstrucción de la calle Sur 2, Fraccionamiento Magisterio, entre calle Oriente 1 y calle Puerto Ángel, en el municipio de Mineral de la Reforma"	"Magisterio Digno"	2026	"DGCCE"	"Considera los trabajos de preliminares, piso para pavimento de concreto hidráulico."	TRUE
"559_Mineral de la Reforma"	559	"Mineral de la Reforma"	"Vialidades Urbanas"	2022	"Reconstrucción de pavimento de concreto hidráulico en la colonia PRI Chacón, municipio de Mineral de la reforma"	"Nuevo Centro de Población Agrícola El Chacón"	2218	"DGOPI"	"Considera los trabajos de preliminares, riego de impregnación, piso para pavimento de concreto hidráulico."	TRUE
"56_Alfajayucan"	56	"Alfajayucan"	"Infraestructura Hídrica"	2023	"Pago por Avalúo ante el Instituto de Administración y Avalúos de Bienes Nacionales (INDAABIN), de 12 afectados, por la liberación del derecho de vía para construir la línea de interconexión de las presas  El Yathe-VicenteAguirre, municipio de Alfajayucan, estado de Hidalgo."	"Alfajayucan"	1794	"SIPDUS"	"Considrera el Pago por Avalúo"	TRUE
"565_Mineral de la Reforma"	565	"Mineral de la Reforma"	"Vialidades Urbanas"	2023	"Pavimentación de concreto hidráulico en avenida San Marco del km. 0+000 al km. 0+420 en la colonia Rinconadas de San Francisco, municipio de Mineral de la Reforma."	"Rinconadas de San Francisco El Venado"	NA	"DGOPI"	"Considera los trabajos de preliminares, riego de impregnación, piso para pavimento de concreto hidráulico."	TRUE
"569_Mineral de la Reforma"	569	"Mineral de la Reforma"	"Vialidades Urbanas"	2024	"Reconstrucción de pavimento hidráulico en Boulevard San Carlos, Fraccionamiento San José, municipio de Mineral de la Reforma"	"San José"	1440	"DGOPI"	"Considera los trabajos de Preliminares, piso para pavimento de concreto en  Boulevard San Carlos, Fraccionamiento San José, municipio de Mineral de la Reforma."	TRUE
"57_Alfajayucan"	57	"Alfajayucan"	"Infraestructura Hídrica"	2024	"Terminación de construcción del canal de interconexión en la presa el Yathé, Alfajayucan"	"Alfajayucan"	1794	"DGEP"	"Considera los trabajos de  línea de conducción con tubería, estructura de descarga al canal, válvulas de admisión y expulsión, de aire con desfogues con accesorios."	TRUE
"58_Alfajayucan"	58	"Alfajayucan"	"Infraestructura Carretera"	2025	"Rehabilitación del camino Zundhó - Sifón - San Agustín, en el municipio de Alfajayucan"	"Alfajayucan"	NA	"SIPDUS"	NA	TRUE
"585_Mineral de la Reforma"	585	"Mineral de la Reforma"	"Vialidades Urbanas"	2023	"Reconstrucción de carpeta de concreto hidráulico en calle Avenida Santiago Jaltepec del km 0+000 al km. 1+725 en la colonia Militar, municipio de Mineral de la Reforma"	"Santiago Jaltepec"	1958	"DGIVC"	"Considera los trabajos de preliminares, riego de impregnación, piso para pavimento de concreto hidráulico."	TRUE
"59_Alfajayucan"	59	"Alfajayucan"	"Infraestructura Hídrica"	2025	"Puesta en marcha del canal de interconexión entre la Presa El Yathé y la Presa Vicente Aguirre, en el municipio de Alfajayucan"	"Alfajayucan"	NA	"SIPDUS"	NA	TRUE
"590_Tepeapulco"	590	"Tepeapulco"	"Vivienda Asequible"	2022	"Construcción de 16 cuartos dormitorio en los municipios de Mineral de la Reforma y Tepeapulco"	"Amaque,Azoyatla de Ocampo,Col. del Trabajo,Dos Carlos Pueblo Nuevo,La Colonia,Los Cides,Los Reyes,Rio de la Soledad,San Guillermo la Reforma,Santiago Jaltepec"	NA	"CEVI"	"Considera los trabajos de construcción de cuarto dormitorio en terreno del beneficiario."	TRUE
"591_Mineral del Chico"	591	"Mineral del Chico"	"Infraestructura Carretera"	2024	"Reconstrucción de pavimento asfáltico Pachuca - La Estanzuela - Las Milpas, en el municipio de Mineral del Chico"	"La Estanzuela"	1680	"DGCCE"	"Considera los trabajos de la operación de escarificación, disgregado, construcción de base hidráulica, suministro y aplicación de riego de liga con emulsión asfáltica."	TRUE
"592_Mineral del Chico"	592	"Mineral del Chico"	"Infraestructura Carretera"	2023	"Construcción de Huellas de Concreto del C.R. Las Piletas-Bandola, en el Municipio de Mineral del Chico"	"Las Piletas"	52	"DGCCE"	"Considera los trabajos de construcción de huellas de concreto hidráulico y empedrado en la localidad, el cual consta de terracerías y pisos de concreto."	TRUE
"593_Mineral del Chico"	593	"Mineral del Chico"	"Espacios Públicos"	2024	"Rehabilitación de Albergue Alpino"	"Las Ventanas"	481	"DGIVC"	"Considera trabajos en infraestructura del Espacio Público en la Localidad de Las Ventanas el municipio de Mineral del Chico."	TRUE
"597_Mineral del Chico"	597	"Mineral del Chico"	"Espacios Públicos"	2023	"Rehabilitación de Plazoleta Benito Juárez"	"Mineral del Chico"	NA	"DGOPI"	"Considera trabajos en infraestructura del Espacio Público en el municipio de Mineral del Chico."	TRUE
"598_Mineral del Chico"	598	"Mineral del Chico"	"Espacios Públicos"	2023	"Sendero de las Luces segunda etapa."	"Mineral del Chico"	NA	"DGOPI"	"Considera trabajos en infraestructura del Espacio Público en el municipio de Mineral del Chico."	TRUE
"6_Acaxochitlán"	6	"Acaxochitlán"	"Espacios Públicos"	2023	"Rehabilitación de Centro Gerontológico de Acaxochitlán 2da. etapa."	"Acaxochitlán"	NA	"DGCCE"	"Considera trabajos en infraestructura del Espacio Público en la localidad Acaxochitlán."	TRUE
"602_Mineral del Chico"	602	"Mineral del Chico"	"Espacios Públicos"	2025	"Rehabilitación de Imagen en Andadores Turísticos del Centro Histórico (Mineral del Chico)"	"Mineral del Chico"	533	"DGOPI"	NA	TRUE
"603_Mineral del Monte"	603	"Mineral del Monte"	"Infraestructura Carretera"	2022	"Pago de afectación de la carretera Méx 105 Pachuca - Huejutla, tramo: Real del Monte - entronque Huasca del Km 11+440.91 al Km 19+962.24, subtramo gaza del Km 11+059.99 D., al Km 11+208.10 D. (Juan Manuel González Enríquez)"	"Mineral del Monte"	1	"DGEP"	"Considera el pago de afectaciones."	TRUE
"604_Mineral del Monte"	604	"Mineral del Monte"	"Infraestructura Carretera"	2022	"Pago de afectación de la Carretera Méx 105 Pachuca Huejutla, tramo: Real del Monte entronque Huasca del Km 11+440.91 al Km 19+962.24, subtramo: Km 11+454.25 al Km 12+164.79 (Carlos Ramírez Soto y José de Jesús López Nieto)"	"Mineral del Monte"	2	"DGEP"	"Considera el pago de afectaciones."	TRUE
"606_Mineral del Monte"	606	"Mineral del Monte"	"Espacios Públicos"	2024	"2da. etapa del proyecto El Cine para el Pueblo en el Centro Cultural Regional de Real del Monte"	"Mineral del Monte"	11149	"DGOPI"	"Considera trabajos en infraestructura del Espacio Público en el municipio de Mineral del Monte."	TRUE
"608_Mineral del Monte"	608	"Mineral del Monte"	"Espacios Públicos"	2025	"Arco de Bienvenida Real del Monte."	"Mineral del Monte"	11149	"DGOPI"	NA	TRUE
"61_Alfajayucan"	61	"Alfajayucan"	"Infraestructura Hídrica"	2022	"Construcción de pozo profundo para agua potable de la localidad de Cebolletas, Alfajayucan (Primera Etapa)"	"Cebolletas"	280	"SIPDUS"	"Considera los trabajos  de perforación exploratoria, preliminares (perforación), perforación y ampliación, suministro y colocación de tubería lisa de acero y ranurada."	TRUE
"610_Mixquiahuala de Juárez"	610	"Mixquiahuala de Juárez"	"Infraestructura Carretera"	2024	"Pavimentación de camino Juandho - Cañada, en el municipio de Mixquiahuala de Juárez"	"Cañada"	1347	"DGIVC"	"Pavimentación de camino Juandhó - Cañada, en el municipio de Mixquiahuala de Juárez , la obra considera los siguientes trabajos preliminares, terracerías, subrasante, construcción de base hidráulica, riego de impregnación, carpeta asfáltica, señalamiento y cunetas."	TRUE
"612_Mixquiahuala de Juárez"	612	"Mixquiahuala de Juárez"	"Espacios Públicos"	2023	"Mejoramiento de la base de operaciones mixtas de la Secretaría de Seguridad Pública de Hidalgo, en Mixquiahuala de Juárez, Hgo."	"Mixquiahuala de Juárez"	NA	"DGOPI"	"Considera trabajos en infraestructura en Seguridad Pública en el municipio de Mixquiahuala de Juárez,."	TRUE
"618_Molango de Escamilla"	618	"Molango de Escamilla"	"Infraestructura Carretera"	2023	"Construcción de pavimentación del camino Acayuca E.C. (Otongo - Tepehuacán de Guerrero), en el municipio de Molango."	"Acayuca"	681	"DGCCE"	"Considera los trabajos de preliminares y pavimento en la localidad de Acayuca municipio de Molango de Escamilla."	TRUE
"619_Molango de Escamilla"	619	"Molango de Escamilla"	"Infraestructura Carretera"	2024	"Construcción de muro de contención de la C.E. Otongo - Acayuca, municipio de Molango de Escamilla"	"Acayuca"	681	"DGCCE"	"Considera en los trabajos la construcción de muros de contención en la Localidad de Acayuca."	TRUE
"62_Alfajayucan"	62	"Alfajayucan"	"Infraestructura Carretera"	2024	"Pavimentación asfáltica de 2 tramos de la C.M. Chilcuautla - Alfajayucan, en el municipio de Alfajayucan"	"Cerro Azul"	342	"DGCCE"	"Considera los trabajos de capa subbase, riego de impregnación, suministro y aplicación de riego de liga con emulsión asfáltica"	TRUE
"620_Molango de Escamilla"	620	"Molango de Escamilla"	"Espacios Públicos"	2024	"Construcción de cancha de futbol rápido en la localidad de Acayuca, en el municipio de Molango de Escamilla."	"Acayuca"	NA	"DGCCE"	"Considera trabajos en infraestructura deportiva en el municipio de Acayuca."	TRUE
"621_Molango de Escamilla"	621	"Molango de Escamilla"	"Infraestructura Carretera"	2024	"Construye tu Camino del tramo Acayuca-Cuxhuacan, en el municipio de Molango de Escamilla"	"Cuxhuacan"	700	"DGCCE"	"Considera los trabajos de construcción de huellas de concreto hidráulico y empedrado en la localidad, el cual consta de terracerías y pisos de concreto."	TRUE
"622_Molango de Escamilla"	622	"Molango de Escamilla"	"Infraestructura Carretera"	2024	"Modernización del Camino Eloxochitlán - Molango, en el municipio de Eloxochitlán (segunda etapa)"	"Ixmolintla"	285	"DGCCE"	"Considera los trabajos de terracerías, sub rasante, pavimento de concreto hidráulico, construcción de cunetas, señalamiento, muros de contención y obras de drenaje."	TRUE
"623_Molango de Escamilla"	623	"Molango de Escamilla"	"Infraestructura Hídrica"	2022	"Rehabilitación de la línea de agua potable para la cabecera municipal de Molango de Escamilla"	"Molango de Escamilla"	4995	"SIPDUS"	"Considera los trabajos de instalación de tubería, rellenos con material producto de excavación, prueba de la tubería en la comunidad."	TRUE
"625_Molango de Escamilla"	625	"Molango de Escamilla"	"Infraestructura Hídrica"	2024	"Construcción de línea de conducción de agua potable de la captación Río Claro a tanque de regulación, en el municipio de Molango de Escamilla."	"Molango de Escamilla"	4995	"DGCCE"	"Considera los trabajos de mejoramiento en Infraestructura hídrica en la localidad de Molango de Escamilla  municipio de Molango de Escamilla"	TRUE
"626_Nicolás Flores"	626	"Nicolás Flores"	"Infraestructura Hídrica"	2023	"Construcción de sistema de alcantarillado sanitario en la localidad de El Aguacate, en el municipio de Nicolás Flores"	"El Aguacate"	100	"SIPDUS"	"Considera los trabajos de excavaciones y rellenos, descargas domiciliarias, red de alcantarillado."	TRUE
"627_Nicolás Flores"	627	"Nicolás Flores"	"Infraestructura Hídrica"	2024	"Construcción del sistema integral de alcantarillado sanitario y planta de tratamiento de aguas residuales para beneficiar a la localidad de El Bocua, municipio de Nicolás Flores, etapa Uno de Tres"	"El Bocua"	475	"CEAA"	"Considera los trabajos para la  Construcción de la planta de tratamiento de aguas residuales en la localidad de El Bocua municipio de Nicolás Flores."	TRUE
"628_Nicolás Flores"	628	"Nicolás Flores"	"Infraestructura Carretera"	2023	"Reconstrucción de la C.E. Acceso a Nicolás Flores"	"Nicolás Flores"	404	"DGOPI"	"Considera trabajos para la reconstrucción y/o conservación de Infraestructura Carretera en la localidad de Nicolás Flores municipio de Nicolás Flores"	TRUE
"629_Nicolás Flores"	629	"Nicolás Flores"	"Infraestructura Carretera"	2025	"Reconstrucción de la C.E. Acceso a Nicolás Flores, segunda etapa, en la localidad Santa Cruz, en el municipio de Nicolás Flores"	"Santa Cruz"	NA	"SIPDUS"	NA	TRUE
"63_Alfajayucan"	63	"Alfajayucan"	"Infraestructura Carretera"	2023	"Pavimentación asfáltica de camino El Madho, municipio de Alfajayucan"	"Madho Corrales"	122	"DGOPI"	"Considera los trabajos de capa subbase, riego de impregnación, suministro y aplicación de riego de liga con emulsión asfáltica"	TRUE
"634_Nicolás Flores"	634	"Nicolás Flores"	"Infraestructura Hídrica"	2023	"Construcción del sistema de alcantarillado sanitario y rehabilitación de planta de tratamiento de aguas residuales (2da etapa) para beneficiar a la localidad de Villa Hermosa; en el municipio de Nicolás Flores"	"Villa Hermosa"	270	"SIPDUS"	"Considera los trabajos para la  Construcción de la planta de tratamiento de aguas residuales en la localidad de Villa Hermosa municipio de Nicolás Flores."	TRUE
"635_Nopala de Villagrán"	635	"Nopala de Villagrán"	"Infraestructura Carretera"	2025	"Reconstrucción de pavimentación asfáltica de la C.E. Saucillo - Nopala (tercera etapa), en el municipio de Nopala de Villagrán"	"San Sebastián Tenochtitlán"	9051	"DGCCE"	"Se realizaran los trabajos de preliminares, terracerías, construcción de base hidráulica, riego de impregnación, carpeta asfáltica, señalamiento horizontal y obras complementarias."	TRUE
"636_Nopala de Villagrán"	636	"Nopala de Villagrán"	"Infraestructura Hídrica"	2023	"Perforación de pozo profundo de agua potable, para uso urbano, primera etapa, en la localidad de El Jagüey, Municipio de Nopala de Villagran, Hgo."	"El Jagüey"	1409	"SIPDUS"	"Considera los trabajos de preliminares, perforación de pozo en la localidad de El Jagüey municipio de Nopala de Villagrán"	TRUE
"637_Nopala de Villagrán"	637	"Nopala de Villagrán"	"Infraestructura Hídrica"	2024	"Perforación exploratoria de pozo profundo para extracción de agua potable en el paraje del pozo El Varal, municipio de Nopala de Villagrán."	"El Jagüey"	1409	"DGIVC"	"Considera los trabajos de preliminares, perforación de pozo en la localidad de El Jagüey municipio de Nopala de Villagrán"	FALSE
"638_Nopala de Villagrán"	638	"Nopala de Villagrán"	"Infraestructura Carretera"	2023	"Reconstrucción de la C.E. Maravillas - Límites del Estado de Hidalgo (El Tepeyac)"	"Maravillas"	1098	"DGCCE"	"Considera trabajos para la reconstrucción y/o conservación de Infraestructura Carretera en la localidad de Maravillas municipio de Nopala de Villagrán"	TRUE
"64_Alfajayucan"	64	"Alfajayucan"	"Infraestructura Hídrica"	2024	"Perforación del Pozo Profundo en la localidad de San Francisco Sacachichilco, municipio de Alfajayucan, Hgo. (Perforación exploratoria)"	"San Francisco Sacachichilco"	801	"CEAA"	"Considera los trabajos de preliminares, perforación de pozo en la localidad de San Francisco Sacachichilco municipio de Alfajayucan"	TRUE
"640_Nopala de Villagrán"	640	"Nopala de Villagrán"	"Infraestructura Carretera"	2024	"Reconstrucción de pavimentación asfáltica de la C.E. Saucillo - Nopala (Segunda etapa), en el municipio de Nopala de Villagran"	"San Sebastián Tenochtitlán"	9051	"DGIVC"	"Considera los trabajos de la operación de escarificación, disgregado, construcción de base hidráulica, suministro y aplicación de riego de liga con emulsión asfáltica."	TRUE
"643_Omitlán de Juárez"	643	"Omitlán de Juárez"	"Infraestructura Hídrica"	2022	"Construcción de línea de conducción de agua potable tramo La Atarjea - El Tejocote - Bo El Piojo, municipio de Omitlán de Juárez, etapa uno de dos."	"El Tejocote"	102	"CEAA"	"Considera los trabajos de instalación de tubería, rellenos con material producto de excavación, prueba de la tubería en la comunidad."	TRUE
"645_Omitlán de Juárez"	645	"Omitlán de Juárez"	"Espacios Públicos"	2024	"Arco de Bienvenida Omitlán de Juárez."	"Omitlán de Juárez"	NA	"DGIVC"	"Considera trabajos en infraestructura del Espacio Público en el municipio de Omitlán de Juárez."	TRUE
"646_Omitlán de Juárez"	646	"Omitlán de Juárez"	"Espacios Públicos"	2024	"Iluminación de calle principal de Omitlán de Juárez."	"Omitlán de Juárez"	1500	"DGOPI"	"Considera trabajos en infraestructura eléctrica en el municipio de Omitlán de Juárez."	TRUE
"647_Omitlán de Juárez"	647	"Omitlán de Juárez"	"Espacios Públicos"	2024	"Rehabilitación del inmueble para cuartel de policía en el crucero  Omitlán - Huasca, municipio de Omitlán de Juárez"	"Omitlán de Juárez"	NA	"SIPDUS"	"Considera trabajos en infraestructura en Seguridad Pública en el cuartel de policía en el municipio de Omitlán de Juárez."	TRUE
"648_Omitlán de Juárez"	648	"Omitlán de Juárez"	"Infraestructura Hídrica"	2024	"Perforación exploratoria y equipamiento de pozo profundo Rincón Chico, en el municipio de Omitlán de Juárez"	"Omitlán de Juárez"	NA	"DGCCE"	"Considera los trabajos de preliminares, perforación de pozo en la localidad de Omitlán de Juárez municipio de Omitlán de Juárez"	TRUE
"65_Alfajayucan"	65	"Alfajayucan"	"Infraestructura Hídrica"	2025	"Perforación del Pozo Profundo en la localidad de San Francisco Sacachichilco, municipio de Alfajayucan, Hgo. (Terminación)."	"San Francisco Sacachichilco"	801	"CEAA"	"Movimiento, instalación y desmantelamiento del equipo de perforación, Equipo inactivo, trabajando excepto perforación, Desinfección de herramienta, análisis del agua, Fosas y lodos bentónicos, Ampliación de la perforación del pozo (12 1/4 a 18) en 300.00 m., Suministro y colocación de 39.00 m. de tubería de Acero lisa de 12 de diam. de 1/4 de esp.,  262 m. tubería de acero ranurada de 12  de diam. de 1/4 de esp., 40.00 m. de tubería lisa de acero de 20 de 1/4 de esp. para ademe,  engravado, Lavado y pistoneo, desarrollo y aforo, videograbación del pozo, base para equipo de bombeo."	TRUE
"650_Omitlán de Juárez"	650	"Omitlán de Juárez"	"Infraestructura Hídrica"	2023	"Rehabilitación de línea de conducción de sistema de agua potable Morelos - Rincón Chico en el municipio de Omitlan de Juárez, Hidalgo."	"Rincón Chico"	433	"CEAA"	"Considera los trabajos de instalación de tubería, rellenos con material producto de excavación, prueba de la tubería en la comunidad."	TRUE
"653_Pachuca de Soto"	653	"Pachuca de Soto"	"Infraestructura Carretera"	2023	"Construcción del Boulevard de acceso al Huixmi, en el municipio de Pachuca de Soto"	"El Huixmí"	3294	"DGCCE"	"Considera trabajos para la reconstrucción y/o conservación de Infraestructura Carretera en la localidad de El Huixmí municipio de Pachuca de Soto"	TRUE
"654_Pachuca de Soto"	654	"Pachuca de Soto"	"Espacios Públicos"	2022	"Mejoramiento del Módulo de Medidas Especiales"	"Los Encinos"	48	"DGOPI"	"Considera trabajos en infraestructura en Seguridad Pública en el municipio de Pachuca de Soto."	TRUE
"66_Almoloya"	66	"Almoloya"	"Espacios Públicos"	2023	"Construcción de barda perimetral y pavimento en el Mercado Municipal, de Almoloya."	"Almoloya"	4802	"DGIVC"	"Considera trabajos en infraestructura del Espacio Público en el municipio de Almoloya."	TRUE
"67_Almoloya"	67	"Almoloya"	"Infraestructura Carretera"	2024	"Construcción de pavimentación asfáltica de la carretera Rancho Viejo - Las Vigas, en el municipio de Almoloya"	"Las Vigas"	2864	"DGIVC"	"Considera los trabajos de capa subbase, riego de impregnación, suministro y aplicación de riego de liga con emulsión asfáltica"	TRUE
"68_Almoloya"	68	"Almoloya"	"Vialidades Urbanas"	2022	"Construcción de pavimentación hidráulica de calle Vicente Guerrero en la localidad de Tepepatlaxco, municipio de Almoloya"	"Tepepatlaxco (El Llano)"	671	"DGIVC"	"Considera los trabajos de preliminares, piso para pavimento de concreto hidráulico."	TRUE
"69_Apan"	69	"Apan"	"Espacios Públicos"	2024	"Construcción de caseta de control y barda perimetral SE maniobras, Acopinalco municipio de Apan."	"Acopinalco"	927	"DGEP"	"Considera trabajos en infraestructura del Espacio Público en la localidad Acopinalco municipio de Apan."	TRUE
"7_Acaxochitlán"	7	"Acaxochitlán"	"Vialidades Urbanas"	2023	"Pavimentación hidráulica, guarniciones, banquetas y muro de mampostería en Calle Manuel F. Soto en el municipio de Acaxochitlán"	"Acaxochitlán"	3908	"DGIVC"	"Considera los trabajos de preliminares, piso para pavimento de concreto hidráulico."	TRUE
"70_Apan"	70	"Apan"	"Espacios Públicos"	2023	"SEMEFO Apan"	"Apan"	28792	"DGOPI"	"Considera trabajos en infraestructura en Seguridad Pública en el municipio de Apan."	TRUE
"71_Apan"	71	"Apan"	"Espacios Públicos"	2023	"Pago de afectaciones por la construcción del acceso al Hospital regional de Apan"	"Apan"	NA	"DGAJ"	"Considera el pago de afectaciones."	TRUE
"72_Apan"	72	"Apan"	"Infraestructura Carretera"	2023	"Reconstrucción de la C.E. Apan - La Unión (Limites con el Estado de Tlaxcala)."	"Apan"	NA	"DGIVC"	"Considera trabajos para la reconstrucción y/o conservación de Infraestructura Carretera en la localidad de Apan municipio de Apan"	TRUE
"73_Apan"	73	"Apan"	"Infraestructura Carretera"	2023	"Reconstrucción de la carretera estatal Apan - La Unión"	"Apan"	NA	"DGIVC"	"Considera trabajos para la reconstrucción y/o conservación de Infraestructura Carretera en la localidad de Apan municipio de Apan"	TRUE
"74_Apan"	74	"Apan"	"Vialidades Urbanas"	2022	"Rehabilitación de la calle Jaime Nunó oriente del km 0+000 al km 0+766, en el municipio de Apan"	"Apan"	28792	"DGIVC"	"Considera los trabajos de preliminares, piso para pavimento de concreto hidráulico."	TRUE
"744_Pachuca de Soto"	744	"Pachuca de Soto"	"Infraestructura Carretera"	2023	"Reconstrucción asfáltica y rehabilitación del Río de las Avenidas en el municipio de Pachuca de Soto"	"Pachuca de Soto"	NA	"DGCCE"	"Considera trabajos para la reconstrucción y/o conservación de Infraestructura Carretera en la localidad de Pachuca de Soto municipio de Pachuca de Soto"	TRUE
"745_Pachuca de Soto"	745	"Pachuca de Soto"	"Infraestructura Carretera"	2023	"Rehabilitación de Carpeta Asfáltica en el Blvd. Everardo Márquez, en la Colonia Periodistas, en el Municipio de Pachuca"	"Pachuca de Soto"	NA	"DGCCE"	"Considera trabajos para la reconstrucción y/o conservación de Infraestructura Carretera en la localidad de Pachuca de Soto municipio de Pachuca de Soto"	TRUE
"746_Pachuca de Soto"	746	"Pachuca de Soto"	"Infraestructura Carretera"	2023	"Rehabilitación de pavimento asfáltico, Boulevard Nuevo Hidalgo tramo Blvd. Rojo Gómez - Blvd. Colosio"	"Pachuca de Soto"	NA	"DGIVC"	"Considera trabajos para la reconstrucción y/o conservación de Infraestructura Carretera en la localidad de Pachuca de Soto municipio de Pachuca de Soto"	TRUE
"747_Pachuca de Soto"	747	"Pachuca de Soto"	"Infraestructura Carretera"	2023	"Rehabilitación de pavimento asfáltico, Antigua Carretera México - Pachuca, colonia Santa Julia"	"Pachuca de Soto"	NA	"DGIVC"	"Considera trabajos para la reconstrucción y/o conservación de Infraestructura Carretera en la localidad de Pachuca de Soto municipio de Pachuca de Soto"	TRUE
"748_Pachuca de Soto"	748	"Pachuca de Soto"	"Vialidades Urbanas"	2023	"Pavimentación y construcción de drenaje sanitario de Avenida Principal en colonia Ampliación El Palmar; municipio de Pachuca de Soto."	"Pachuca de Soto"	NA	"DGIVC"	"Considera trabajos en la rehabilitación y/o mejoramiento de las vialidades urbanas en el muncipio de Pachuca de Soto"	TRUE
"749_Pachuca de Soto"	749	"Pachuca de Soto"	"Vialidades Urbanas"	2023	"Boulevard Minero (crucero semaforizado para acceso a Centro de Justicia); en el municipio de Pachuca de Soto"	"Pachuca de Soto"	NA	"DGCCE"	"Considera trabajos en la rehabilitación y/o mejoramiento de las vialidades urbanas en el muncipio de Pachuca de Soto"	TRUE
"75_Apan"	75	"Apan"	"Vialidades Urbanas"	2022	"Rehabilitación de avenida Morelos, entre Av. Reforma y Av. Zaragoza, colonia Centro, municipio de Apan"	"Apan"	NA	"DGIVC"	"Considera trabajos en la rehabilitación y/o mejoramiento de las vialidades urbanas en la localidad de Apan muncipio de Apan"	TRUE
"750_Pachuca de Soto"	750	"Pachuca de Soto"	"Vialidades Urbanas"	2023	"Rehabilitación de calle Principal, en la colonia San Cayetano; en el municipio de Pachuca de Soto."	"Pachuca de Soto"	NA	"DGOPI"	"Considera los trabajos de preliminares, piso para pavimento de concreto hidráulico."	TRUE
"751_Pachuca de Soto"	751	"Pachuca de Soto"	"Vialidades Urbanas"	2023	"Rehabilitación de Circuito 11 de Julio, colonia 11 de Julio; en el municipio de Pachuca de Soto."	"Pachuca de Soto"	NA	"DGOPI"	"Considera trabajos en la rehabilitación y/o mejoramiento de las vialidades urbanas en el muncipio de Pachuca de Soto"	TRUE
"752_Pachuca de Soto"	752	"Pachuca de Soto"	"Vialidades Urbanas"	2023	"Reconstrucción de carpeta asfáltica Av. Ayuntamiento y Prolongación Ayuntamiento, en fraccionamiento Colosio, en el municipio de Pachuca de Soto."	"Pachuca de Soto"	NA	"DGIVC"	"Se realizan los siguientes trabajos: trazo y nivelación de plazas, suministro y aplicación de carpeta asfáltica compactado,  en el municipio de Pachuca de Soto"	TRUE
"753_Pachuca de Soto"	753	"Pachuca de Soto"	"Vialidades Urbanas"	2023	"Reconstrucción de carpeta asfáltica Av. Piracantos (2 Cuerpos), en fraccionamiento Piracantos, en el municipio de Pachuca de Soto."	"Pachuca de Soto"	NA	"DGIVC"	"Se realizan los siguientes trabajos: trazo y nivelación de plazas, suministro y aplicación de carpeta asfáltica compactado,  en el municipio de Pachuca de Soto"	TRUE
"754_Pachuca de Soto"	754	"Pachuca de Soto"	"Vialidades Urbanas"	2023	"Pavimentación asfáltica en la localidad de San Miguel Cerezo;en el Municipio de Pachuca de Soto"	"Pachuca de Soto"	NA	"DGOPI"	"Considera los trabajos de capa subbase, riego de impregnación, suministro y aplicación de riego de liga con emulsión asfáltica"	TRUE
"755_Pachuca de Soto"	755	"Pachuca de Soto"	"Vialidades Urbanas"	2023	"Rehabilitación de acceso a fraccionamiento Bosques del Peñar en el municipio de Pachuca de Soto"	"Pachuca de Soto"	NA	"DGOPI"	"Considera trabajos en la rehabilitación y/o mejoramiento de las vialidades urbanas en el muncipio de Pachuca de Soto"	TRUE
"756_Pachuca de Soto"	756	"Pachuca de Soto"	"Vialidades Urbanas"	2023	"Rehabilitación de calle principal colonia Santa Julia; en el municipio de Pachuca de Soto"	"Pachuca de Soto"	NA	"DGOPI"	"Considera los trabajos de preliminares, piso para pavimento de concreto hidráulico."	TRUE
"757_Pachuca de Soto"	757	"Pachuca de Soto"	"Vialidades Urbanas"	2023	"Rehabilitación de carpeta asfáltica de 1.70 km de calle Plan de San Luis del km 0+000 al km. 1+700 en la col. 20 de Noviembre en el municipio de Pachuca de Soto"	"Pachuca de Soto"	NA	"DGIVC"	"Se realizan los siguientes trabajos: trazo y nivelación de plazas, suministro y aplicación de carpeta asfáltica compactado."	TRUE
"758_Pachuca de Soto"	758	"Pachuca de Soto"	"Vialidades Urbanas"	2023	"Rehabilitación de Av. Ayuntamiento en fraccionamiento Colosio; municipio de Pachuca de Soto"	"Pachuca de Soto"	NA	"DGIVC"	"Considera trabajos en la rehabilitación y/o mejoramiento de las vialidades urbanas en el muncipio de Pachuca de Soto"	TRUE
"759_Pachuca de Soto"	759	"Pachuca de Soto"	"Vialidades Urbanas"	2023	"Rehabilitación de calle principal, colonia Cubitos; en el municipio de Pachuca de Soto"	"Pachuca de Soto"	NA	"DGOPI"	"Considera los trabajos de preliminares, piso para pavimento de concreto hidráulico."	TRUE
"76_Apan"	76	"Apan"	"Espacios Públicos"	2024	"Rehabilitación de CGI de Apan"	"Apan"	28792	"DGOPI"	"Considera trabajos en infraestructura del Espacio Público en el municipio de Apan."	TRUE
"760_Pachuca de Soto"	760	"Pachuca de Soto"	"Vialidades Urbanas"	2023	"Reconstrucción de concreto hidráulico de calle Canarios y calle 24 de Febrero, San Antonio el Desmonte; en el municipio de Pachuca de Soto"	"Pachuca de Soto"	NA	"DGOPI"	"Considera los trabajos de preliminares, riego de impregnación, piso para pavimento de concreto hidráulico."	TRUE
"761_Pachuca de Soto"	761	"Pachuca de Soto"	"Vialidades Urbanas"	2023	"Rehabilitación de acceso principal a colonia Loma Bonita; municipio de Pachuca de Soto."	"Pachuca de Soto"	NA	"DGIVC"	"Considera trabajos en la rehabilitación y/o mejoramiento de las vialidades urbanas en el muncipio de Pachuca de Soto"	TRUE
"762_Pachuca de Soto"	762	"Pachuca de Soto"	"Vialidades Urbanas"	2023	"Rehabilitación de calle principal en la colonia Real Toledo; municipio de Pachuca de Soto."	"Pachuca de Soto"	NA	"DGIVC"	"Considera los trabajos de preliminares, piso para pavimento de concreto hidráulico."	TRUE
"763_Pachuca de Soto"	763	"Pachuca de Soto"	"Vialidades Urbanas"	2023	"Rehabilitación de Av. Federalismo, colonia El Palmar; en el municipio de Pachuca de Soto."	"Pachuca de Soto"	NA	"DGIVC"	"Considera trabajos en la rehabilitación y/o mejoramiento de las vialidades urbanas en el muncipio de Pachuca de Soto"	TRUE
"764_Pachuca de Soto"	764	"Pachuca de Soto"	"Vialidades Urbanas"	2023	"Rehabilitación de Av. Principal, en la colonia Plutarco Elías Calles; en el municipio de Pachuca de Soto."	"Pachuca de Soto"	NA	"DGIVC"	"Considera los trabajos de preliminares, piso para pavimento de concreto hidráulico."	TRUE
"765_Pachuca de Soto"	765	"Pachuca de Soto"	"Vialidades Urbanas"	2023	"Reconstrucción del Boulevard Centenario de la Revolución de 1910; en el municipio de Pachuca de Soto."	"Pachuca de Soto"	NA	"DGOPI"	"Considera trabajos en la rehabilitación y/o mejoramiento de las vialidades urbanas en el muncipio de Pachuca de Soto"	TRUE
"766_Pachuca de Soto"	766	"Pachuca de Soto"	"Vialidades Urbanas"	2023	"Reconstrucción de carpeta asfáltica en calle General Nicolás Flores del km. 0+000 al km. 0+600 en la colonia Juan C. Doria, municipio de Pachuca de Soto"	"Pachuca de Soto"	NA	"DGIVC"	"Se realizan los siguientes trabajos: trazo y nivelación de plazas, suministro y aplicación de carpeta asfáltica compactado."	TRUE
"767_Pachuca de Soto"	767	"Pachuca de Soto"	"Vialidades Urbanas"	2023	"Rehabilitación de calle principal, colonia El Arbolito; en el municipio de Pachuca de Soto."	"Pachuca de Soto"	NA	"DGOPI"	"Considera los trabajos de preliminares, piso para pavimento de concreto hidráulico."	TRUE
"768_Pachuca de Soto"	768	"Pachuca de Soto"	"Vialidades Urbanas"	2023	"Construcción de pavimento de concreto hidráulico en Calle Valle de Cerato, en el municipio de Pachuca."	"Pachuca de Soto"	NA	"DGCCE"	"Considera los trabajos de preliminares, riego de impregnación, piso para pavimento de concreto hidráulico."	TRUE
"769_Pachuca de Soto"	769	"Pachuca de Soto"	"Vialidades Urbanas"	2023	"Construcción de Pavimento de Concreto Hidráulico en Calle Alfonso Corona del Rosal, en el Municipio de Pachuca."	"Pachuca de Soto"	NA	"DGCCE"	"Considera los trabajos de preliminares, riego de impregnación, piso para pavimento de concreto hidráulico."	TRUE
"77_Apan"	77	"Apan"	"Espacios Públicos"	2024	"Obras complementarias para la operación de la línea de transmisión LT230KV., en el municipio de Apan."	"Apan"	NA	"DGEP"	"Considera trabajos en infraestructura eléctrica en el municipio de Apan."	TRUE
"770_Pachuca de Soto"	770	"Pachuca de Soto"	"Vialidades Urbanas"	2023	"Pavimentación hidráulica en la calle 9 en la Colonia Parque de Poblamiento, en el Municipio de Pachuca."	"Pachuca de Soto"	NA	"DGCCE"	"Considera los trabajos de preliminares, piso para pavimento de concreto hidráulico."	TRUE
"771_Pachuca de Soto"	771	"Pachuca de Soto"	"Vialidades Urbanas"	2023	"Construcción de pavimento de concreto hidráulico, banquetas y guarniciones en las Calles Campo de Tiro y Alfonso Corona del Rosal, en el Municipio de Pachuca."	"Pachuca de Soto"	NA	"DGCCE"	"Considera los trabajos de preliminares, riego de impregnación, piso para pavimento de concreto hidráulico."	TRUE
"772_Pachuca de Soto"	772	"Pachuca de Soto"	"Vialidades Urbanas"	2023	"Rehabilitación de Carpeta Asfáltica en la Calle Felipe Angeles, en la Colonia Periodistas, en el Municipio de Pachuca.."	"Pachuca de Soto"	NA	"DGCCE"	"Se realizan los siguientes trabajos: trazo y nivelación de plazas, suministro y aplicación de carpeta asfáltica compactado."	TRUE
"773_Pachuca de Soto"	773	"Pachuca de Soto"	"Vialidades Urbanas"	2023	"Pavimentación Hidráulica en la Calle 8 en la Colonia Parque de Poblamiento, en el Municipio de Pachuca."	"Pachuca de Soto"	NA	"DGOPI"	"Considera los trabajos de preliminares, piso para pavimento de concreto hidráulico."	TRUE
"774_Pachuca de Soto"	774	"Pachuca de Soto"	"Vialidades Urbanas"	2023	"Pavimentación Hidráulica en la Calle Andador 1-A Manzana M en el Fraccionamiento Plutarco Elías Calles, en el Municipio de Pachuca."	"Pachuca de Soto"	NA	"DGOPI"	"Considera los trabajos de preliminares, piso para pavimento de concreto hidráulico."	TRUE
"775_Pachuca de Soto"	775	"Pachuca de Soto"	"Vialidades Urbanas"	2023	"Rehabilitación de pavimento asfáltico, Av. Universidad - Entronque Blvd. Colosio"	"Pachuca de Soto"	NA	"DGOPI"	"Se realizan los siguientes trabajos: trazo y nivelación de plazas, suministro y aplicación de carpeta asfáltica compactado,  en el municipio de Pachuca de Soto"	TRUE
"776_Pachuca de Soto"	776	"Pachuca de Soto"	"Vialidades Urbanas"	2022	"Pavimentación hidráulica en calle Justo Sierra, colonia San Antonio el Desmonte, municipio de Pachuca de Soto"	"Pachuca de Soto"	NA	"DGIVC"	"Considera los trabajos de preliminares, piso para pavimento de concreto hidráulico."	TRUE
"777_Pachuca de Soto"	777	"Pachuca de Soto"	"Vialidades Urbanas"	2022	"Construcción de pavimentación de concreto asfáltico en calle Otilio Vargas del fraccionamiento Juan C. Doria, municipio de Pachuca de Soto"	"Pachuca de Soto"	NA	"DGIVC"	"Considera los trabajos de preliminares, piso para pavimento de concreto hidráulico."	TRUE
"778_Pachuca de Soto"	778	"Pachuca de Soto"	"Vialidades Urbanas"	2022	"Pavimentación hidráulica de calle Chapultepec, colonia ampliación San Antonio, municipio de Pachuca de Soto"	"Pachuca de Soto"	NA	"DGIVC"	"Considera los trabajos de preliminares, piso para pavimento de concreto hidráulico."	TRUE
"78_Apan"	78	"Apan"	"Infraestructura Carretera"	2025	"Terminación de la C.E. Chimalpa - Cárdenas - San Juan Ixtilmaco y obras complementarias, en el municipio de Apan"	"Apan"	NA	"SIPDUS"	NA	TRUE
"79_Apan"	79	"Apan"	"Infraestructura Carretera"	2025	"Construcción de pavimentación asfáltica en la C.E. Acopinalco - Apan (primera etapa), en el municipio de Apan"	"Apan"	NA	"SIPDUS"	NA	TRUE
"8_Acaxochitlán"	8	"Acaxochitlán"	"Infraestructura Carretera"	2025	"Reconstrucción de la C.E. San Pedro Tlachichilco - Honey, (Primera etapa) en el municipio de Acaxochitlán"	"Acaxochitlán"	NA	"SIPDUS"	NA	TRUE
"80_Apan"	80	"Apan"	"Infraestructura Hídrica"	2024	"Perforación exploratoria y terminación de pozo para uso público urbano, en la localidad de El Tigre, municipio de Apan, Hidalgo."	"El Tigre"	147	"CEAA"	"Considera los trabajos de preliminares, perforación de pozo en la localidad de El Tigre municipio de Apan El Tigre municipio de Apan"	TRUE
"81_Apan"	81	"Apan"	"Vialidades Urbanas"	2024	"Construcción de pavimentación de concreto hidráulico en acceso a la localidad La Laguna,municipio de Apan."	"La Laguna"	1740	"DGCCE"	"Considera los trabajos de preliminares, riego de impregnación, piso para pavimento de concreto hidráulico."	TRUE
"82_Apan"	82	"Apan"	"Infraestructura Carretera"	2023	"Reconstrucción de la C.E. Chimalpa -Cárdenas, en el municipio de Apan"	"Lázaro Cárdenas"	2957	"DGIVC"	"Considera trabajos para la reconstrucción y/o conservación de Infraestructura Carretera en la localidad de Lázaro Cárdenas municipio de Apan"	TRUE
"83_Apan"	83	"Apan"	"Infraestructura Carretera"	2023	"Rehabilitación de carretera de acceso a Malayerba; en el municipio de Apan"	"Malayerba"	484	"DGIVC"	"Considera trabajos para la reconstrucción y/o conservación de Infraestructura Carretera en la localidad de Malayerba municipio de Apan"	TRUE
"84_Apan"	84	"Apan"	"Infraestructura Carretera"	2024	"Construcción de cunetas y obras de drenaje para protección del acceso a Malayerba, municipio de Apan"	"Malayerba"	484	"DGIVC"	"Considera trabajos para la reconstrucción y/o conservación de Infraestructura Carretera en la localidad de Malayerba municipio de Apan"	TRUE
"85_Apan"	85	"Apan"	"Infraestructura Carretera"	2024	"Construcción de pavimentación asfáltica Acceso a Jiquilpan, en el municipio de Apan."	"San José Jiquilpan"	814	"DGIVC"	"Considera los trabajos de capa subbase, riego de impregnación, suministro y aplicación de riego de liga con emulsión asfáltica"	TRUE
"86_Apan"	86	"Apan"	"Infraestructura Carretera"	2023	"Reconstrucción de carpeta asfáltica de la C.E. Cárdenas - San Juan Ixtilmaco, en el municipio de Apan."	"San Juan Ixtilmaco"	4831	"DGIVC"	"Considera trabajos para la reconstrucción y/o conservación de Infraestructura Carretera en la localidad de San Juan Ixtilmaco municipio de Apan"	TRUE
"87_Atitalaquia"	87	"Atitalaquia"	"Infraestructura Carretera"	2025	"Modernización de carretera Tlaxcoapan - Apaxco (tramo El Tablón - Texas) con concreto hidráulico, municipio de Atitalaquia"	"Atitalaquia"	NA	"SIPDUS"	NA	TRUE
"88_Atitalaquia"	88	"Atitalaquia"	"Infraestructura Carretera"	2024	"Construcción de libramiento del Dendho a la carretera Tula - Jorobas, en el municipio de Atitalaquia."	"Cardonal"	12081	"DGCCE"	"Considera los trabajos de terracerías, formación de sub-base, construcción de base hidráulica, riego de impregnación, carpeta asfáltica, señalamiento horizontal, trabajos complementarios, guarniciones y banquetas."	TRUE
"89_Atitalaquia"	89	"Atitalaquia"	"Infraestructura Carretera"	2023	"Pavimentación asfáltica del libramiento Atitalaquia - Tlaxcoapan, municipio de Atitalaquia"	"Tlalminulpa"	21613	"DGIVC"	"Considera los trabajos de capa subbase, riego de impregnación, suministro y aplicación de riego de liga con emulsión asfáltica"	TRUE
"9_Acaxochitlán"	9	"Acaxochitlán"	"Infraestructura Hídrica"	2023	"Construcción de sanitario con biodigestor, en el municipio de Acaxochitlán"	"Apapaxtla El Grande (Altamira)"	32	"SIPDUS"	"Considera los trabajos instalación hidráulica, instalación eléctrica, instalación de biodigestor, acabados y albañilería, excavación de biodigestor."	TRUE
"90_Atitalaquia"	90	"Atitalaquia"	"Infraestructura Hídrica"	2023	"Ampliación de drenaje sanitario Villa Mil - La Alcantarilla, en la localidad de Tlamaco; en el municipio de Atitalaquia"	"Tlamaco (San Gerónimo Tlamaco)"	3885	"SIPDUS"	"Considera los trabajos de excavaciones y rellenos, descargas domiciliarias, pozos de visita, red de drenaje."	TRUE
"91_Atitalaquia"	91	"Atitalaquia"	"Vialidades Urbanas"	2022	"Pavimentación asfáltica de calle Felipe Ángeles, localidad de Tlamaco, municipio de Atitalaquia"	"Tlamaco (San Gerónimo Tlamaco)"	3885	"DGIVC"	"Considera los trabajos de capa subbase, riego de impregnación, suministro y aplicación de riego de liga con emulsión asfáltica"	TRUE
"92_Atitalaquia"	92	"Atitalaquia"	"Infraestructura Carretera"	2023	"Pavimentación asfáltica de la carretera Refinería - Bojay, en el municipio de Atitalaquia."	"Unidad Habitacional Antonio Osorio de León (Bojay)"	6924	"DGIVC"	"Considera los trabajos de capa subbase, riego de impregnación, suministro y aplicación de riego de liga con emulsión asfáltica"	TRUE
"93_Atlapexco"	93	"Atlapexco"	"Vialidades Urbanas"	2023	"Construcción de Pavimentación Hidráulica en la Localidad de Achiquihuxtla en Barrio Achiquihuxtla I, Calle La Curva, en el Municipio de Atlapexco."	"Achiquihuixtla"	899	"DGCCE"	"Considera los trabajos de preliminares, piso para pavimento de concreto hidráulico."	TRUE
"935_Pacula"	935	"Pacula"	"Infraestructura Hídrica"	2022	"Construcción de sanitario con biodigestor, en el municipio de Pacula"	"La Mohonera"	60	"SIPDUS"	"Considera los trabajos instalación hidráulica, instalación eléctrica, instalación de biodigestor, acabados y albañilería, excavación de biodigestor."	TRUE
"936_Pacula"	936	"Pacula"	"Vialidades Urbanas"	2024	"Rehabilitación de pavimento de concreto hidráulico en calle de acceso principal en la localidad de Pacula, municipio de Pacula"	"Pacula"	540	"DGOPI"	"Considera los trabajos de preliminares, riego de impregnación, piso para pavimento de concreto hidráulico."	TRUE
"937_Pacula"	937	"Pacula"	"Infraestructura Hídrica"	2025	"Terminación de la construcción de línea Conducción para agua potable, derivación La Puerta-Jiliapan, Los Fresnos, Canoas y Jiliapan en el municipio de Pacula"	"Pacula"	NA	"SIPDUS"	NA	TRUE
"938_Pacula"	938	"Pacula"	"Infraestructura Carretera"	2023	"Pavimentación de Concreto Hidráulico en vía principal de acceso a la localidad de San Francisco."	"San Francisco"	497	"DGOPI"	"Considera los trabajos de preliminares, riego de impregnación, piso para pavimento de concreto hidráulico."	TRUE
"94_Atlapexco"	94	"Atlapexco"	"Infraestructura Hídrica"	2024	"PTAR Atlatipa Huitzotlaco.- Reposición de Equipo de Bombeo de 7.5 H.P. Paneles Solares, desazolve de estructuras de planta y cercado perimetral (80 m)."	"Atlaltipa Huitzotlaco"	383	"CEAA"	"Ejecuta trabajos para el mantenimiento y mejoramiento de la Planta de tratamiento en la localidad de Atlaltipa Huitzotlaco municipio de Atlapexco."	TRUE
"941_Pisaflores"	941	"Pisaflores"	"Infraestructura Carretera"	2024	"Rehabilitación del C.R. El Rayo - Bonigú, municipio de Pisaflores"	"El Rayo"	967	"DGIVC"	"Considera los trabajos de preliminares, revestimiento de camino en la localidad de El Rayo municipio de Pisaflores"	TRUE
"942_Pisaflores"	942	"Pisaflores"	"Vialidades Urbanas"	2023	"Pavimentación de concreto hidráulico en la Calle Principal, en la localidad de La Escondida; en el municipio de Pisaflores."	"Escondida de San Rafael"	494	"DGCCE"	"Considera los trabajos de preliminares, riego de impregnación, piso para pavimento de concreto hidráulico."	TRUE
"943_Pisaflores"	943	"Pisaflores"	"Vialidades Urbanas"	2023	"Pavimentación de concreto hidráulico en calle de la localidad La Gargantilla; en el municipio de Pisaflores."	"Gargantilla"	776	"DGCCE"	"Considera los trabajos de preliminares, riego de impregnación, piso para pavimento de concreto hidráulico."	TRUE
"944_Pisaflores"	944	"Pisaflores"	"Infraestructura Carretera"	2023	"Construcción de Pavimentación Hidráulica La Peña a Tlacuilola en el municipio de Pisaflores."	"La Peña"	891	"DGCCE"	"Considera los trabajos de preliminares y pavimento hidráulico."	TRUE
"945_Pisaflores"	945	"Pisaflores"	"Infraestructura Carretera"	2023	"Modernización del camino El Rayo en el municipio de Pisaflores"	"Pisaflores"	967	"DGOPI"	"Considera los trabajos de modernización del camino en la localidad de Pisaflores municipio de Pisaflores."	TRUE
"946_Pisaflores"	946	"Pisaflores"	"Infraestructura Carretera"	2024	"Construcción de pavimento tramo Rancho Nuevo a La Lomita, en el municipio de Pisaflores"	"Rancho Nuevo"	712	"DGIVC"	"Considera los trabajos de preliminares y pavimento en la localidad de Rancho Nuevo municipio de Pisaflores."	TRUE
"947_Pisaflores"	947	"Pisaflores"	"Vialidades Urbanas"	2023	"Pavimentación de concreto hidráulico de la Calle Principal, en la localidad de San Pedro Xochicuaco; en el municipio de Pisaflores."	"San Pedro Xochicuaco"	562	"DGCCE"	"Considera los trabajos de preliminares, riego de impregnación, piso para pavimento de concreto hidráulico."	TRUE
"95_Atlapexco"	95	"Atlapexco"	"Espacios Públicos"	2024	"Construcción de la casa de la mujer indígena 1er etapa en el municipio de Atlapexco"	"Atlapexco"	2960	"PI"	"Considera trabajos en infraestructura del Espacio Público en el municipio de Atlapexco."	TRUE
"953_Progreso de Obregón"	953	"Progreso de Obregón"	"Vialidades Urbanas"	2023	"Construcción de pavimentación de calle Felipe Ángeles a Hidroeléctrica Elba: Tramo 0+000 - 1+680"	"Progreso de Obregón"	17718	"DGIVC"	"Considera los trabajos de preliminares, piso para pavimento de concreto hidráulico."	TRUE
"954_San Agustín Metzquititlán"	954	"San Agustín Metzquititlán"	"Infraestructura Hídrica"	2022	"Construcción de sistema integral de agua potable San Agustín Metzquititlán, etapa dos de seis."	"Apartadero"	102	"CEAA"	"Considera los trabajos de líneas de distribución con la instalación de tubería, tomas domiciliarias. en la localidad de Apartadero municipio de  San Agustín Metzquititlán"	TRUE
"955_San Agustín Metzquititlán"	955	"San Agustín Metzquititlán"	"Infraestructura Hídrica"	2023	"Construcción de sistema integral de agua potable San Agustín Metzquititlán, etapa tres de seis."	"Apartadero"	102	"CEAA"	"Considera los trabajos de líneas de distribución con la instalación de tubería, tomas domiciliarias. en la localidad de Apartadero municipio de  San Agustín Metzquititlán"	TRUE
"957_San Agustín Metzquititlán"	957	"San Agustín Metzquititlán"	"Vialidades Urbanas"	2022	"Construcción de pavimento de concreto hidráulico en la comunidad de San Nicolás Atecoxco, municipio de San Agustín Metzquititlán"	"Atecoxco (San Nicolás Atecoxco)"	617	"DGCCE"	"Considera los trabajos de preliminares, riego de impregnación, piso para pavimento de concreto hidráulico."	TRUE
"958_San Agustín Metzquititlán"	958	"San Agustín Metzquititlán"	"Infraestructura Carretera"	2023	"Reconstrucción de la C.E. Enzuelado - Carpinteros (Segunda Etapa)"	"Carpinteros"	1671	"DGCCE"	"Considera trabajos para la reconstrucción y/o conservación de Infraestructura Carretera en la localidad de Carpinteros municipio de San Agustín Metzquititlán"	TRUE
"959_San Agustín Metzquititlán"	959	"San Agustín Metzquititlán"	"Infraestructura Carretera"	2022	"Reconstrucción de la carretera estatal Enzuelado - Carpinteros, municipio de San Agustín Mezquititlán"	"El Enzuelado"	195	"DGCCE"	"Considera trabajos para la reconstrucción y/o conservación de Infraestructura Carretera en la localidad de El Enzuelado municipio de San Agustín Metzquititlán"	TRUE
"96_Atlapexco"	96	"Atlapexco"	"Infraestructura Hídrica"	2024	"Construcción de sistema de agua potable en la localidad de Atotomoc, en el municipio de Atlapexco"	"Atotomoc"	738	"DGCCE"	"Considera los trabajos de líneas de distribución con la instalación de tubería, tomas domiciliarias. en la localidad deAtotomoc municipio de  Atlapexco"	TRUE
"960_San Agustín Metzquititlán"	960	"San Agustín Metzquititlán"	"Infraestructura Hídrica"	2023	"Construcción de tanque de agua potable en San Agustín Metzquititlán"	"Tuzanapa"	838	"SIPDUS"	"Considera los trabajos de herrería, rehabilitación de tanque, estructura, demasías y llegada de agua, preliminares de tanque, rellenos en área de tanque, caseta de bombeo (rehabilitación)."	TRUE
"961_San Agustín Metzquititlán"	961	"San Agustín Metzquititlán"	"Infraestructura Carretera"	2024	"Reconstrucción de la C.E. Tuzanapa - C.E. El Enzuelado Carpinteros, San Agustín Metzquititlán"	"Tuzanapa"	838	"DGOPI"	"Considera trabajos para la reconstrucción y/o conservación de Infraestructura Carretera en la localidad de Tuzanapa municipio de San Agustín Metzquititlán"	TRUE
"963_San Agustín Tlaxiaca"	963	"San Agustín Tlaxiaca"	"Vialidades Urbanas"	2023	"Rehabilitación asfáltica de la Av. Nicolas Bravo, Bo. Casa Grande en San Agustín Tlaxiaca"	"Casa Grande (Barrio)"	6	"DGOPI"	"Se realizan los siguientes trabajos: trazo y nivelación de plazas, suministro y aplicación de carpeta asfáltica compactado,  en el municipio de San Agustín Tlaxiaca"	TRUE
"964_San Agustín Tlaxiaca"	964	"San Agustín Tlaxiaca"	"Vialidades Urbanas"	2023	"Construcción de empedrado Av. de Las Rosas, municipio de San Agustín Tlaxiaca"	"Casa Grande (Barrio)"	NA	"DGOPI"	"Considera trabajos en la rehabilitación y/o mejoramiento de las vialidades urbanas en la localidad de Casa Grande (Barrio) muncipio de San Agustín Tlaxiaca"	TRUE
"965_San Agustín Tlaxiaca"	965	"San Agustín Tlaxiaca"	"Infraestructura Hídrica"	2024	"Perforación de pozo para agua potable Temoaya en Guadalupe Victoria (Colonia)"	"Guadalupe Victoria [Colonia]"	141	"CEAA"	"Considera los trabajos de preliminares, perforación de pozo en la localidad de Guadalupe Victoria [Colonia] municipio de San Agustín Tlaxiaca"	TRUE
"966_San Agustín Tlaxiaca"	966	"San Agustín Tlaxiaca"	"Vialidades Urbanas"	2023	"Reconstrucción de pavimentación asfáltica en calle Francisco Javier Mina, en la localidad de Ixcuinquitlapilco; en el municipio de San Agustín Tlaxiaca."	"Ixcuinquitlapilco"	2543	"DGIVC"	"Considera los trabajos de la operación de escarificación, disgregado, construcción de base hidráulica, suministro y aplicación de riego de liga con emulsión asfáltica."	TRUE
"968_San Agustín Tlaxiaca"	968	"San Agustín Tlaxiaca"	"Espacios Públicos"	2023	"Remodelación del inmueble ubicado en carretera Pachuca - Actopan sin número, colonia San Juan Tilcuautla, San Agustín Tlaxiaca, Hidalgo, para el mantenimiento integral complementario en la Ex Hacienda de La Concepción consistente en fachadas interiores y exteriores, impermeabilización de lozas y rehabilitación de cocina"	"La Concepción"	NA	"DGOPI"	"Considera trabajos en infraestructura del Espacio Público en la localidad La Concepción el municipio de San Agustín Tlaxiaca."	TRUE
"969_San Agustín Tlaxiaca"	969	"San Agustín Tlaxiaca"	"Espacios Públicos"	2023	"Rehabilitación de luminarias en el DESCTI."	"San Agustín Tlaxiaca"	12328	"DGOPI"	"Considera trabajos en infraestructura del eléctrica en el municipio de San Agustín Tlaxiaca."	TRUE
"97_Atlapexco"	97	"Atlapexco"	"Infraestructura Carretera"	2023	"Modernización y ampliación del camino (Atlapexco - Calnali) - Tlachapa - Atlajco - Cochotla, municipio de Atlapexco"	"Cochotla"	1410	"DGCCE"	"Considera los trabajos  de modernización y ampliación del camino en la localidad de Cochotla municipio de Atlapexco"	TRUE
"970_San Agustín Tlaxiaca"	970	"San Agustín Tlaxiaca"	"Espacios Públicos"	2023	"Ampliación del Centro de Identificación Humana para el Resguardo Temporal de Hidalgo."	"San Agustín Tlaxiaca"	NA	"DGOPI"	"Considera trabajos en infraestructura en Seguridad Pública en el municipio de San Agustín Tlaxiaca."	TRUE
"971_San Agustín Tlaxiaca"	971	"San Agustín Tlaxiaca"	"Espacios Públicos"	2023	"Dictaminación y proyectos complementarios de la obra sustitución y ampliación del Hospital General de Pachuca"	"San Agustín Tlaxiaca"	NA	"DGEP"	"Considera la dictaminación y proyecto del Hospital General de Pachuca"	TRUE
"972_San Agustín Tlaxiaca"	972	"San Agustín Tlaxiaca"	"Espacios Públicos"	2022	"Trabajos complementarios del nuevo Hospital General de Pachuca (cuarto hidráulico, gases medicinales, autoclaves, construcción de paso cubierto, rehabilitación del tanque regulador y zampeado de taludes)"	"San Agustín Tlaxiaca"	NA	"DGIVC"	"Considera trabajos en infraestructura de salud en el municipio de San Agustín Tlaxiaca."	TRUE
"973_San Agustín Tlaxiaca"	973	"San Agustín Tlaxiaca"	"Espacios Públicos"	2022	"Centro de identificación humana para resguardo temporal de Hidalgo (obra exterior)"	"San Agustín Tlaxiaca"	NA	"DGOPI"	"Considera trabajos en infraestructura en Seguridad Pública en el Centro de identificación humana del municipio de San Agustín Tlaxiaca."	TRUE
"974_San Agustín Tlaxiaca"	974	"San Agustín Tlaxiaca"	"Espacios Públicos"	2022	"Gestoría y acometida para la sustitución y ampliación del Hospital General de Pachuca, (servicios generales)"	"San Agustín Tlaxiaca"	NA	"DGEP"	"Considera trabajos en infraestructura de salud en el municipio de San Agustín Tlaxiaca."	TRUE
"975_San Agustín Tlaxiaca"	975	"San Agustín Tlaxiaca"	"Espacios Públicos"	2022	"Gestoría y acometida para la sustitución y ampliación del Hospital General de Pachuca, (urgencias)"	"San Agustín Tlaxiaca"	NA	"DGEP"	"Considera trabajos en infraestructura de salud en el municipio de San Agustín Tlaxiaca."	TRUE
"976_San Agustín Tlaxiaca"	976	"San Agustín Tlaxiaca"	"Infraestructura Carretera"	2023	"Reconstrucción de pavimentación asfáltica en camino Benito Juárez - Llano Largo, municipio de San Agustín Tlaxiaca"	"San Agustín Tlaxiaca"	NA	"DGCCE"	"Considera los trabajos de la operación de escarificación, disgregado, construcción de base hidráulica, suministro y aplicación de riego de liga con emulsión asfáltica."	TRUE
"977_San Agustín Tlaxiaca"	977	"San Agustín Tlaxiaca"	"Infraestructura Carretera"	2022	"Reconstrucción de la carretera estatal Tecamatl - Ajacuba, municipios de San Agustín Tlaxiaca y Ajacuba"	"San Agustín Tlaxiaca"	12328	"DGOPI"	"Considera trabajos para la reconstrucción y/o conservación de Infraestructura Carretera en la localidad de San Agustín Tlaxiaca municipio de San Agustín Tlaxiaca"	TRUE
"978_San Agustín Tlaxiaca"	978	"San Agustín Tlaxiaca"	"Vialidades Urbanas"	2023	"Reconstrucción de pavimentación asfáltica en avenida Emilio Carranza, Sector Huizache, San Agustín Tlaxiaca"	"San Agustín Tlaxiaca"	NA	"DGCCE"	"Considera los trabajos de la operación de escarificación, disgregado, construcción de base hidráulica, suministro y aplicación de riego de liga con emulsión asfáltica."	TRUE
"979_San Agustín Tlaxiaca"	979	"San Agustín Tlaxiaca"	"Vialidades Urbanas"	2023	"Construcción de retorno en vialidad, Hospital General de Pachuca; en el municipio de San Agustín Tlaxiaca."	"San Agustín Tlaxiaca"	NA	"DGCCE"	"Considera trabajos en la rehabilitación y/o mejoramiento de las vialidades urbanas en la localidad de San Agustín Tlaxiaca muncipio de San Agustín Tlaxiaca"	TRUE
"98_Atlapexco"	98	"Atlapexco"	"Infraestructura Carretera"	2023	"Rehabilitación del tramo: E.C. Atlapexco-Cuatapa-Tenexco, del km 0+000 al km 3+900."	"Cuatapa"	923	"DGCCE"	"Se consideran trabajos de revestimiento, cunetas y limpieza de cunetas."	TRUE
"980_San Agustín Tlaxiaca"	980	"San Agustín Tlaxiaca"	"Espacios Públicos"	2024	"Construcción de acceso a la unidad deportiva y ciclovía, en el municipio de San Agustín Tlaxiaca"	"San Agustín Tlaxiaca"	12328	"DGOPI"	"Considera trabajos en infraestructura deportiva en el municipio de San Agustín Tlaxiaca."	TRUE
"981_San Agustín Tlaxiaca"	981	"San Agustín Tlaxiaca"	"Espacios Públicos"	2024	"Barda perimetral del centro de identificación humana y resguardo temporal de Hidalgo"	"San Agustín Tlaxiaca"	NA	"DGIVC"	"Considera trabajos en infraestructura en Seguridad Pública en el Centro de identificación humana del municipio de San Agustín Tlaxiaca."	TRUE
"982_San Agustín Tlaxiaca"	982	"San Agustín Tlaxiaca"	"Espacios Públicos"	2024	"Segunda etapa de la ampliación del Centro de Identificación Humana para el Resguardo Temporal de Hidalgo 2024"	"San Agustín Tlaxiaca"	NA	"DGOPI"	"Considera trabajos en infraestructura en Seguridad Pública en el Centro de identificación humana del municipio de San Agustín Tlaxiaca."	TRUE
"983_San Agustín Tlaxiaca"	983	"San Agustín Tlaxiaca"	"Vialidades Urbanas"	2024	"Pavimentación de concreto hidráulico en calle Teodora Cerón, Barrio Huizache, municipio de San Agustín Tlaxiaca"	"San Agustín Tlaxiaca"	NA	"DGOPI"	"Considera los trabajos de preliminares, riego de impregnación, piso para pavimento de concreto hidráulico."	TRUE
"984_San Agustín Tlaxiaca"	984	"San Agustín Tlaxiaca"	"Espacios Públicos"	2025	"Construcción de las oficinas de la DGCCE, Centro Estatal de Maquinaria y Laboratorio SIPDUS, en el municipio de San Agustín Tlaxiaca"	"San Agustín Tlaxiaca"	NA	"DGCCE"	"Construcción de las oficinas de la dirección general de control y coordinación estratégica (DGCCE), del centro estatal de maquinaria y del laboratorio SIPDUS"	TRUE
"985_San Agustín Tlaxiaca"	985	"San Agustín Tlaxiaca"	"Infraestructura Hídrica"	2022	"Equipamiento y cercado perimetral de pozo La Vega, San Juan Solis"	"San Juan Solís"	1762	"CEAA"	"Considera los trabajos para la rehabilitación y equipamiento de pozo en el municipio de Pachuca."	TRUE
"986_San Agustín Tlaxiaca"	986	"San Agustín Tlaxiaca"	"Infraestructura Hídrica"	2023	"Construcción de línea de conducción de agua potable en San Juan Solís, San Agustín Tlaxiaca"	"San Juan Solís"	1762	"CEAA"	"Considera los trabajos de instalación de tubería, rellenos con material producto de excavación, prueba de la tubería en la comunidad."	TRUE
"987_San Agustín Tlaxiaca"	987	"San Agustín Tlaxiaca"	"Infraestructura Carretera"	2024	"Reconstrucción asfáltica Paseo de Los Solares (dos cuerpos), municipio de San Agustín Tlaxiaca"	"San Juan Tilcuautla"	3070	"DGIVC"	"Considera trabajos para la reconstrucción y/o conservación de Infraestructura Carretera en la localidad de San Juan Tilcuautla municipio de San Agustin Tlaxiaca"	TRUE
"988_San Agustín Tlaxiaca"	988	"San Agustín Tlaxiaca"	"Espacios Públicos"	2023	"Laboratorio de Control de Calidad y Análisis de Materiales"	"San Juan Tilcuautla"	NA	"DGOPI"	"Considera trabajos en infraestructura del Espacio Público en la localidad de San Juan Tilcuautla el municipio de Acaxochitlán."	TRUE
"989_San Agustín Tlaxiaca"	989	"San Agustín Tlaxiaca"	"Espacios Públicos"	2022	"Contratación de trabajos para la sustitución de aplanado de muros internos, rehabilitación de instalaciones hidrosanitarias, sustitución de techumbres, mantenimiento eléctrico y de pisos en el inmueble que ocupa la Ex Hacienda la Concepción"	"San Juan Tilcuautla"	3070	"DGOPI"	"Considera trabajos en infraestructura del Espacio Público en la localidad de San Juan Tilcuautla el municipio de Acaxochitlán."	TRUE
"99_Atlapexco"	99	"Atlapexco"	"Infraestructura Carretera"	2023	"Rehabilitación del tramo: Huitzotlaco - Ecuatitla, del km 0+000 al km 7+500"	"Huitzotlaco"	655	"DGCCE"	"Se consideran trabajos de revestimiento, cunetas y limpieza de cunetas."	TRUE
"990_San Agustín Tlaxiaca"	990	"San Agustín Tlaxiaca"	"Infraestructura Carretera"	2023	"Modernización de camino de acceso a Tilcuautla, en los municipios de Pachuca de Soto y San Agustín Tlaxiaca."	"San Juan Tilcuautla"	3070	"DGCCE"	"Considera los trabajos de excavación , construcción de base hidráulica , riego de impregnación , carpeta asfáltica , señalamiento horizontal y vertical y vertical."	TRUE
"991_San Agustín Tlaxiaca"	991	"San Agustín Tlaxiaca"	"Infraestructura Carretera"	2023	"Rehabilitación camino rural Tilcuautla - entronque carretero Benito Juárez San José Capulines, municipio de San Agustín Tlaxiaca"	"San Juan Tilcuautla"	NA	"DGIVC"	"Considera los trabajos de terracerías excavación de corte en caja, sobre acarreó de los materiales producto de las excavaciones para primer kilometro y kilometro subsecuente, compactación del terreno natural"	TRUE
"992_San Agustín Tlaxiaca"	992	"San Agustín Tlaxiaca"	"Espacios Públicos"	2024	"Mantenimiento integral de instalaciones eléctricas e instalación de circuito de seguridad en Ex-Hacienda la Concepción_2024."	"San Juan Tilcuautla"	NA	"DGRMS"	"Considera trabajos en infraestructura del Espacio Público en la localidad de San Juan Tilcuautla el municipio de Acaxochitlán."	TRUE
"993_San Agustín Tlaxiaca"	993	"San Agustín Tlaxiaca"	"Espacios Públicos"	2024	"Construcción de las oficinas centrales de la Secretaría de Contraloría."	"San Juan Tilcuautla"	NA	"DGOPI"	"Considera trabajos en infraestructura del Espacio Público en la localidad de San Juan Tilcuautla el municipio de Acaxochitlán."	TRUE
"994_San Agustín Tlaxiaca"	994	"San Agustín Tlaxiaca"	"Espacios Públicos"	2024	"Construcción de estacionamiento para las oficinas centrales de la Secretaría de Contraloría"	"San Juan Tilcuautla"	NA	"DGOPI"	"Considera trabajos en infraestructura del Espacio Público en la localidad de San Juan Tilcuautla el municipio de Acaxochitlán."	TRUE
"995_San Agustín Tlaxiaca"	995	"San Agustín Tlaxiaca"	"Espacios Públicos"	2024	"Laboratorio de Control de Calidad y Análisis de Materiales (Segunda Etapa)"	"San Juan Tilcuautla"	NA	"DGOPI"	"Considera trabajos en infraestructura del Espacio Público en la localidad de San Juan Tilcuautla el municipio de Acaxochitlán."	TRUE
"996_San Agustín Tlaxiaca"	996	"San Agustín Tlaxiaca"	"Espacios Públicos"	2025	"Infraestructura exterior del complejo Hidalgo Honesto"	"San Juan Tilcuautla"	3070	"DGEP"	NA	TRUE
"997_San Agustín Tlaxiaca"	997	"San Agustín Tlaxiaca"	"Espacios Públicos"	2024	"Rehabilitación Laboratorio Estatal de salud del Estado de Hidalgo"	"Santa Bárbara"	17	"DGCCE"	"Considera trabajos en infraestructura de salud en el municipio de San Agustín Tlaxiaca."	TRUE
"998_San Agustín Tlaxiaca"	998	"San Agustín Tlaxiaca"	"Infraestructura Carretera"	2023	"Reconstrucción de la C.E. Tecamatl (San Agustin Tlaxiaca) - Ajacuba."	"Tecamatl"	8372	"DGIVC"	"Considera trabajos para la reconstrucción y/o conservación de Infraestructura Carretera en la localidad de Tecamatl municipio de San Agustín Tlaxiaca"	TRUE
"1052_San Salvador"	1052	"San Salvador"	"Infraestructura Carretera"	2022	"Pavimentación asfáltica Donghu, Cerro Blanco, municipio de San Salvador"	"San Salvador"	1107	"DGCCE"	"Considera los trabajos de capa subbase, riego de impregnación, suministro y aplicación de riego de liga con emulsión asfáltica"	TRUE
"1068_Santiago de Anaya"	1068	"Santiago de Anaya"	"Espacios Públicos"	2024	"Construcción de celda nueva para el relleno sanitario de Santiago de Anaya."	"Santiago de Anaya"	NA	"DGOPI"	"Considera trabajos en infraestructura del Espacio Público en el municipio de Santiago de Anaya."	TRUE
"1073_Santiago de Anaya"	1073	"Santiago de Anaya"	"Infraestructura Carretera"	2023	"Rehabilitación de la carretera Yolotepec - Ejido el Mezquital; en el municipio de Santiago de Anaya."	"Yolotepec"	2764	"DGOPI"	"Considera trabajos para la reconstrucción y/o conservación de Infraestructura Carretera en la localidad de Yolotepec municipio de Santiago de Anaya"	TRUE
"1092_Tasquillo"	1092	"Tasquillo"	"Infraestructura Hídrica"	2023	"Construcción de red de distribución con tomas domiciliarias Portezuelo etapa siete de diez, Tasquillo"	"Portezuelo"	1837	"CEAA"	"Considera los trabajos de instalación de tubería, rellenos con material producto de excavación, prueba de la tubería en la comunidad."	TRUE
"1097_Tecozautla"	1097	"Tecozautla"	"Infraestructura Hídrica"	2023	"Construcción de sistema integral de agua potable para las localidades de Bomanxotha y Bothe, municipio de Tecozautla, etapa dos de tres."	"Bomanxotha"	2129	"CEAA"	"Considera los trabajos de líneas de distribución con la instalación de tubería, tomas domiciliarias. en la localidad de Bomanxotha municipio de  Tecozautla"	TRUE
"1111_Tenango de Doria"	1111	"Tenango de Doria"	"Infraestructura Carretera"	2024	"Construcción de pavimentación de concreto hidráulico en camino rural tramo Cerro Chico - San José del Valle, sub&#10;tramo uno: del 6+615.00 al 6+765.00, sub tramo dos: del 7+705.00 al 7+255.00, sub tramo tres del 11+345.00 al 11+520.00, en el municipio de Tenango de Doria."	"Cerro Chiquito"	464	"DGCCE"	"Considera los trabajos de preliminares, riego de impregnación, piso para pavimento de concreto hidráulico."	TRUE
"1125_Tenango de Doria"	1125	"Tenango de Doria"	"Infraestructura Carretera"	2025	"Construcción del puente vehicular en camino rural Cerro Chiquito a San José del Valle, en el municipio de Tenango de Doria"	"Tenango de Doria"	NA	"SIPDUS"	NA	TRUE
"1129_Tepeapulco"	1129	"Tepeapulco"	"Infraestructura Carretera"	2024	"Construye Tu Camino del tramo La Asunción en la localidad de Francisco Sarabia, en el municipio de Tepeapulco"	"Francisco Sarabia (Corralillos)"	NA	"DGCCE"	"Considera los trabajos de construcción de huellas de concreto hidráulico y empedrado en la localidad, el cual consta de terracerías y pisos de concreto."	TRUE
"1134_Tepeapulco"	1134	"Tepeapulco"	"Vialidades Urbanas"	2023	"Construcción de pavimento hidráulico en calle Mirto, en el municipio de Tepeapulco"	"Fray Bernardino de Sahagún (Ciudad Sahagún)"	NA	"DGCCE"	"Considera los trabajos de preliminares, piso para pavimento de concreto hidráulico."	TRUE
"1151_Tepehuacán de Guerrero"	1151	"Tepehuacán de Guerrero"	"Infraestructura Carretera"	2024	"Rehabilitación de la carretera de Chilijapa a Teyahuala a Texcapa, municipio de Tepehuacán de Guerrero"	"Chilijapa"	3873	NA	"Considera trabajos para la reconstrucción y/o conservación de Infraestructura Carretera en la localidad de Chilijapa municipio de Tepehuacán de Guerrero"	TRUE
"1194_Tezontepec de Aldama"	1194	"Tezontepec de Aldama"	"Infraestructura Hídrica"	2022	"Construcción de ampliación del sistema de agua potable San Gabriel, etapa dos de cinco."	"San Gabriel"	3062	"CEAA"	"Considera los trabajos de líneas de distribución con la instalación de tubería, tomas domiciliarias. en la localidad de San Gabriel municipio de  Tezontepec de Aldama"	TRUE
"1195_Tezontepec de Aldama"	1195	"Tezontepec de Aldama"	"Infraestructura Hídrica"	2023	"Construcción de ampliación del sistema de agua potable San Gabriel, etapa tres de cinco, Tezontepec de Aldama"	"San Gabriel"	3062	"CEAA"	"Considera los trabajos de líneas de distribución con la instalación de tubería, tomas domiciliarias. en la localidad de San Gabriel municipio de  Tezontepec de Aldama"	TRUE
"1211_Tizayuca"	1211	"Tizayuca"	"Infraestructura Hídrica"	2024	"Adecuación al tren de piezas de pozos del acueducto Tizayuca."	"Tizayuca"	60265	"CAASIM"	"Considera los trabajos para la rehabilitación y equipamiento de pozo el municipio deTizayuca"	TRUE
"1220_Tlahuiltepa"	1220	"Tlahuiltepa"	"Infraestructura Hídrica"	2023	"Construcción de sistema de agua potable de la localidad de Cerro Chato, municipio de Tlahuiltepa"	"Cerro Chato"	87	"CEAA"	"Considera los trabajos de líneas de distribución con la instalación de tubería, tomas domiciliarias. en la localidad de Cerro Chato municipio de  Tlahuiltepa"	TRUE
"1225_Tlahuiltepa"	1225	"Tlahuiltepa"	"Infraestructura Carretera"	2022	"Construcción de Pavimento de concreto hidráulico de acceso a cabecera, municipio de Tlahuiltepa"	"Tlahuiltepa"	NA	"DGCCE"	"Considera los trabajos de preliminares, riego de impregnación, piso para pavimento de concreto hidráulico."	TRUE
"1226_Tlahuiltepa"	1226	"Tlahuiltepa"	"Infraestructura Carretera"	2024	"Construcción de pavimento de concreto hidráulico en acceso a cabecera de Tlahuiltepa"	"Tlahuiltepa"	286	"DGCCE"	"Considera los trabajos de preliminares, riego de impregnación, piso para pavimento de concreto hidráulico."	TRUE
"1227_Tlahuiltepa"	1227	"Tlahuiltepa"	"Infraestructura Carretera"	2023	"Construcción de Pavimentación de Concreto Hidráulico del Camino Tlaxcantitla - Santa María; en el municipio de Tlahuiltepa."	"Tlaxcantitla"	1252	"DGOPI"	"Considera los trabajos de preliminares, riego de impregnación, piso para pavimento de concreto hidráulico."	TRUE
"1228_Tlahuiltepa"	1228	"Tlahuiltepa"	"Infraestructura Carretera"	2024	"Reconstrucción de concreto hidráulico de la C.E. Juárez - Tlahuiltepa, municipio de Tlahuiltepa."	"Tlaxcantitla"	193	"DGCCE"	"Considera los trabajos de preliminares, riego de impregnación, piso para pavimento de concreto hidráulico."	TRUE
"1233_Tlanalapa"	1233	"Tlanalapa"	"Infraestructura Carretera"	2024	"Pavimentación asfáltica en camino Col. Bonfil - salida a Tepeapulco, en el municipio de Tlanalapa"	"Tlanalapa"	8062	"DGIVC"	"Considera los trabajos de capa subbase, riego de impregnación, suministro y aplicación de riego de liga con emulsión asfáltica"	TRUE
"1234_Tlanalapa"	1234	"Tlanalapa"	"Infraestructura Carretera"	2025	"Ampliación y rehabilitación del tramo carretero Tlanalapa - Cd. Sahagún, acceso principal, (Primera etapa) en el municipio de Tlanalapa"	"Tlanalapa"	NA	"SIPDUS"	NA	TRUE
"1249_Tlanchinol"	1249	"Tlanchinol"	"Infraestructura Carretera"	2024	"Pavimentación hidráulica y construcción de muro de contención en la C.E. acceso a Toctitlán, municipio de Tlanchinol"	"San Salvador"	538	NA	"Considera en los trabajos la construcción de muros de contención en la Localidad de San Salvador."	TRUE
"1251_Tlanchinol"	1251	"Tlanchinol"	"Infraestructura Hídrica"	2022	"Construcción de sistema de alcantarillado (PTAR) Santa María Catzotipan (Santa María Tepetzintla) etapa diez de diez"	"Santa María Catzotipan (Santa María Tepetzintla)"	2552	"CEAA"	"Considera los trabajos para la  Construcción de la planta de tratamiento de aguas residuales en la localidad de Santa María Catzotipan municipio de Tlanchinol."	TRUE
"1254_Tlanchinol"	1254	"Tlanchinol"	"Infraestructura Carretera"	2023	"Pavimentación del Camino Rural E.C.F. Acatempa - San Salvador -Tianguis - Tlalnepanco - Tehuetlan, en el Municipio de Tlanchinol."	"Tlanchinol"	NA	"DGCCE"	"Considera los trabajos de dase hidráulica, pavimento y cunetas."	TRUE
"1256_Tlanchinol"	1256	"Tlanchinol"	"Espacios Públicos"	2024	"Remodelación de las Instalaciones de la Estación de Radio y Televisión XHIND 94.1 FM en el Municipio de Tlanchinol."	"Tlanchinol"	6117	"DGOPI"	"Considera trabajos en infraestructura del Espacio Público en el municipio de Tlanchinol."	TRUE
"1262_Tlaxcoapan"	1262	"Tlaxcoapan"	"Espacios Públicos"	2023	"Rehabilitación del Auditorio de la Comunidad de Doxey, en el municipio de Tlaxcoapan"	"Doxey"	7990	"DGCCE"	"Considera trabajos en infraestructura del Espacio Público en la localidad Doxey en el municipio de Tlaxcoapan."	TRUE
"1266_Tlaxcoapan"	1266	"Tlaxcoapan"	"Infraestructura Hídrica"	2024	"Construcción de tanque elevado capacidad de 250 m3 pozo 1 y 2 El Bojayito, Los Tepetates, municipio de Tlaxcoapan"	"Tlaxcoapan"	14689	"DGEP"	"Considera los trabajos de tanque elevado en el municipio de Tlaxcoapan."	TRUE
"1267_Tlaxcoapan"	1267	"Tlaxcoapan"	"Vialidades Urbanas"	2025	"Construcción de pavimentación hidráulica y drenaje pluvial en Av. Francisco I. Madero, en el municipio de Tlaxcoapan"	"Tlaxcoapan"	NA	"SIPDUS"	NA	TRUE
"1270_Tolcayuca"	1270	"Tolcayuca"	"Espacios Públicos"	2024	"Remodelación de campo de beisbol Vicente Guerrero, en el municipio de Tolcayuca."	"Tolcayuca"	8966	"SIPDUS"	"Considera trabajos en infraestructura deportiva en el municipio de Tolcayuca."	TRUE
"1271_Tolcayuca"	1271	"Tolcayuca"	"Infraestructura Hídrica"	2024	"Rehabilitación de planta de tratamiento de aguas residuales en Tolcayuca."	"Tolcayuca"	NA	"DGEP"	"Ejecuta trabajos para el mantenimiento y mejoramiento de la Planta de tratamiento en el municipio de Tolcayuca."	TRUE
"1283_Tula de Allende"	1283	"Tula de Allende"	"Infraestructura Hídrica"	2024	"Construcción de Pozo profundo El Varal para uso urbano de la localidad de Xochitlán de las Flores, Tula de Allende, Hgo."	"Xochitlán de las Flores"	NA	"CEAA"	"Considera los trabajos  de perforación exploratoria, preliminares (perforación), perforación y ampliación, suministro y colocación de tubería lisa de acero y ranurada."	FALSE
"1288_Tulancingo de Bravo"	1288	"Tulancingo de Bravo"	"Vivienda Asequible"	2022	"Construcción de cuarto dormitorio, en el municipio de Tulancingo de Bravo"	"Santa Ana Hueytlalpan"	NA	"DGCCE"	"Considera los trabajos de construcción de cuarto dormitorio en terreno del beneficiario."	TRUE
"1302_Tulancingo de Bravo"	1302	"Tulancingo de Bravo"	"Infraestructura Hídrica"	2024	"Estudios y proyectos para la recarga artificial de acuíferos sobreexplotados Valle de Tulancingo"	"Tulancingo de Bravo"	NA	"CEAA"	"Considera los trabajos de 1  Estudios y proyectos para la recarga artificial de acuíferos sobreexplotados Valle de Tulancingo ."	TRUE
"1359_Villa de Tezontepec"	1359	"Villa de Tezontepec"	"Vialidades Urbanas"	2024	"Rehabilitación de andadores de plaza 16 de Enero y pavimentación de concreto hidráulico de la zona Centro de la cabecera municipal, Villa de Tezontepec."	"Tezontepec"	6213	"DGOPI"	"Considera los trabajos de preliminares, riego de impregnación, piso para pavimento de concreto hidráulico."	TRUE
"1396_Yahualica"	1396	"Yahualica"	"Espacios Públicos"	2022	"Construcción del Centro de Salud en la localidad de Santa Teresa, municipio de Yahualica"	"Santa Teresa"	4941	"DGCCE"	"Considera trabajos en infraestructura de salud en el municipio de Yahualica"	TRUE
"1397_Yahualica"	1397	"Yahualica"	"Infraestructura Carretera"	2023	"Construcción de pavimentación hidráulica tramo Atlalco - Santa Teresa, en el municipio de Yahualica."	"Santa Teresa"	4941	"DGCCE"	"Considera los trabajos de preliminares y pavimento hidráulico."	TRUE
"1398_Yahualica"	1398	"Yahualica"	"Vialidades Urbanas"	2022	"Rehabilitación de la calle paso por Santa Teresa, municipio de Yahualica"	"Santa Teresa"	NA	"DGIVC"	"Considera los trabajos de preliminares, piso para pavimento de concreto hidráulico."	TRUE
"1399_Yahualica"	1399	"Yahualica"	"Infraestructura Carretera"	2024	"construcción de muro de contención en E.C. (Lolotla - Atlapexco) - Santa Teresa, municipio de Yahualica"	"Santa Teresa"	4941	"DGOPI"	"Considera en los trabajos la construcción de muros de contención en la Localidad de Santa Teresa."	TRUE
"1400_Yahualica"	1400	"Yahualica"	"Infraestructura Carretera"	2024	"Rehabilitación de C.R. Santa Teresa - Tecacalax - Crisolco, municipio de Yahualica"	"Santa Teresa"	NA	"DGOPI"	"Considera los trabajos de preliminares, revestimiento de camino en la localidad de Santa Teresa municipio de Yahualica"	TRUE
"1413_Zacualtipán de Ángeles"	1413	"Zacualtipán de Ángeles"	"Infraestructura Carretera"	2024	"Reconstrucción de la carretera ramal a Tlahuelompa (Segunda etapa), en el municipio de Zacualtipán"	"Tlahuelompa (San Francisco Tlahuelompa)"	971	"DGCCE"	"Considera los trabajos de deshierbe de zonas laterales del camino, extracción de derrumbes (limpieza de cunetas), revestimiento, compactación, pavimento de concreto asfaltico."	TRUE
"1416_Zacualtipán de Ángeles"	1416	"Zacualtipán de Ángeles"	"Vialidades Urbanas"	2023	"Pavimentación de calle cerrada de Los Girasoles, colonia López Mateos Segunda Sección, en el municipio de Zacualtipán de Ángeles"	"Zacualtipán"	NA	"DGCCE"	"Considera los trabajos de preliminares, piso para pavimento de concreto hidráulico."	TRUE
"1420_Zacualtipán de Ángeles"	1420	"Zacualtipán de Ángeles"	"Vialidades Urbanas"	2023	"Pavimentación de concreto hidráulico en calle Nicolás Bravo, colonia Cacala, en el municipio de Zacualtipán."	"Zacualtipán"	NA	"DGCCE"	"Considera los trabajos de preliminares, riego de impregnación, piso para pavimento de concreto hidráulico."	TRUE
"1421_Zacualtipán de Ángeles"	1421	"Zacualtipán de Ángeles"	"Vialidades Urbanas"	2023	"Pavimentación de calle Escuadra con Cuesta Chica, colonia La Campesina, en el municipio de Zacualtipán de Ángeles."	"Zacualtipán"	NA	"DGCCE"	"Considera los trabajos de preliminares, piso para pavimento de concreto hidráulico."	TRUE
"1422_Zacualtipán de Ángeles"	1422	"Zacualtipán de Ángeles"	"Vialidades Urbanas"	2023	"Pavimentación de calle y muro de contención San José, colonia Santa Cecilia, en el municipio de Zacualtipán de Ángeles."	"Zacualtipán"	NA	"DGCCE"	"Considera los trabajos de preliminares, piso para pavimento de concreto hidráulico."	TRUE
"1423_Zacualtipán de Ángeles"	1423	"Zacualtipán de Ángeles"	"Vialidades Urbanas"	2023	"Pavimentación de concreto hidráulico de calle Nicolás Bravo primera etapa en colonia Loma Bonita"	"Zacualtipán"	NA	"DGCCE"	"Considera los trabajos de preliminares, riego de impregnación, piso para pavimento de concreto hidráulico."	TRUE
"1435_Zapotlán de Juárez"	1435	"Zapotlán de Juárez"	"Infraestructura Hídrica"	2024	"Rehabilitación de planta de tratamiento de aguas residuales en San Pedro Huaquilpan"	"San Pedro Huaquilpan"	5175	"DGEP"	"Considera los trabajos para la rehabilitación  de la planta de tratamiento de aguas residuales en la localidad de San Pedro Huaquilpan municipio de Zapotlán de Juárez."	TRUE
"1438_Zapotlán de Juárez"	1438	"Zapotlán de Juárez"	"Vialidades Urbanas"	2023	"Construcción de pavimento hidráulico en calle Sin Nombre (La Monera) en el municipio de Zapotlán de Juárez."	"Zapotlán de Juárez"	4978	"DGIVC"	"Considera los trabajos de preliminares, piso para pavimento de concreto hidráulico."	TRUE
"1443_Zapotlán de Juárez"	1443	"Zapotlán de Juárez"	"Vialidades Urbanas"	2024	"Reconstrucción de pórtico y vialidad de acceso a la Cabecera Municipal de Zapotlán de Juárez."	"Zapotlán de Juárez"	NA	"DGOPI"	"Considera trabajos en la rehabilitación y/o mejoramiento de las vialidades urbanas en el muncipio de Zapotlán de Juárez"	TRUE
"1444_Zapotlán de Juárez"	1444	"Zapotlán de Juárez"	"Infraestructura Carretera"	2025	"Reconstrucción de la carretera intermunicipal de Zapotlán de Juárez a Tolcayuca, en el municipio de Zapotlán de Juárez"	"Zapotlán de Juárez"	NA	"SIPDUS"	NA	TRUE
"1447_Zempoala"	1447	"Zempoala"	"Vialidades Urbanas"	2022	"Construcción de pavimentación de concreto hidráulico en Antiguo Camino F.F.C.C. en Santa Matilde, municipio de Zempoala"	"Jagüey de Téllez (Estación Téllez)"	3639	"DGIVC"	"Considera los trabajos de preliminares, riego de impregnación, piso para pavimento de concreto hidráulico."	TRUE
"1448_Zempoala"	1448	"Zempoala"	"Vialidades Urbanas"	2023	"Construcción de Pavimentación Hidráulica de Av. Victoria (Hombro B); en el municipio de Zempoala."	"Privadas Santa Matilde"	17589	"DGOPI"	"Considera los trabajos de preliminares, riego de impregnación, piso para pavimento de concreto Hidráulico, en la localidad de Privadas Santa Matilde municipio de  Zempoala"	TRUE
"1449_Zempoala"	1449	"Zempoala"	"Vialidades Urbanas"	2023	"Construcción de Pavimentación Hidráulica de Av. Victoria (Hombro A); en el municipio de Zempoala."	"Privadas Santa Matilde"	NA	"DGOPI"	"Considera los trabajos de preliminares, riego de impregnación, piso para pavimento de concreto Hidráulico, en la localidad de Privadas Santa Matilde municipio de  Zempoala"	TRUE
"1461_Zempoala"	1461	"Zempoala"	"Infraestructura Hídrica"	2022	"Inversión de 129 mil pesos en construcción de línea sanitaria, en calle Vista Hermosa del municipio de Pachuca."	"Zempoala"	NA	"CAASIM"	"Considera trabajos de mejoramiento a la infraestructura sanitaria."	TRUE
"1462_Zempoala"	1462	"Zempoala"	"Infraestructura Hídrica"	2022	"Inversión de 963 mil pesos en construcción de 200 metros de colector sanitario Santa Matilde."	"Zempoala"	NA	"CAASIM"	"Considera los trabajos de excavaciones, instalación de  tubería."	TRUE
"1463_Zempoala"	1463	"Zempoala"	"Infraestructura Hídrica"	2022	"Inversión de 2.1 mdp en construcción de colector sanitario Santa Matilde, municipio de Zempoala."	"Zempoala"	NA	"CAASIM"	"Considera los trabajos de excavaciones, instalación de  tubería."	TRUE
"1465_Zempoala"	1465	"Zempoala"	"Infraestructura Hídrica"	2023	"Perforación y equipamiento de pozo Matilde 3, en el predio que ocupa la PTAR Matilde e interconexión al acueducto, municipio de Zempoala, Hidalgo."	"Zempoala"	NA	"CAASIM"	"Considera los trabajos de preliminares, perforación de pozo en la localidad de Zempoala municipio de Zempoala"	TRUE
"1466_Zempoala"	1466	"Zempoala"	"Vialidades Urbanas"	2023	"Pavimentación hidráulica en calle Emiliano Zapata, en la cabecera municipal; en el municipio de Zempoala."	"Zempoala"	7205	"DGIVC"	"Considera los trabajos de preliminares, piso para pavimento de concreto hidráulico."	TRUE
"1474_Zimapán"	1474	"Zimapán"	"Vialidades Urbanas"	2023	"Construcción de huellas de concreto hidráulico y empedrado en el municipio de Zimapán, en la localidad de Plutarco Elías Calles, Manzana Tlalpan, calle Granada y Durazno"	"Plutarco Elías Calles (Santiago)"	912	"DGIVC"	"Considera los trabajos de construcción de huellas de concreto hidráulico y empedrado en la localidad, el cual consta de terracerías y pisos de concreto."	TRUE
"1475_Zimapán"	1475	"Zimapán"	"Vialidades Urbanas"	2023	"Construcción de huellas de concreto hidráulico y empedrado en el municipio de Zimapán, en la localidad de Plutarco Elías Calles, Manzana las Lindas en calle Ciprés"	"Plutarco Elías Calles (Santiago)"	NA	"DGIVC"	"Considera los trabajos de construcción de huellas de concreto hidráulico y empedrado en la localidad, el cual consta de terracerías y pisos de concreto."	TRUE
"1476_Zimapán"	1476	"Zimapán"	"Vialidades Urbanas"	2024	"Construcción de huellas de concreto hidráulico y empedrado, en el municipio de Zimapán, en la localidad de Plutarco Elías Calles (Santiago), Manzana Las Lindas, en distintas calles"	"Plutarco Elías Calles (Santiago)"	348	"DGIVC"	"Considera los trabajos de construcción de huellas de concreto hidráulico y empedrado en la localidad, el cual consta de terracerías y pisos de concreto."	TRUE
"219_Emiliano Zapata"	219	"Emiliano Zapata"	"Infraestructura Hídrica"	2024	"Estudio y proyecto de reutilización del agua tratada para abastecer a la Zona Industrial de Emiliano Zapata (Región Altiplano)."	"Cobertura Estatal"	NA	"DGEP"	"Considera los trabajos de estudios, proyecto conceptual y proyecto ejecutivo."	TRUE
"227_Zapotlán de Juárez"	227	"Zapotlán de Juárez"	"Espacios Públicos"	2024	"Rehabilitación de la imagen urbana de la vialidad Pachuca - Actopan y Boulevard de acceso a la Concepción,           comunidad de Tilcuautla, en los municipios de Pachuca y San Agustín Tlaxiaca."	"Varias"	NA	"DGEP"	"Considera trabajos en pintura de guarniciones, colocación de adoquín, sembrado de vegetación, rodetes para arboles y rampas."	TRUE
"341_Huehuetla"	341	"Huehuetla"	"Espacios Públicos"	2023	"Habilitación de infraestructura para el manejo integral de los residuos sólidos urbanos del municipio de Huehuetla"	"Huehuetla"	6559	"DGOPI"	"Considera trabajos en infraestructura del Espacio Público en el municipio de Huehuetla."	TRUE
"345_Huehuetla"	345	"Huehuetla"	"Infraestructura Carretera"	2024	"Construcción de muros de contención en la C.E. Huehuetla - San Ambrosio, municipio de Huehuetla"	"San Ambrosio"	867	NA	"Considera los trabajos de  muros de contención."	TRUE
"361_Huejutla de Reyes"	361	"Huejutla de Reyes"	"Infraestructura Carretera"	2024	"Rehabilitación de la carretera de Mazaquilico a Coacuilco, municipio de Huejutla de Reyes"	"Coacuilco"	3369	NA	"Considera trabajos para la reconstrucción y/o conservación de Infraestructura Carretera en la localidad de Coacuilco municipio de Huejutla de Reyes"	TRUE
"371_Huejutla de Reyes"	371	"Huejutla de Reyes"	"Infraestructura Carretera"	2024	"Rehabilitación de la carretera Pachuca a Tempoal, paso por Huejutla, municipio de Huejutla de Reyes"	"Huejutla de Reyes"	NA	NA	"Considera trabajos para la reconstrucción y/o conservación de Infraestructura Carretera en la localidad de Huejutla de Reyes municipio de Huejutla de Reyes"	TRUE
"400_Ixmiquilpan"	400	"Ixmiquilpan"	"Vialidades Urbanas"	2022	"Pavimentación asfáltica en Circuito Paredes, municipio de Ixmiquilpan"	"Capula"	587	"DGCCE"	"Considera los trabajos de capa subbase, riego de impregnación, suministro y aplicación de riego de liga con emulsión asfáltica"	TRUE
"408_Ixmiquilpan"	408	"Ixmiquilpan"	"Vialidades Urbanas"	2023	"Pavimentación asfáltica en calle El Bhenu en la localidad de El Alberto, municipio de Ixmiquilpan, Hidalgo."	"El Alberto"	767	"DGCCE"	"Considera los trabajos de capa subbase, riego de impregnación, suministro y aplicación de riego de liga con emulsión asfáltica"	TRUE
"424_Ixmiquilpan"	424	"Ixmiquilpan"	"Espacios Públicos"	2024	"Rehabilitación de la Unidad Deportiva de Ixmiquilpan."	"Ixmiquilpan"	NA	NA	"Considera trabajos en infraestructura deportiva en el municipio deIxmiquilpan."	TRUE
"448_Ixmiquilpan"	448	"Ixmiquilpan"	"Infraestructura Hídrica"	2022	"Construcción de sistema de agua potable Taxadho etapa cuatro de cinco"	"Taxadho"	1639	"CEAA"	"Considera los trabajos de líneas de distribución con la instalación de tubería, tomas domiciliarias. en la localidad deTaxadho municipio de  Ixmiquilpan"	TRUE
"464_Jacala de Ledezma"	464	"Jacala de Ledezma"	"Vialidades Urbanas"	2023	"Construcción de huellas de concreto hidráulico y empedrado en la localidad de San Nicolás"	"San Nicolás"	664	"DGCCE"	"Considera los trabajos de construcción de huellas de concreto hidráulico y empedrado en la localidad, el cual consta de terracerías y pisos de concreto."	TRUE
"489_La Misión"	489	"La Misión"	"Vialidades Urbanas"	2023	"Pavimentación hidráulica de Calle Sin Nombre del Km 0+541.50 al 1+209.50 en Mesa del Huizache"	"Mesa del Huizache"	73	"DGOPI"	"Considera los trabajos de preliminares, piso para pavimento de concreto hidráulico."	TRUE
"490_La Misión"	490	"La Misión"	"Vialidades Urbanas"	2024	"Pavimentación hidráulica de calle sin nombre del km 1+239.5 al 1+850.90 en Mesa del Huizache, municipio de La Misión"	"Mesa del Huizache"	73	"DGOPI"	"Considera los trabajos de preliminares, piso para pavimento de concreto hidráulico."	TRUE
"494_Lolotla"	494	"Lolotla"	"Infraestructura Carretera"	2024	"Modernización el camino rural Xuchitlan - Toscalao, subtramo: Toscalao - Tetlapaya (Segunda Etapa), Lolotla."	"Xuchitlán"	873	NA	"Considera los trabajos de preliminares, obras de drenaje, terraplen."	TRUE
"512_Metepec"	512	"Metepec"	"Vialidades Urbanas"	2024	"Construcción de pavimento hidráulico en calle Prolongación Hidalgo en la localidad de Estación de Apulco, en el municipio de Metepec"	"Estación de Apulco"	NA	"DGOPI"	"Considera los trabajos de preliminares, piso para pavimento de concreto hidráulico."	TRUE
"526_Metztitlán"	526	"Metztitlán"	"Infraestructura Carretera"	2024	"Terminación de la construcción de pavimento de concreto hidráulico de la carretera Metztitlán - Zoquizoquipan"	"Zoquizoquipan"	404	NA	"Considera los trabajos de preliminares, riego de impregnación, piso para pavimento de concreto hidráulico."	TRUE
"539_Mineral de la Reforma"	539	"Mineral de la Reforma"	"Vialidades Urbanas"	2023	"Construcción de pavimento de concreto hidráulico en calle camino Interparcelario del Km. 0+000 al Km. 0+350, Fraccionamiento El Paraíso, municipio de Mineral de la Reforma"	"Forjadores de Pachuca"	NA	"DGIVC"	"Considera los trabajos de preliminares, riego de impregnación, piso para pavimento de concreto hidráulico."	TRUE
"582_Mineral de la Reforma"	582	"Mineral de la Reforma"	"Vialidades Urbanas"	2023	"Construcción de pavimento de concreto hidráulico en calle Diamante del Km. 0+000 al Km. 0+450, Fraccionamiento El Paraíso, municipio de Mineral de la Reforma."	"Santa María la Calera"	NA	"DGIVC"	"Considera los trabajos de preliminares, riego de impregnación, piso para pavimento de concreto hidráulico."	TRUE
"594_Mineral del Chico"	594	"Mineral del Chico"	"Vialidades Urbanas"	2023	"Pavimentación de concreto hidráulico en rodadas del camino a Cebadas, municipio de Mineral del Chico"	"Los Naranjos"	139	"DGOPI"	"Considera los trabajos de preliminares, riego de impregnación, piso para pavimento de concreto hidráulico."	TRUE
"595_Mineral del Chico"	595	"Mineral del Chico"	"Vialidades Urbanas"	2023	"Pavimentación de concreto hidráulico en rodadas del camino Naranjos - Tezahuapan, municipio de Mineral del Chico"	"Los Naranjos"	NA	"DGOPI"	"Considera los trabajos de preliminares, riego de impregnación, piso para pavimento de concreto hidráulico."	TRUE
"599_Mineral del Chico"	599	"Mineral del Chico"	"Vialidades Urbanas"	2023	"Construcción de empedrado ahogado en concreto hidráulico calle Luis Donaldo Colosio, municipio Mineral del Chico"	"Mineral del Chico"	533	"DGOPI"	"Considera los trabajos de preliminares, riego de impregnación, piso para pavimento de concreto hidráulico."	TRUE
"600_Mineral del Chico"	600	"Mineral del Chico"	"Infraestructura Carretera"	2024	"Reconstrucción de pavimento asfáltico de carretera Mineral del Chico - E.C.F. Pachuca - Huejutla"	"Mineral del Chico"	533	"DGCCE"	"Considera los trabajos de la operación de escarificación, disgregado, construcción de base hidráulica, suministro y aplicación de riego de liga con emulsión asfáltica."	TRUE
"601_Mineral del Chico"	601	"Mineral del Chico"	"Infraestructura Carretera"	2024	"Reconstrucción y rehabilitación de la Carretera La Estanzuela - Tilcuautla, municipio de Mineral del Chico."	"Mineral del Chico"	NA	"DGCCE"	"Considera trabajos para la reconstrucción y/o conservación de Infraestructura Carretera en la localidad de Mineral del Chico municipio de Mineral del Chico"	TRUE
"605_Mineral del Monte"	605	"Mineral del Monte"	"Vialidades Urbanas"	2023	"Construcción de pavimento de concreto hidráulico del camino Francisco I. Madero; en el municipio de Mineral del Monte"	"Mineral del Monte"	11149	"DGCCE"	"Considera los trabajos de preliminares, riego de impregnación, piso para pavimento de concreto hidráulico."	TRUE
"607_Mineral del Monte"	607	"Mineral del Monte"	"Vialidades Urbanas"	2024	"Rehabilitación de calles en Real del Monte, en el Municipio de Mineral del Monte."	"Mineral del Monte"	NA	"DGOPI"	"Considera los trabajos de preliminares, piso para pavimento de concreto hidráulico."	TRUE
"613_Mixquiahuala de Juárez"	613	"Mixquiahuala de Juárez"	"Vialidades Urbanas"	2023	"Rehabilitación del Circuito Av. Cuitláhuac y Av. Vicente Guerrero en la primera, sexta y séptima demarcación; en el municipio de Mixquiahuala de Juárez."	"Mixquiahuala de Juárez"	27713	"DGOPI"	"Considera trabajos en la rehabilitación y/o mejoramiento de las vialidades urbanas en la localidad de Mixquiahuala de Juárez muncipio de Mixquiahuala de Juárez"	TRUE
"614_Mixquiahuala de Juárez"	614	"Mixquiahuala de Juárez"	"Vialidades Urbanas"	2023	"Pavimentación asfáltica de calle Otomíes, en la colonia La Noria de Taxhuada, municipio de Mixquiahuala."	"Mixquiahuala de Juárez"	NA	"DGCCE"	"Considera los trabajos de capa subbase, riego de impregnación, suministro y aplicación de riego de liga con emulsión asfáltica"	TRUE
"615_Mixquiahuala de Juárez"	615	"Mixquiahuala de Juárez"	"Vialidades Urbanas"	2023	"Rehabilitación de pavimentación asfáltica de la avenida Vicente Guerrero en 1A. Demarcación Poniente, Mixquiahuala de Juárez"	"Mixquiahuala de Juárez"	NA	"DGOPI"	"Considera los trabajos de capa subbase, riego de impregnación, suministro y aplicación de riego de liga con emulsión asfáltica"	TRUE
"616_Mixquiahuala de Juárez"	616	"Mixquiahuala de Juárez"	"Vialidades Urbanas"	2024	"Construcción de pavimentación de concreto hidráulico en calle Ponciano Arriaga en la sexta demarcación en el municipio de Mixquiahuala de Juárez ."	"Mixquiahuala de Juárez"	27713	"DGOPI"	"Considera los trabajos de preliminares, riego de impregnación, piso para pavimento de concreto hidráulico."	TRUE
"624_Molango de Escamilla"	624	"Molango de Escamilla"	"Vialidades Urbanas"	2023	"Construcción de pavimentación de concreto hidráulico en Cerrada del Pípila en el Barrio Santa Cruz 2da Sección, en el municipio de Molango de Escamilla."	"Molango de Escamilla"	4995	"DGCCE"	"Considera los trabajos de preliminares, riego de impregnación, piso para pavimento de concreto hidráulico."	TRUE
"644_Omitlán de Juárez"	644	"Omitlán de Juárez"	"Vialidades Urbanas"	2025	"Construcción de pavimentación hidráulica en la Localidad de Morelos, en el municipio de Omitlán de Juárez"	"Morelos"	253	"DGIVC"	"Considera las siguientes partidas de trabajo: preliminares; excavaciones, construcción de base, mejoramiento de terreno.; pavimento de concreto"	TRUE
"839_Pachuca de Soto"	839	"Pachuca de Soto"	"Vialidades Urbanas"	2024	"Construcción de pavimentación en calle Hatsheput (Sinai), colonia Faraona, Pachuca, Hidalgo"	"Pachuca de Soto"	NA	"DGCCE"	"Considera los trabajos de preliminares, piso para pavimento de concreto hidráulico."	TRUE
